longitude,latitude,housing_median_age,total_rooms,total_bedrooms,population,households,median_income,,ocean_proximity,income_cat,,median_house_value,median_house_value prediction
-118.39,34.12,29,6447,1012,2184,960,8.2816,,<1H OCEAN,5,,500001,482296.55
-120.42,34.89,24,2020,307,855,283,5.0099,,<1H OCEAN,4,,162500,195959.03
-118.45,34.25,36,1453,270,808,275,4.3839,,<1H OCEAN,3,,204600,210025
-118.1,33.91,35,1653,325,1072,301,3.2708,,<1H OCEAN,3,,159700,172900
-117.07,32.77,38,3779,614,1495,614,4.3529,,NEAR OCEAN,3,,184000,211444
-118.04,33.93,35,1805,387,1505,366,4.1667,,<1H OCEAN,3,,151900,162504
-122.27,37.83,49,1655,366,754,329,1.375,,NEAR BAY,1,,104900,118275
-122.26,37.46,26,5067,750,1996,728,7.0001,,NEAR OCEAN,5,,500001,435491.27
-122.03,37.36,16,2697,803,1369,723,4.4699,,<1H OCEAN,3,,367400,294754.02
-117.61,33.43,24,2303,399,851,379,3.9875,,NEAR OCEAN,3,,346500,248251.06
-118.32,34.06,36,3239,722,1383,612,4.5918,,<1H OCEAN,4,,337000,421964.32
-121.23,37.96,44,2204,473,1277,435,1.5539,,INLAND,2,,59200,72822
-121.2,37.81,26,395,74,193,72,7.3718,,INLAND,5,,212500,271759
-121.91,37.24,24,5046,1001,2449,968,4.7118,,<1H OCEAN,4,,274600,265638
-118.48,34.28,35,2132,368,1128,341,5.3107,,<1H OCEAN,4,,227100,235318
-117.65,34.1,44,1526,337,831,326,3.0284,,INLAND,3,,115800,129174
-121.59,39.82,12,1958,369,875,354,2.3507,,INLAND,2,,97600,91681
-118.97,35.41,36,1896,315,937,303,3.996,,INLAND,3,,85500,98396
-118.06,33.88,17,7187,1073,3844,1068,6.5901,,<1H OCEAN,5,,337400,341938.02
-118.39,33.85,24,4373,871,1830,824,5.7128,,<1H OCEAN,4,,366200,384871.15
-117.98,33.73,18,3833,,2192,996,3.4679,,<1H OCEAN,3,,219700,201124
-118.32,33.79,35,2924,658,1675,602,3.8287,,<1H OCEAN,3,,279900,302391
-120.27,34.72,14,1289,277,693,237,3.2569,,<1H OCEAN,3,,230800,200544
-119.65,36.33,52,1257,257,624,243,2.3523,,INLAND,2,,59100,67769
-119.86,36.82,12,1488,253,675,223,4.7622,,INLAND,4,,89300,111763
-119.23,35.78,8,1612,343,1230,330,2.1806,,INLAND,2,,67200,65374
-118.35,34.16,45,1390,281,538,270,4.2212,,<1H OCEAN,3,,293800,320587.02
-120.94,37.68,4,13315,2424,6420,2289,4.2471,,INLAND,3,,162100,165544
-118.99,35.24,40,282,59,213,71,2.35,,INLAND,2,,91700,85475
-121.11,37.47,12,2263,410,913,330,3.5795,,INLAND,3,,145600,138622
-118.02,34.08,28,2769,631,2452,581,2.6071,,INLAND,2,,175900,172399
-120.17,39.33,10,614,141,195,95,0.9283,,INLAND,1,,116300,98969
-118.35,34.02,34,3978,1073,2725,1035,1.7622,,<1H OCEAN,2,,167900,158630
-123.34,39.5,15,2342,535,1064,433,1.8967,,INLAND,2,,96600,84073
-122.24,40.18,39,2191,493,1307,499,1.6483,,INLAND,2,,60800,61713
-122.03,37.36,28,2490,345,948,361,6.4913,,<1H OCEAN,5,,411900,371175.04
-117.09,32.58,12,2565,567,1785,545,3.0273,,NEAR OCEAN,3,,135300,135670
-118.33,34.18,45,1552,315,785,316,3.7411,,<1H OCEAN,3,,235500,228375
-121.44,38.53,37,1951,432,1089,411,2.3272,,INLAND,2,,80600,86746
-119.7,34.43,35,1402,369,654,385,2.6205,,<1H OCEAN,2,,318800,327740.11
-117.15,34.22,10,1039,174,317,109,7.2371,,INLAND,5,,171900,252486
-118.37,33.87,18,2516,485,1128,433,5.0114,,<1H OCEAN,4,,338600,333195.01
-118.01,33.85,29,3061,612,2396,640,4.6326,,<1H OCEAN,4,,195200,205197
-122.32,37.94,47,1911,283,697,275,6.2712,,NEAR BAY,5,,267700,329485.03
-117.96,33.94,34,2228,399,1159,378,4.8906,,<1H OCEAN,4,,228900,201168
-117.96,34.14,33,1994,405,993,403,3.766,,INLAND,3,,163900,162403
-117.55,34,17,3583,700,1587,719,2.6979,,INLAND,2,,75000,114904
-122.28,37.86,41,2214,550,1213,568,2.2845,,NEAR BAY,2,,153100,159661
-117.43,34.07,18,2453,537,1503,500,2.3768,,INLAND,2,,95300,108263
-117.21,33.34,10,5294,817,2312,810,5.4563,,<1H OCEAN,4,,325700,317055.03
-120.68,37.47,33,1028,226,658,197,2.3043,,INLAND,2,,66300,94084
-122.83,38.96,15,1318,296,567,276,1.8692,,INLAND,2,,93800,85092
-122.22,37.37,26,440,202,322,218,5.1831,,NEAR OCEAN,4,,350000,417709.36
-116.87,32.75,15,2053,321,993,309,5.5164,,<1H OCEAN,4,,248900,191640
-118.39,33.79,30,4402,563,1582,551,10.898,,NEAR OCEAN,5,,500001,500001
-117.13,32.74,46,3355,768,1457,708,2.6604,,NEAR OCEAN,2,,170100,167338
-122.45,37.74,38,5688,930,2263,908,6.203,,NEAR BAY,5,,346800,419681.28
-122.47,38.29,14,3732,846,1277,775,2.5658,,NEAR BAY,2,,208000,194911
-122.54,37.95,38,2310,400,971,386,5.697,,NEAR BAY,4,,435700,392842.03
-123.1,38.79,20,3109,712,1643,638,2.8344,,<1H OCEAN,2,,164400,143003
-117.07,32.56,9,3648,895,3293,840,3.0992,,NEAR OCEAN,3,,142600,156012
-118.43,34.08,46,778,90,238,93,15.0001,,<1H OCEAN,5,,500001,475927.71
-122.05,36.97,16,3363,611,1603,556,4.2542,,NEAR OCEAN,3,,294100,278865
-122.25,37.49,43,2607,477,1225,461,4.224,,NEAR OCEAN,3,,349600,343684.01
-117.87,34.14,30,2495,586,1139,559,2.9375,,INLAND,2,,209200,162335
-118.2,34.05,42,1703,586,2490,581,2.02,,<1H OCEAN,2,,147200,141716
-121.32,37.94,36,40,10,64,14,2.625,,INLAND,2,,55000,185648.2
-120.96,38.66,11,2339,436,1062,380,3.9036,,INLAND,3,,180800,162599
-120.43,34.96,24,2739,414,1171,413,4.8155,,<1H OCEAN,4,,162900,218216.02
-122.28,37.9,52,2003,250,658,244,10.0825,,NEAR BAY,5,,397000,495415.95
-122,37.08,17,4154,739,2149,693,5.5919,,NEAR OCEAN,4,,373400,305957
-118.34,33.87,34,1069,217,601,212,4.6406,,<1H OCEAN,4,,255900,290194
-118.52,34.21,36,1328,287,823,273,4.5648,,<1H OCEAN,4,,193700,211181
-118.22,34.09,42,1706,488,1941,447,2.5213,,<1H OCEAN,2,,149700,153046
-118.27,34.1,51,3149,519,1082,510,6.4459,,<1H OCEAN,5,,421600,460311.44
-117.58,34.02,4,5998,1092,3182,1042,5.2692,,INLAND,4,,174800,181588
-118.22,34.08,31,394,117,573,131,1.8173,,<1H OCEAN,2,,154200,149949
-121.78,36.93,21,2794,662,2236,565,2.4053,,<1H OCEAN,2,,178400,156392
-117.36,33.18,39,1546,291,833,308,2.8893,,NEAR OCEAN,2,,185400,231271
-119.01,35.36,24,1941,484,1277,435,1.056,,INLAND,1,,51600,56950
-117.81,34.11,21,3481,808,1866,746,3.6201,,INLAND,3,,150400,170761
-118.1,34.02,33,1143,172,508,174,4.9107,,<1H OCEAN,4,,279900,197660
-117.03,32.96,16,3424,698,1940,645,4.121,,<1H OCEAN,3,,182100,176194
-122.23,39.75,16,2026,396,1031,382,1.9375,,INLAND,2,,73100,80344
-121.96,37.1,20,922,155,361,135,6.3617,,<1H OCEAN,5,,331500,322859
-121.06,39.04,15,1999,287,585,246,5.5161,,INLAND,4,,361900,194333
-118.1,34.09,46,2822,525,1434,520,3.8906,,<1H OCEAN,3,,238300,236153
-118.32,33.95,44,2131,360,1040,330,5.0912,,<1H OCEAN,4,,169800,219396
-122.21,37.44,35,1140,193,486,199,4.6908,,NEAR OCEAN,4,,500001,332820.16
-118.19,34.1,39,2054,423,1205,403,4.239,,<1H OCEAN,3,,213000,217599
-122.38,40.09,16,2077,388,1155,389,3.1361,,INLAND,3,,84800,102538
-117.3,33.06,31,2128,520,1049,485,4.027,,NEAR OCEAN,3,,290000,362166.16
-122.13,37.71,44,1421,298,609,270,3.5781,,NEAR BAY,3,,180000,184940
-118.29,33.98,44,2261,555,1348,455,1.9125,,<1H OCEAN,2,,97200,110668
-121.53,39.52,30,1030,161,448,159,2.4821,,INLAND,2,,73800,70007
-120.47,34.65,16,2549,428,1486,432,4.2875,,NEAR OCEAN,3,,150700,179536
-118.3,34,52,1718,354,1026,312,2,,<1H OCEAN,2,,128000,113776
-118.22,33.8,33,1984,477,1764,440,3.875,,NEAR OCEAN,3,,165100,173247.02
-118.27,33.97,39,2569,688,2601,630,2.0754,,<1H OCEAN,2,,101400,111565
-118.34,34.06,52,1311,310,707,290,3.4812,,<1H OCEAN,3,,432800,389872.1
-119.21,34.18,13,6103,1319,2986,1212,3.9718,,NEAR OCEAN,3,,215200,255816.08
-117.83,33.81,24,3550,895,2828,834,2.8403,,<1H OCEAN,2,,225600,183767
-118.85,34.18,11,5873,1455,3089,1365,3.5504,,<1H OCEAN,3,,173800,226874
-118.37,36.19,10,443,111,48,21,3.125,,INLAND,3,,71300,85920.01
-121.85,37.39,15,8748,1547,4784,1524,5.8322,,<1H OCEAN,4,,276600,274082.01
-118.37,33.85,25,5622,998,2537,1009,5.785,,<1H OCEAN,4,,395300,329385.01
-118.96,35.37,32,1025,259,874,236,1.9612,,INLAND,2,,53400,57129
-120.64,35.65,9,3466,673,2356,619,2.9926,,<1H OCEAN,2,,158200,161416
-118.41,34.19,42,779,145,450,148,3.9792,,<1H OCEAN,3,,193800,204864
-122.53,37.95,22,7446,1979,2980,1888,3.5838,,NEAR BAY,3,,271300,264510.04
-117.33,34.15,28,1473,333,1196,312,1.6993,,INLAND,2,,67800,72501
-117.23,33.57,6,13724,2269,5860,1986,3.9617,,<1H OCEAN,3,,183000,186913
-120.44,37.28,12,2855,598,1658,586,2.3929,,INLAND,2,,81100,99288
-117.2,33.7,23,6323,1196,1984,1124,2.3276,,<1H OCEAN,2,,92400,133489
-121.34,38.64,12,2772,578,1335,565,3.8068,,INLAND,3,,161000,139277
-117.28,34.12,36,2991,822,2378,751,1.3571,,INLAND,1,,70600,72074
-119.48,36.5,32,3451,625,1968,574,2.9554,,INLAND,2,,110300,75650
-122.04,37.04,17,4977,994,1987,947,3.8854,,NEAR OCEAN,3,,312300,256146.01
-118.45,34.03,39,1657,402,931,363,3.7813,,<1H OCEAN,3,,336300,390762.34
-117.47,33.92,18,3869,773,2500,726,3.6583,,INLAND,3,,126100,125715
-121.94,37.75,16,5121,735,2464,761,6.6204,,<1H OCEAN,5,,296100,313842.02
-117.28,34.51,10,4676,884,2845,812,3.0181,,INLAND,3,,100400,100415
-120.95,35.44,30,6346,1410,1769,887,2.6864,,NEAR OCEAN,2,,283600,247829.01
-117.9,33.97,23,7353,1255,4014,1124,5.4155,,<1H OCEAN,4,,213200,265046
-120.77,38.38,15,4221,816,1737,743,2.3125,,INLAND,2,,128600,117051
-116.93,32.8,19,1867,538,1219,468,2.0685,,<1H OCEAN,2,,130000,125660
-118.13,33.81,34,1903,343,928,349,5.395,,<1H OCEAN,4,,241900,258365
-117.4,33.95,46,2189,423,866,389,3.1384,,INLAND,3,,111500,125728
-122.07,37.96,34,1692,290,836,289,5.0172,,NEAR BAY,4,,197100,209437
-123.71,39.88,42,1518,383,656,303,1.4952,,NEAR OCEAN,1,,69800,95801
-122.72,38.58,4,7042,1100,2936,1043,5.0555,,<1H OCEAN,4,,240800,220265
-117.77,33.72,9,2153,316,954,324,7.8139,,<1H OCEAN,5,,304700,350343.01
-117.93,34.07,34,1409,305,819,273,3.3977,,<1H OCEAN,3,,188800,196671
-118.41,34.07,52,1202,142,408,138,15.0001,,<1H OCEAN,5,,500001,499493.97
-120.07,36.97,28,1563,403,1564,408,1.5662,,INLAND,2,,48000,52880
-119.27,36.05,29,1016,174,481,140,2.2917,,INLAND,2,,112500,68095
-120.82,37.05,15,1385,288,775,255,1.933,,INLAND,2,,140600,86362
-121.43,38.54,42,3321,688,1346,658,2.4618,,INLAND,2,,101300,99925
-120.44,34.96,30,1685,315,1290,368,3.4722,,<1H OCEAN,3,,112500,149865
-120.35,37.95,13,2104,407,960,401,2.4,,INLAND,2,,177000,111671
-118.17,33.95,23,1991,584,1380,535,1.9107,,<1H OCEAN,2,,181900,162570
-121.57,39.5,31,2023,469,1073,436,1.5714,,INLAND,2,,56100,56818
-117.82,33.88,18,1982,300,1027,324,7.0526,,<1H OCEAN,5,,327500,288758.01
-121.9,37.44,4,1646,408,853,410,5.0821,,<1H OCEAN,4,,265500,228949
-121.45,38.54,38,1865,384,1052,354,1.7891,,INLAND,2,,60500,69333
-119.81,36.83,19,6789,1200,2325,1109,4.049,,INLAND,3,,126000,118531
-118.36,33.8,34,2629,369,966,375,10.1241,,NEAR OCEAN,5,,500001,499285.99
-117.68,33.59,8,2327,263,899,236,14.9009,,<1H OCEAN,5,,500001,492885.46
-118.04,33.88,17,4807,838,3059,853,5.7619,,<1H OCEAN,4,,297300,277894
-118.43,34.01,41,1527,279,746,285,6.4232,,<1H OCEAN,5,,446600,425187.3
-122.71,38.5,15,5645,830,2324,769,6.6104,,<1H OCEAN,5,,330900,329202.04
-121.83,36.6,30,2748,502,1491,535,4.3472,,<1H OCEAN,3,,185000,223562
-120.82,35.31,16,3924,699,1325,638,2.5172,,NEAR OCEAN,2,,293900,221513.02
-120.06,36.95,24,646,134,454,149,2.125,,INLAND,2,,61900,64215.97
-122.14,37.68,31,3184,716,1561,628,2.7955,,NEAR BAY,2,,183100,167526
-116.46,33.78,25,1137,414,604,240,1.3801,,INLAND,1,,55000,80917
-121.09,38.19,23,762,140,358,141,2.4545,,INLAND,2,,105000,114648
-121.32,38.57,15,3369,499,1733,470,5.31,,INLAND,4,,127500,172272
-120.99,37.66,30,1718,395,914,400,1.933,,INLAND,2,,107000,88449
-122.22,37.79,37,2343,574,1608,523,2.1494,,NEAR BAY,2,,132500,126982
-122.47,37.78,52,2169,522,1220,505,3.1989,,NEAR BAY,3,,446900,418248.04
-117.91,33.61,40,2790,531,952,424,4.8,,<1H OCEAN,4,,500001,427602.4
-121.53,39.06,20,561,109,308,114,3.3021,,INLAND,3,,70800,106573
-117.04,32.83,8,2205,348,777,341,6.0266,,<1H OCEAN,5,,177400,291825.06
-118.13,34.11,52,2568,345,1102,345,9.1373,,<1H OCEAN,5,,500001,492899.86
-122.32,38.06,4,7999,1611,3596,1396,5.0969,,NEAR BAY,4,,174200,193816
-121.73,37.68,17,20354,3493,8768,3293,5.4496,,INLAND,4,,238900,226898
-118.98,35.4,36,1864,331,1052,325,3.4205,,INLAND,3,,76600,82432
-121.9,37.25,28,2714,502,1389,490,5.7385,,<1H OCEAN,4,,240400,302672.01
-121.3,38.69,13,2135,429,779,432,3.6995,,INLAND,3,,134900,129854
-115.64,32.75,19,377,69,198,55,1.625,,INLAND,2,,112500,77287
-117.89,33.76,34,1050,210,723,201,4.8,,<1H OCEAN,4,,192700,192851
-118.36,33.92,46,1231,231,793,256,4.1023,,<1H OCEAN,3,,226800,215932
-117.06,32.58,11,2879,679,2098,673,3.5125,,NEAR OCEAN,3,,142400,136963
-115.49,32.67,25,2322,573,2185,602,1.375,,INLAND,1,,70100,68151
-117.31,34.09,34,1336,345,1009,311,1.608,,INLAND,2,,73700,71106
-121.03,39.21,28,2843,535,1310,525,3.2337,,INLAND,3,,123100,146769
-117.05,32.72,35,1777,369,1158,353,3.4107,,NEAR OCEAN,3,,117000,129613
-117.95,33.92,18,2825,660,1590,643,3.6106,,<1H OCEAN,3,,153600,184792
-119.01,35.31,19,7092,1517,4101,1436,2.1006,,INLAND,2,,74800,74177
-119.17,34.27,18,8010,1539,3982,1483,4.0905,,NEAR OCEAN,3,,236500,239402.02
-118.07,34.14,42,3200,685,1668,628,3.375,,INLAND,3,,260400,235833
-122.23,38.1,46,4143,895,2240,847,2.4201,,NEAR BAY,2,,92800,124368
-117.75,34.06,52,62,9,44,16,0.4999,,INLAND,1,,112500,335054.37
-118.27,33.81,42,865,208,811,218,3.8621,,<1H OCEAN,3,,165300,171136
-121.32,38,21,1795,482,1114,472,2.0091,,INLAND,2,,101500,94929
-118.99,36.06,19,2153,458,1317,386,1.7564,,INLAND,2,,42600,56499
-122.37,40.54,28,2213,390,1096,378,3.6923,,INLAND,3,,86900,108263
-120.39,37.98,52,1056,274,584,255,2.1513,,INLAND,2,,86700,101115
-118.33,34.11,48,1601,464,784,461,3.0642,,<1H OCEAN,3,,342900,307926.04
-118.08,33.89,37,1152,259,981,225,3.2857,,<1H OCEAN,3,,153600,161120
-117.25,33.36,6,3725,960,2833,915,2.3214,,<1H OCEAN,2,,247000,146362.01
-119.15,36.29,18,1435,,657,254,2.4281,,INLAND,2,,72500,77637
-117.63,33.94,36,447,95,2886,85,4.2578,,INLAND,3,,183300,187072.08
-118.55,34.19,18,5862,,3161,1280,3.1106,,<1H OCEAN,3,,170600,223281.02
-117.89,33.71,16,1591,225,926,239,6.2452,,<1H OCEAN,5,,266300,259018
-117.69,33.66,5,4246,689,1933,722,6.9501,,<1H OCEAN,5,,225700,305875.01
-118.35,33.88,25,1459,362,1150,354,3.35,,<1H OCEAN,3,,237500,247649
-118.09,34.16,45,2199,358,942,353,5.0393,,INLAND,4,,321100,339838
-121.05,39.11,7,2767,423,1143,382,3.6333,,INLAND,3,,170200,171521
-118.21,34.1,40,1684,316,795,330,5.2723,,<1H OCEAN,4,,218300,321372.01
-119.04,36.07,17,2623,659,1912,618,1.5893,,INLAND,2,,52000,62678
-117.3,34.15,33,1607,282,608,260,4.3438,,INLAND,3,,115000,136982
-117.75,34.06,44,477,135,502,117,2.0156,,INLAND,2,,112500,101801
-114.61,33.62,16,1187,261,1115,242,2.1759,,INLAND,2,,61500,61247
-117.61,34.13,21,8416,1386,4308,1341,4.4611,,INLAND,3,,164600,169082
-118.11,34.05,23,3436,565,1729,529,5.9941,,<1H OCEAN,4,,266700,312607.09
-118.95,35.26,24,1341,214,667,184,4,,INLAND,3,,94500,95376
-118.35,33.9,25,3309,902,2299,837,3.0417,,<1H OCEAN,3,,237000,216391
-122.89,38.93,20,1214,247,504,223,2.7188,,<1H OCEAN,2,,105700,186389
-121.89,36.6,40,626,164,337,150,2.7917,,<1H OCEAN,2,,225000,219187
-118.31,34.26,34,1797,363,948,363,4.1339,,<1H OCEAN,3,,187300,224710
-122.01,37.25,31,1574,193,551,191,10.2311,,<1H OCEAN,5,,500001,500001
-118.37,34.04,43,888,170,514,161,3.1827,,<1H OCEAN,3,,202800,255663.01
-117.19,32.76,52,1294,175,434,180,5.7914,,NEAR OCEAN,4,,500001,352736.13
-119.71,36.8,17,2056,366,1259,367,3.9338,,INLAND,3,,84700,91347
-117.28,34.68,28,1932,421,1156,404,1.8958,,INLAND,2,,55600,82662
-120.84,35.32,15,2419,538,1279,522,3.4762,,NEAR OCEAN,3,,189600,228307
-118.13,34.02,43,396,91,261,73,2.9044,,<1H OCEAN,2,,172900,171733
-117.02,33.6,7,1972,352,964,317,3.244,,INLAND,3,,337200,146539.01
-116.97,32.76,33,3071,466,1348,513,6.1768,,<1H OCEAN,5,,228900,331978.03
-117.71,33.61,26,3046,726,888,663,2.6848,,<1H OCEAN,2,,74100,123609
-121.58,39.79,19,2636,523,1184,465,2.7863,,INLAND,2,,108600,98775
-118.24,34.15,19,4852,1465,3171,1332,2.5924,,<1H OCEAN,2,,192900,221944
-122.68,38.44,29,2796,588,1346,562,2.9107,,<1H OCEAN,2,,169700,173813
-118.14,33.84,43,2107,439,876,429,3.2024,,<1H OCEAN,3,,339400,220322
-117.88,34.1,32,3357,621,1696,604,4.2685,,<1H OCEAN,3,,216600,189334
-117.67,33.44,25,2994,519,903,410,6.6852,,<1H OCEAN,5,,500001,308711.08
-120.47,34.64,16,1912,406,1009,417,3.4063,,NEAR OCEAN,3,,138000,192984
-122.22,37.47,23,7740,1943,4124,1743,3.3268,,NEAR OCEAN,3,,322800,318435.12
-122.25,37.86,52,1709,318,719,295,5.0463,,NEAR BAY,4,,456300,289812.01
-118.11,34.06,30,1547,436,1700,410,2.5488,,<1H OCEAN,2,,187500,176167
-122.2,39.52,39,2551,482,1181,437,2.0625,,INLAND,2,,63400,64705
-119.9,36.58,20,1935,363,1319,359,2.4814,,INLAND,2,,74600,69276
-118.26,33.79,42,1162,264,1044,241,3.5488,,<1H OCEAN,3,,205600,166047
-122.51,37.53,17,1574,262,672,241,7.2929,,NEAR OCEAN,5,,355800,394871.3
-118.37,33.93,46,442,88,255,94,4.4474,,<1H OCEAN,3,,246900,235215.01
-118.31,33.99,48,2235,433,1363,433,1.6559,,<1H OCEAN,2,,101400,112483
-117.94,33.65,15,2016,443,1015,419,5.2732,,<1H OCEAN,4,,209700,231669
-118.46,34,44,941,230,493,206,3.6458,,<1H OCEAN,3,,325800,355688.11
-122.33,37.95,46,1543,339,777,322,4.0927,,NEAR BAY,3,,142600,152620
-117.67,34.05,6,2833,628,1717,589,3.2062,,INLAND,3,,167500,130671
-118.05,33.94,34,495,120,527,130,1.9453,,<1H OCEAN,2,,149000,143313
-118.27,33.89,32,1969,397,1349,370,4.4659,,<1H OCEAN,3,,138100,172075
-117.16,33.57,2,20391,3245,7132,2716,3.9443,,<1H OCEAN,3,,187300,211942.03
-118.46,34.03,27,1965,631,1042,596,2.75,,<1H OCEAN,2,,327300,351348.05
-122.44,37.77,52,5604,1268,2023,1196,4.4085,,NEAR BAY,3,,400000,452347.51
-122.03,37.6,24,2077,383,1488,389,4.5721,,NEAR BAY,4,,214700,207399
-117.96,34.71,32,3511,646,1733,510,3.46,,INLAND,3,,123900,98017
-117.83,34.01,16,9446,1650,4911,1534,5.0111,,<1H OCEAN,4,,212900,245585
-118.62,34.2,29,2421,402,1120,388,5.0309,,<1H OCEAN,4,,244800,236487
-121.45,38.62,37,1534,315,1147,322,2.5643,,INLAND,2,,59800,86926
-122.48,37.71,39,3615,632,1571,615,5.1149,,NEAR OCEAN,4,,314200,333921.07
-123.22,39.15,45,1348,265,639,270,3.3667,,<1H OCEAN,3,,115200,122517
-122.11,37.39,36,1660,261,655,249,6.3967,,NEAR BAY,5,,500001,390126.11
-117.71,33.47,17,2681,454,830,410,5.5507,,<1H OCEAN,4,,345700,295245.06
-118.07,33.87,18,3405,556,1945,509,5.7652,,<1H OCEAN,4,,299100,289979.01
-122.11,37.66,29,2544,643,2332,603,3.2091,,NEAR BAY,3,,150000,191510
-117.93,34.04,30,1336,239,905,253,4.8854,,<1H OCEAN,4,,178100,185252
-122.03,37.39,34,2600,650,1994,650,4.0223,,<1H OCEAN,3,,250200,250076
-118.35,33.9,31,1547,,956,287,3.4698,,<1H OCEAN,3,,225000,231810
-117.13,32.72,9,2436,720,1780,653,1.8299,,NEAR OCEAN,2,,137500,133308
-121.66,36.82,17,3921,654,1895,641,5.0092,,<1H OCEAN,4,,238700,253881
-118.13,34.05,35,3229,616,1879,595,3.9531,,<1H OCEAN,3,,268400,257977
-118.28,34.05,41,1788,774,2931,702,1.4413,,<1H OCEAN,1,,158900,185576
-118.17,34.1,25,4444,647,1922,652,8.058,,<1H OCEAN,5,,477300,454691.47
-121.33,37.97,36,1953,492,999,371,2.0043,,INLAND,2,,90800,81340
-117.23,32.74,16,1953,404,798,385,4.8167,,NEAR OCEAN,4,,169800,256469.01
-121.29,38.6,29,1276,225,600,223,4.0938,,INLAND,3,,109100,151825
-117.95,34.04,36,1044,200,982,205,4.7679,,<1H OCEAN,4,,153900,167820
-121.83,36.61,26,3723,789,2563,747,3.4531,,<1H OCEAN,3,,133100,198528
-119.21,34.26,26,2406,411,1313,391,4.9079,,NEAR OCEAN,4,,234100,236333.02
-118.29,33.91,28,1501,446,1028,418,2.3043,,<1H OCEAN,2,,177500,141188
-118.74,34.26,27,3467,545,1798,493,4.8717,,<1H OCEAN,4,,204100,221375.01
-118.2,33.96,44,2144,477,1760,452,2.3221,,<1H OCEAN,2,,161600,152625
-117.93,33.65,29,1253,375,1198,362,3.5179,,<1H OCEAN,3,,225000,258488.02
-124.09,40.88,31,1982,495,1052,467,1.5326,,NEAR OCEAN,2,,74100,72193
-121.39,38.56,19,8507,1470,3517,1453,4.3644,,INLAND,3,,137400,159804
-117.33,34.13,30,2335,363,1214,311,2.2449,,INLAND,2,,93200,82524
-118.75,34.33,27,534,85,243,77,8.2787,,<1H OCEAN,5,,330000,422838.48
-118.1,33.93,36,1124,217,707,234,4.375,,<1H OCEAN,3,,174500,174739
-118.49,34.25,33,2088,383,960,362,4.3333,,<1H OCEAN,3,,232900,239293
-117.69,34.06,29,873,226,649,198,2.7986,,INLAND,2,,114400,133532
-117.06,32.57,18,1384,311,1429,287,1.3362,,NEAR OCEAN,1,,95000,106485
-118.46,34.29,24,3668,890,3151,810,3.0526,,<1H OCEAN,3,,183300,185761
-121.74,38.55,33,6861,1820,3717,1767,1.7311,,INLAND,2,,182600,98636
-116.89,33.73,15,2094,316,937,277,5.3623,,INLAND,4,,201300,170998
-121.89,37.25,26,1741,323,1007,339,4.7069,,<1H OCEAN,4,,234800,237838
-122.15,37.72,31,1616,372,739,379,2.9097,,NEAR BAY,2,,210900,169807
-119.29,34.26,32,3295,764,1344,600,3.6007,,NEAR OCEAN,3,,395500,255852.01
-118.19,33.89,38,4018,986,3702,927,2.9293,,<1H OCEAN,2,,113600,145997
-117.66,34.06,24,4043,952,2174,859,2.2244,,INLAND,2,,114900,131281
-118.06,33.8,20,1379,333,937,304,3.6217,,<1H OCEAN,3,,195300,203471
-118,33.95,35,1431,210,505,213,6.8109,,<1H OCEAN,5,,401000,366343.17
-117.95,33.84,18,3418,815,1961,773,3.65,,<1H OCEAN,3,,171400,181102
-117.88,33.9,21,3180,434,1413,391,6.5945,,<1H OCEAN,5,,277300,314730.07
-118.12,34.11,48,2124,319,785,319,5.2131,,<1H OCEAN,4,,359600,342693.03
-120.99,37.69,25,2773,384,1060,381,6.4788,,INLAND,5,,199400,265984
-118.37,33.91,41,1869,427,1334,435,3.9355,,<1H OCEAN,3,,227800,261132
-121.74,36.47,28,1973,343,970,349,4.25,,<1H OCEAN,3,,279100,232494
-122.19,37.48,35,7067,1646,5380,1597,4.1776,,NEAR BAY,3,,265300,358366.28
-116.95,32.78,20,3425,448,1489,443,6.2552,,<1H OCEAN,5,,296400,288577
-117.8,33.76,27,2655,345,1017,335,6.9014,,<1H OCEAN,5,,366800,345903.02
-115.54,32.79,23,1712,403,1370,377,1.275,,INLAND,1,,60400,59916
-118.43,34.17,35,2922,507,1130,485,5.451,,<1H OCEAN,4,,341800,372312.21
-120.69,35.49,16,2666,450,1203,429,4.1375,,<1H OCEAN,3,,222400,226447
-118.32,33.94,37,2740,504,1468,479,4.5368,,<1H OCEAN,4,,168800,182949
-121.18,37.96,35,411,74,193,59,2.5625,,INLAND,2,,146900,134416
-121.33,37.96,42,1619,340,906,339,2.5488,,INLAND,2,,80300,79845
-119.95,36.96,18,1996,379,1327,356,2.6087,,INLAND,2,,96000,75237
-118.47,34,42,1271,301,574,312,3.1304,,<1H OCEAN,3,,340500,376870.12
-124.09,40.88,26,2683,555,1353,526,2.4321,,NEAR OCEAN,2,,82100,88926
-117.19,33.64,12,1481,265,757,243,3.235,,<1H OCEAN,3,,210700,208359.12
-120.64,40.41,50,1741,424,987,383,1.5066,,INLAND,2,,59300,62426
-119.72,34.42,52,1759,387,980,402,4.0125,,NEAR OCEAN,3,,261000,291794.01
-115.49,32.69,17,1960,389,1691,356,1.899,,INLAND,2,,64000,75897
-118.1,34.11,49,3367,523,1317,495,6.706,,<1H OCEAN,5,,351400,441424.53
-122.82,38.39,32,1437,257,752,245,4.7422,,<1H OCEAN,4,,240900,269294
-118.34,34.12,41,3257,679,1237,638,4.2415,,<1H OCEAN,3,,409600,476158.72
-118.29,34,44,1753,387,1165,380,2.1354,,<1H OCEAN,2,,105800,116100
-121.44,38.73,25,1287,224,727,236,4.7396,,INLAND,4,,135500,172806
-117.22,32.83,31,3958,727,1924,728,5.4605,,NEAR OCEAN,4,,190200,272784.06
-122.63,38.26,7,7808,1390,3551,1392,4.6069,,<1H OCEAN,4,,202300,224285
-118.17,34.18,38,1280,231,828,237,4.375,,<1H OCEAN,3,,166700,218868.01
-124.17,40.79,43,2285,479,1169,482,1.9688,,NEAR OCEAN,2,,70500,77363
-118.37,34.15,29,2630,617,1071,573,3.3669,,<1H OCEAN,3,,376100,350155.05
-118.93,34.82,24,806,168,323,136,3.5,,INLAND,3,,113900,116273
-122.24,37.47,35,2283,491,1148,436,4.5556,,NEAR OCEAN,4,,318600,351514.03
-122.26,37.85,50,1120,283,697,264,2.125,,NEAR BAY,2,,140000,143218
-118.04,33.99,36,3531,754,1613,697,3.2359,,<1H OCEAN,3,,198600,195701
-117.92,33.92,19,2181,400,1272,337,5.1952,,<1H OCEAN,4,,302100,249651
-116.51,33.89,21,1284,306,537,233,1.95,,INLAND,2,,61000,79815
-117.94,33.84,25,4016,831,2166,774,3.1884,,<1H OCEAN,3,,135400,192962
-122.07,38.24,15,7937,1635,4390,1567,3.5464,,INLAND,3,,129800,151502
-118.25,33.93,42,657,147,526,132,2.5,,<1H OCEAN,2,,110200,106702
-118.86,34.22,26,1932,280,886,289,5.0855,,<1H OCEAN,4,,232200,253811.06
-121.47,38.72,26,1708,299,911,290,4.0227,,INLAND,3,,99800,103742
-118.2,33.92,36,414,104,477,130,3.6719,,<1H OCEAN,3,,130400,127735
-122.13,37.7,21,4124,1054,2162,998,2.6321,,NEAR BAY,2,,223100,178077
-122.01,37.27,28,3825,473,1415,480,10.675,,<1H OCEAN,5,,500001,500001
-124.08,40.94,18,1550,345,941,335,2.3147,,NEAR OCEAN,2,,70100,94254
-118.31,34.26,36,1882,453,1005,409,3.8,,<1H OCEAN,3,,217100,235197
-117.29,33.2,16,2150,461,1428,407,2.4754,,NEAR OCEAN,2,,157300,156369
-117.72,33.54,13,4866,812,1909,733,4.9821,,<1H OCEAN,4,,244800,253315.02
-118.46,34.25,33,2202,433,1135,407,4.2143,,<1H OCEAN,3,,224200,217632
-120.73,39.63,17,1791,356,432,190,3.8826,,INLAND,3,,92400,123588
-122.54,38.36,40,2725,531,1167,458,3.7969,,<1H OCEAN,3,,202800,196296
-122.91,39.17,44,202,42,142,39,4.35,,INLAND,3,,68300,186769
-117.27,34.16,32,2894,427,1151,446,6.2236,,INLAND,5,,159700,255653.02
-118.23,33.93,36,501,123,487,118,1.3,,<1H OCEAN,1,,87000,99219
-117.34,34.13,29,331,85,341,107,0.7069,,INLAND,1,,70300,93626.01
-118.13,33.79,29,2937,524,1132,528,4.6133,,NEAR OCEAN,4,,500001,301102.06
-120.47,34.63,23,2441,463,1392,434,3.7917,,NEAR OCEAN,3,,142200,170401
-119.32,36.2,25,1427,246,772,221,2.2262,,INLAND,2,,64500,73251
-118.4,34.03,24,1101,318,491,287,3.2222,,<1H OCEAN,3,,319400,341991.09
-122.99,39.02,14,1582,301,851,273,3.45,,<1H OCEAN,3,,164100,123216
-117.99,33.72,14,2127,537,1338,475,3.628,,<1H OCEAN,3,,188500,198123
-117.13,32.76,29,2568,682,1191,642,2.1094,,NEAR OCEAN,2,,162500,140584
-117.23,34.51,9,5756,807,2158,758,5.5875,,INLAND,4,,167800,190505
-122.44,37.75,52,2082,425,801,411,4.2708,,NEAR BAY,3,,368900,351409.02
-121.02,37.68,28,2875,560,1608,558,3.5489,,INLAND,3,,106400,123507
-117.97,33.71,26,2553,405,1337,411,5.3737,,<1H OCEAN,4,,252900,245156
-119.3,34.42,18,5591,1042,2860,1026,3.5822,,NEAR OCEAN,3,,219900,279159.08
-117.87,33.84,10,3381,729,1584,636,5.3812,,<1H OCEAN,4,,235400,276498.01
-122.4,37.71,47,1649,328,1183,356,3.3625,,NEAR BAY,3,,223700,225669
-120.98,37.66,33,1959,342,984,356,4.5208,,INLAND,4,,114200,164206
-117.61,34.34,18,5210,912,1301,464,4.8623,,INLAND,4,,176900,173780
-121.81,37.99,18,2807,445,1315,437,4.8194,,INLAND,4,,170400,149180
-122.67,38.44,29,2551,448,1165,456,4.3587,,<1H OCEAN,3,,196400,246533
-118.3,34.07,36,2657,738,2274,723,3.425,,<1H OCEAN,3,,281700,298346.02
-119.71,36.81,19,2282,550,1034,500,1.6618,,INLAND,2,,69700,80102
-121.88,37.34,44,1267,353,1018,327,2.4196,,<1H OCEAN,2,,194400,185008
-116.93,32.81,18,2447,466,1573,472,2.6429,,<1H OCEAN,2,,125400,146128
-121.01,37.33,17,1926,410,1054,321,1.6214,,INLAND,2,,71500,104568
-123.2,39.13,26,1474,417,1065,401,1.375,,<1H OCEAN,1,,84400,111480
-116.87,32.72,13,3268,491,1431,503,5.7652,,<1H OCEAN,4,,259900,245018
-122.48,37.51,22,1564,278,761,270,4.7578,,NEAR OCEAN,4,,318500,401945.06
-118.44,34.25,35,1583,324,1481,351,3.7,,<1H OCEAN,3,,176000,161458
-120.33,34.87,24,2590,404,1093,338,3.9375,,<1H OCEAN,3,,341200,204859
-118.34,33.91,8,3937,1404,2691,1142,2.4741,,<1H OCEAN,2,,185700,183492
-118.68,34.08,18,102,17,55,21,3.9934,,NEAR OCEAN,3,,500001,362802.29
-118.46,34.05,25,4077,1151,1719,1017,3.7721,,<1H OCEAN,3,,337500,423827.28
-116.95,33.76,10,6890,1702,3141,1451,1.7079,,INLAND,2,,95900,90558
-121.22,37.79,36,1052,221,712,212,1.7228,,INLAND,2,,105000,86423
-118.15,34.04,44,647,142,457,143,3.6875,,<1H OCEAN,3,,162500,202686
-117.7,33.6,26,2283,506,634,469,2.3774,,<1H OCEAN,2,,74300,139510
-118.1,34.16,46,2863,513,1412,498,5.3272,,INLAND,4,,330200,342689
-121.48,38.61,18,1511,315,1062,304,2.3438,,INLAND,2,,89400,104048
-121.7,37.93,10,3258,612,1779,558,4.6587,,INLAND,4,,152500,187029
-122.28,37.82,52,1387,341,1074,304,1.2171,,NEAR BAY,1,,80300,103267
-121.8,38,34,2738,475,1316,459,3.5368,,INLAND,3,,122500,125347
-121.92,37.25,36,3874,656,1826,639,4.9662,,<1H OCEAN,4,,258500,262682.02
-122.41,37.79,52,5783,2747,4518,2538,1.724,,NEAR BAY,2,,225000,295795.14
-121.58,37.03,16,3120,685,2383,681,3.5551,,INLAND,3,,198600,201784
-118.35,34.07,45,7803,2154,3359,2041,3.3594,,<1H OCEAN,3,,287500,351640.19
-122.53,37.5,19,4768,807,2199,805,6.1896,,NEAR OCEAN,5,,331100,369833.08
-117.64,34.09,34,2839,659,1822,631,3.05,,INLAND,3,,121300,124581
-118.3,34.06,33,2437,1283,3906,1084,2.0332,,<1H OCEAN,2,,270000,258351
-117.09,32.71,29,2238,523,2061,504,2.5559,,NEAR OCEAN,2,,96800,111405
-117.9,33.63,28,2370,352,832,347,7.1148,,<1H OCEAN,5,,500001,419828.31
-122.45,37.72,52,1729,319,890,300,4.3036,,NEAR BAY,3,,261800,265715
-118.52,34.21,34,1663,299,762,282,5.1265,,<1H OCEAN,4,,211000,233828
-121.02,37.62,30,1721,399,1878,382,2.5363,,INLAND,2,,83900,95462
-118.29,34.03,27,1084,287,1085,279,2.135,,<1H OCEAN,2,,119600,161053
-121.16,41.78,42,2918,576,1182,440,2.1434,,INLAND,2,,44000,58111
-118.13,33.93,19,1793,447,1222,452,2.6862,,<1H OCEAN,2,,195800,169176
-117.92,33.94,27,4566,620,2045,664,5.583,,<1H OCEAN,4,,267700,267141
-121.03,37.68,20,3204,625,2016,605,2.6567,,INLAND,2,,110400,126953
-118.42,34.01,42,1700,438,997,436,2.9213,,<1H OCEAN,2,,305000,350980.02
-117.27,33.06,7,3686,733,1612,672,3.197,,NEAR OCEAN,3,,367100,194140
-121.64,36.68,16,6568,1603,6012,1565,2.3463,,<1H OCEAN,2,,156100,142577
-119.65,36.37,4,3725,783,1478,600,3.5486,,INLAND,3,,148000,100478
-117.31,34.51,18,2704,698,1611,597,2.0243,,INLAND,2,,82300,87101
-117.99,33.66,14,3155,653,951,575,3.0625,,<1H OCEAN,3,,268800,216933
-118.09,33.92,31,1983,419,1157,390,3.5455,,<1H OCEAN,3,,168300,184059
-121.02,36.24,12,2198,507,1971,502,2.6801,,<1H OCEAN,2,,100000,140983
-118.07,33.9,42,1007,224,776,228,3.8672,,<1H OCEAN,3,,162700,171966
-122.27,37.84,52,2436,541,1015,478,1.725,,NEAR BAY,2,,113900,149027
-122.25,37.5,44,348,79,154,73,4.7708,,NEAR OCEAN,4,,253800,305584.01
-118.42,34.15,31,1861,430,736,360,5.2853,,<1H OCEAN,4,,355900,448973.26
-121.08,37.69,19,6473,1212,3559,1123,3.2246,,INLAND,3,,129300,144826
-122.32,40.57,15,2524,449,1374,467,3.3816,,INLAND,3,,93800,109083
-122.45,37.69,17,2359,501,884,504,3.0625,,NEAR OCEAN,3,,87500,238423
-122.68,38.4,32,2826,627,1767,628,3.1047,,<1H OCEAN,3,,141400,169122
-118.25,34.12,11,1281,418,1584,330,2.8889,,<1H OCEAN,2,,153100,193788
-120.46,34.64,11,562,164,504,147,2.0161,,NEAR OCEAN,2,,118800,149926
-118.28,34.02,46,1098,426,1510,374,2.1382,,<1H OCEAN,2,,156300,124283
-117.34,33.16,24,1006,277,610,246,2.25,,NEAR OCEAN,2,,187500,183797
-120.97,37.84,28,2368,430,1231,403,2.883,,INLAND,2,,141900,113933
-117.25,32.79,37,1467,442,651,354,2.375,,NEAR OCEAN,2,,340400,245297
-121.64,36.72,17,4203,816,2900,827,4.1742,,<1H OCEAN,3,,159900,211327.01
-118.47,34.25,21,2692,477,1330,456,4.5417,,<1H OCEAN,4,,238900,235472
-117.14,32.72,43,1073,344,660,279,2.0529,,NEAR OCEAN,2,,168800,136310
-118.15,34.02,43,2172,605,2386,597,2.8239,,<1H OCEAN,2,,150600,170634
-117.29,33.13,4,617,105,224,105,3.9205,,NEAR OCEAN,3,,183000,211546.08
-117.96,33.78,33,1520,,658,242,4.875,,<1H OCEAN,4,,269300,211822
-122.81,38.08,19,1615,366,815,337,3.4609,,NEAR OCEAN,3,,238800,241086
-117.78,33.85,16,3781,504,1665,499,7.2554,,<1H OCEAN,5,,335600,307562
-117.89,34.1,34,2048,411,1456,416,3.125,,<1H OCEAN,3,,168600,163947
-122.16,37.74,46,1029,181,567,211,3.4844,,NEAR BAY,3,,129500,141676
-122.12,37.16,32,1602,317,752,275,5.1664,,NEAR OCEAN,4,,185100,330310.08
-118.09,33.98,37,1226,255,1068,271,3.1607,,<1H OCEAN,3,,172200,158278
-118.18,33.98,30,1735,573,2237,545,2.3444,,<1H OCEAN,2,,156100,155999
-117.91,34.06,29,3250,521,1382,513,5.112,,<1H OCEAN,4,,218300,235371
-117.68,34.15,24,1033,189,486,204,4.1719,,INLAND,3,,213500,172767
-118.3,34.05,34,1453,588,1987,589,2.096,,<1H OCEAN,2,,187500,182752
-121.88,37.43,17,3469,896,2762,808,3.3884,,<1H OCEAN,3,,245800,225748.01
-122.48,37.76,52,3260,653,1594,632,4.4094,,NEAR BAY,3,,336100,348728.04
-119.8,36.72,19,1334,336,1171,319,1.0481,,INLAND,1,,48500,52371
-123.22,39.16,29,6121,1222,3595,1189,2.631,,<1H OCEAN,2,,109600,126738
-119.17,34.17,21,2361,464,1146,396,3.6597,,NEAR OCEAN,3,,195100,217787.01
-120.32,38.71,13,1115,255,86,32,3.5667,,INLAND,3,,115600,156527
-119.64,36.56,34,576,117,363,97,2.0658,,INLAND,2,,92500,71863
-117.84,35.54,11,1751,316,765,296,5.0762,,INLAND,4,,98000,121916
-122.1,38.24,13,7367,1042,3193,983,5.3102,,NEAR BAY,4,,195000,199808
-122.27,37.32,37,2607,534,1346,507,5.3951,,NEAR OCEAN,4,,277700,385366.07
-118.1,33.89,35,994,203,602,185,3.5865,,<1H OCEAN,3,,178000,182642
-117.02,32.75,33,3296,537,1345,556,5.2835,,<1H OCEAN,4,,217100,198975.01
-117.32,34.12,37,2868,574,2055,563,2.3508,,INLAND,2,,70500,79280
-121.42,38.62,41,1087,272,462,219,2.0224,,INLAND,2,,64900,93091
-118.15,34.11,39,2618,582,1314,532,3.5875,,<1H OCEAN,3,,309300,269665
-118.14,33.91,34,2011,472,1087,423,3.0465,,<1H OCEAN,3,,187800,205346
-122.37,37.58,43,2506,432,967,428,4.7404,,NEAR OCEAN,4,,500001,404938.04
-117.13,32.9,15,2785,644,1798,630,3.7156,,<1H OCEAN,3,,175200,161271
-120.25,37.11,20,2062,466,1285,456,1.5319,,INLAND,2,,50500,77546
-117.27,32.85,26,1373,,608,268,4.425,,NEAR OCEAN,3,,475000,329196.2
-118.32,34.19,37,1335,249,485,240,4.1731,,<1H OCEAN,3,,352100,270261.05
-118.3,33.78,35,2572,504,1172,519,4.6207,,<1H OCEAN,4,,304100,271353
-121.2,38.73,11,4897,636,1931,616,7.7499,,INLAND,5,,334800,265128
-121.9,36.61,29,3412,827,1574,759,2.9309,,NEAR OCEAN,2,,217100,230180
-117.14,32.92,15,3242,595,1936,593,4.9706,,<1H OCEAN,4,,184700,206248
-118.36,34.16,32,2455,556,989,493,4.0764,,<1H OCEAN,3,,325000,353988.12
-117.89,33.92,17,2936,555,1381,535,5.4617,,<1H OCEAN,4,,190300,291729.01
-121.48,38.56,50,1587,448,877,380,2.0833,,INLAND,2,,94300,92481
-119.05,35.36,16,4507,1049,2261,959,3.3261,,INLAND,3,,118400,85524
-120.85,37.49,42,264,72,310,70,1.4063,,INLAND,1,,61500,81325
-118.34,34.08,52,1721,195,688,196,15.0001,,<1H OCEAN,5,,500001,500001
-118.1,34.13,44,1745,237,693,248,9.7912,,<1H OCEAN,5,,500001,496134.94
-117.22,33.19,16,3004,656,1948,606,2.7019,,<1H OCEAN,2,,216900,148905
-118.46,34.26,33,1358,247,738,235,5.0947,,<1H OCEAN,4,,210300,217589
-118.36,33.8,38,2553,400,1042,393,6.9742,,NEAR OCEAN,5,,500001,449139.49
-117.08,32.78,21,2919,496,984,443,4.625,,NEAR OCEAN,4,,222800,199509
-116.44,34.12,18,5584,1303,2250,1158,1.5823,,INLAND,2,,72400,75860
-117.68,33.51,4,2428,401,959,386,6.2661,,<1H OCEAN,5,,268500,315033.01
-118.45,34.04,19,3330,1010,1837,915,3.0173,,<1H OCEAN,3,,393800,347894.07
-119.34,35.6,33,2143,488,1732,509,1.9362,,INLAND,2,,59000,59871
-121.86,37.42,20,5032,808,2695,801,6.6227,,<1H OCEAN,5,,264800,302006.04
-119.98,38.93,25,1262,293,534,226,2.6607,,INLAND,2,,90400,114054
-121.83,39.74,34,3263,604,1290,594,2.575,,INLAND,2,,130300,86835
-118.31,33.96,43,2118,569,1266,500,1.747,,<1H OCEAN,2,,121000,121604
-119.84,36.79,21,3235,648,1820,614,3.3447,,INLAND,3,,71400,94088
-117.93,33.66,18,2043,250,702,246,9.6062,,<1H OCEAN,5,,414700,461783.48
-119.81,36.78,35,1012,245,633,240,2.0324,,INLAND,2,,55500,59988
-121.31,38.97,16,1210,228,726,222,2.7083,,INLAND,2,,82100,120349
-122.13,37.74,41,4400,666,1476,648,5,,NEAR BAY,4,,248900,272518.02
-120.2,34.63,14,2647,515,1487,488,4.4519,,NEAR OCEAN,3,,227900,264799.02
-117.12,32.75,20,1406,413,850,412,2.3261,,NEAR OCEAN,2,,114600,152037
-121.2,38.28,20,1732,307,999,305,3.9808,,INLAND,3,,160200,149052
-118.46,34.18,27,2582,719,2038,718,3.0877,,<1H OCEAN,3,,174200,221247
-117.77,33.84,5,4380,715,1913,741,6.7274,,<1H OCEAN,5,,266400,296834.02
-117.06,33.02,17,2635,389,994,359,5.8966,,<1H OCEAN,4,,261500,266761
-118.1,34.05,31,3559,734,2975,715,3.756,,<1H OCEAN,3,,183300,181817
-117.95,33.8,34,1654,285,905,292,4.6389,,<1H OCEAN,4,,214600,204003
-118.21,33.81,43,905,199,764,204,3.3214,,NEAR OCEAN,3,,162200,163338
-122.26,37.85,52,2643,626,1212,620,1.9167,,NEAR BAY,2,,159200,185802
-118.05,34.02,31,40,8,25,7,2.125,,<1H OCEAN,2,,375000,182929.04
-118.52,34.18,46,2082,438,1047,393,3.6534,,<1H OCEAN,3,,216000,236599
-120.74,39.39,18,453,117,152,77,1.3523,,INLAND,1,,85700,84277.99
-118.13,33.91,36,1967,316,910,306,4.4948,,<1H OCEAN,3,,190600,222067
-124.1,40.88,35,2987,578,1581,585,2.0657,,NEAR OCEAN,2,,81100,79472
-116.52,33.85,13,7559,1444,3189,1105,3.4886,,INLAND,3,,112500,141530
-121.96,38.36,11,3208,790,1772,694,2.7434,,INLAND,2,,218800,138211
-122.27,37.84,52,1688,337,853,325,2.1806,,NEAR BAY,2,,99700,147598
-121.49,39.49,20,2505,468,1174,429,2.9965,,INLAND,2,,88900,94796
-121.3,37.94,40,452,109,412,97,1.3417,,INLAND,1,,60800,62186
-117.62,33.42,23,2656,515,998,435,4.0294,,NEAR OCEAN,3,,500001,267909.06
-119.63,36.6,33,1589,294,1102,307,1.9676,,INLAND,2,,62400,59663
-118.31,33.99,47,1525,359,982,333,2.0915,,<1H OCEAN,2,,126600,108146
-116.99,32.74,18,3341,611,1952,602,3.9844,,<1H OCEAN,3,,215300,165882
-117.05,33.13,20,7746,2035,5370,1838,2.3762,,<1H OCEAN,2,,98500,139434
-117.98,33.75,37,1264,274,783,273,3.3438,,<1H OCEAN,3,,199600,188457.01
-118.35,33.8,32,1434,296,672,285,4.875,,<1H OCEAN,4,,311700,332706
-122.02,37.38,43,1261,317,836,333,4.0911,,<1H OCEAN,3,,224600,239415
-117.09,32.79,36,1936,345,861,343,3.8333,,NEAR OCEAN,3,,170000,166633
-117.98,33.95,35,4055,652,1758,639,6.1898,,<1H OCEAN,5,,282400,370666.24
-119.73,34.43,35,2703,654,1383,631,4.5278,,NEAR OCEAN,4,,340400,308340.05
-121.44,38.49,31,4297,788,2083,771,3.3878,,INLAND,3,,109300,102585
-118.2,33.87,26,703,202,757,212,2.525,,<1H OCEAN,2,,155500,164565.02
-118.14,33.76,37,3242,698,1080,629,3.901,,NEAR OCEAN,3,,432500,444235.41
-122.34,41.06,33,2149,498,631,273,1.8816,,INLAND,2,,65800,69104
-116.89,32.85,15,3560,593,1757,574,5.1185,,<1H OCEAN,4,,185300,192333
-117.97,33.68,26,3653,568,1930,585,5.7301,,<1H OCEAN,4,,260900,258868.01
-122.1,37.36,32,1433,199,498,201,9.3586,,NEAR BAY,5,,500001,498597.94
-123.25,38.54,27,3658,764,1278,518,3.3536,,NEAR OCEAN,3,,157500,225167
-116.94,32.75,4,14934,2479,6945,2418,5.1221,,<1H OCEAN,4,,229700,234527.01
-117.71,33.63,16,2497,500,1357,456,4.5909,,<1H OCEAN,4,,241800,226028
-117.97,33.82,26,4013,985,2442,922,3.7655,,<1H OCEAN,3,,197700,191995
-122.18,37.77,51,2107,471,1173,438,3.2552,,NEAR BAY,3,,120100,181696
-118.06,33.86,16,5603,938,3045,893,5.0778,,<1H OCEAN,4,,293700,248726
-120.46,37.33,4,786,116,368,109,6.3215,,INLAND,5,,138200,232666
-122.27,37.98,23,3455,479,1375,474,6.0289,,NEAR BAY,5,,218600,300192.07
-118.15,34.59,33,2111,429,1067,397,3.7344,,INLAND,3,,111400,119168
-122.14,37.41,35,2419,426,949,433,6.4588,,NEAR BAY,5,,437100,414844.08
-122.19,37.77,42,932,254,900,263,1.8039,,NEAR BAY,2,,92300,87752
-118.27,34.1,41,3729,740,1364,707,5.7778,,<1H OCEAN,4,,412700,373128.25
-119.69,36.46,29,1702,301,914,280,2.8125,,INLAND,2,,79200,77146
-118.5,34.26,33,2831,510,1340,504,4.8316,,<1H OCEAN,4,,237300,237305
-121.83,37.28,17,3057,606,2030,602,5.2166,,<1H OCEAN,4,,230900,251912
-121.52,39.12,37,102,17,29,14,4.125,,INLAND,3,,72000,122655
-122.41,37.63,37,1252,275,878,287,4.2262,,NEAR OCEAN,3,,228500,262612.01
-120.88,38.58,8,3417,604,1703,623,4.0827,,INLAND,3,,170700,161012
-118.25,34.14,37,584,260,552,235,1.8235,,<1H OCEAN,2,,275000,205065
-122.28,37.75,20,1156,365,583,326,3.1972,,NEAR BAY,3,,100000,237503.06
-116.52,32.9,18,4454,852,1754,656,4.57,,INLAND,4,,189900,203490
-117.91,33.78,33,2729,549,2223,535,4.0362,,<1H OCEAN,3,,177900,192971
-118.37,34.09,24,630,172,257,147,5.5224,,<1H OCEAN,4,,400000,361257.18
-118.23,34.1,46,2483,587,2121,553,2.2788,,<1H OCEAN,2,,152900,165978
-122.41,37.79,52,3610,1286,1504,1047,3.2059,,NEAR BAY,3,,500001,455721.56
-122.08,37.3,30,2268,404,1197,372,7.0813,,<1H OCEAN,5,,485300,418434.36
-121.3,38.13,27,1004,192,470,192,2.8942,,INLAND,2,,116700,112948
-119.63,36.58,22,1794,435,1127,359,1.2647,,INLAND,1,,55300,55802
-120.61,35.1,14,2919,691,1896,577,2.4003,,<1H OCEAN,2,,142100,153439
-117.13,33.89,4,1611,239,275,84,3.5781,,INLAND,3,,244400,144206
-119.79,36.72,19,1719,391,1369,368,1.25,,INLAND,1,,53000,57958
-118.21,34.18,14,2672,335,1113,318,12.1579,,<1H OCEAN,5,,500001,497311.96
-120.93,37.67,6,3491,657,2075,644,3.3844,,INLAND,3,,138500,130711
-120,36.7,33,1902,370,1168,358,2.6852,,INLAND,2,,70800,72401
-122.44,37.8,52,3830,,1310,963,3.4801,,NEAR BAY,3,,500001,462734.53
-118.35,33.97,26,1725,431,1130,404,3.2708,,<1H OCEAN,3,,128100,226843
-119.33,36.89,15,1879,411,755,294,2,,INLAND,2,,83300,75340
-117.95,33.92,11,3127,706,1594,694,4.3426,,<1H OCEAN,3,,141300,201068
-118.35,33.89,25,1769,440,1371,414,3.0833,,<1H OCEAN,3,,232700,234473
-122.42,37.75,52,2112,528,1227,513,3.5536,,NEAR BAY,3,,400000,316526
-121.96,37.71,6,8072,1050,3386,1062,7.2494,,<1H OCEAN,5,,336500,348344.04
-121.06,37.67,31,906,146,383,129,3.4167,,INLAND,3,,196900,153230
-118.05,34.11,42,3677,627,1779,622,5.1509,,INLAND,4,,426500,379001.01
-117.81,33.64,4,1741,225,811,233,12.3411,,<1H OCEAN,5,,500001,476284.28
-122.37,37.58,52,1900,290,665,276,4.5486,,NEAR OCEAN,4,,500001,420292.23
-122.1,39.47,43,1320,215,512,197,2.4917,,INLAND,2,,77100,73788
-117.69,33.51,4,1223,275,505,244,4.6607,,<1H OCEAN,4,,173000,299103.25
-118.25,34.07,47,2059,618,2033,544,1.9028,,<1H OCEAN,2,,217900,182894
-117.1,34.57,6,5110,1044,1938,724,3.1917,,INLAND,3,,112800,117575
-120.64,35.15,7,7922,1442,2863,1197,4.849,,<1H OCEAN,4,,275000,268785.01
-122.12,37.44,33,1509,303,748,268,4.875,,NEAR BAY,4,,373400,292611.19
-118.39,34.03,19,1450,509,746,437,3.1415,,<1H OCEAN,3,,55000,323073.12
-123.41,40.07,17,449,151,141,53,0.8362,,INLAND,1,,87500,53845.96
-117.39,34.07,26,1387,277,664,239,3.0278,,INLAND,3,,96800,114427
-116.48,33.79,14,9425,2020,1711,1000,2.6298,,INLAND,2,,145200,120357
-121.63,36.71,19,5015,1013,3251,940,3.9818,,<1H OCEAN,3,,152900,225710
-118.33,34.1,30,5293,2446,4123,2127,1.51,,<1H OCEAN,2,,187500,248930.08
-118.49,34.18,31,3073,674,1486,684,4.8984,,<1H OCEAN,4,,311700,274861
-122.49,38.22,33,1486,290,781,274,3.5647,,NEAR BAY,3,,251800,251302.02
-118.14,34.13,16,3569,821,1505,783,4.9167,,<1H OCEAN,4,,251100,337888.21
-118.14,33.97,31,2064,612,2461,573,2.0524,,<1H OCEAN,2,,160800,166094.01
-117.13,32.75,50,1476,354,698,354,3,,NEAR OCEAN,2,,168800,199845.01
-118.44,34.28,46,11,11,24,13,2.875,,<1H OCEAN,2,,162500,274832.12
-118.16,33.97,30,2419,715,3208,719,2.1743,,<1H OCEAN,2,,176000,163216
-117.47,34.06,33,1379,273,884,229,2.7574,,INLAND,2,,125000,101643
-118.43,34.24,36,1379,265,896,246,4.6827,,<1H OCEAN,4,,183800,205924.04
-120.93,39.9,20,1511,328,791,320,2.0221,,INLAND,2,,70900,78590
-120.97,37.61,16,1326,375,884,375,1.871,,INLAND,2,,103900,119895
-123.01,38.79,32,2697,529,1417,535,3.2546,,<1H OCEAN,3,,134100,157015
-120.6,34.91,44,711,140,384,116,2.1094,,NEAR OCEAN,2,,73800,158473
-122.69,38.44,31,1808,315,691,280,3.8583,,<1H OCEAN,3,,193200,185174
-117.33,33.97,8,152,19,1275,20,1.625,,INLAND,2,,162500,119775.01
-120.38,36.15,17,2279,448,1200,420,2.7461,,INLAND,2,,70000,78844
-117.05,32.76,46,1887,359,795,358,3.25,,NEAR OCEAN,3,,159600,174407
-118.03,34.1,32,2668,609,1512,541,2.9422,,INLAND,2,,233100,185581
-124.14,41.06,32,1020,215,421,198,3.0208,,NEAR OCEAN,3,,143400,92662
-118.22,34.14,52,1388,271,735,239,3.7404,,<1H OCEAN,3,,247700,266985
-118.31,33.72,26,2711,508,1372,459,4.1451,,NEAR OCEAN,3,,326700,324132.01
-120.71,38.85,8,1877,479,884,323,3.4688,,INLAND,3,,120100,136258
-120.98,39.08,20,4570,906,2125,815,3.0403,,INLAND,3,,148000,125627
-117.78,34.07,18,3610,772,2899,765,3.9784,,INLAND,3,,113500,162830
-118.27,34.06,30,1771,788,2188,764,1.5885,,<1H OCEAN,2,,154200,201890
-118.32,34.01,50,1842,377,817,341,3.1548,,<1H OCEAN,3,,157700,147423
-122.39,38,33,44,6,23,11,4.125,,NEAR BAY,3,,212500,250618.05
-117.9,33.66,4,456,91,623,84,6.6369,,<1H OCEAN,5,,192600,295605.02
-117.24,32.83,18,3109,501,949,368,7.4351,,NEAR OCEAN,5,,445700,363369.04
-121.94,38.27,35,10869,2226,9879,2152,2.5681,,INLAND,2,,81300,111375
-117.15,33.7,2,6305,1265,2489,1152,3.1319,,INLAND,3,,111500,138855
-118.53,34.18,16,7194,1976,3687,1894,3.1887,,<1H OCEAN,3,,189300,224360
-117.99,33.7,25,2017,357,1063,369,4.0345,,<1H OCEAN,3,,229400,207467
-122.43,37.77,52,2714,779,1438,733,3.6031,,NEAR BAY,3,,275000,397317.15
-122.21,37.47,33,1266,415,1991,334,2.92,,NEAR OCEAN,2,,202800,225898
-119.43,36.55,27,1621,323,882,324,2.75,,INLAND,2,,93500,81015
-118.09,34.17,36,2875,552,1131,458,4.3083,,INLAND,3,,269300,303676
-121.4,38.49,12,7290,1283,3960,1248,3.5968,,INLAND,3,,106300,121081
-117.04,32.64,5,2329,542,1213,514,4.0298,,NEAR OCEAN,3,,225600,155106
-119.69,36.25,35,2011,349,970,300,2.395,,INLAND,2,,94100,78891
-119.8,36.74,25,1717,542,1343,471,0.799,,INLAND,1,,51800,65991
-118.36,34.13,36,6871,1180,2216,1130,8.0499,,<1H OCEAN,5,,495600,493798.85
-118.23,34.14,39,277,89,182,91,2.3958,,<1H OCEAN,2,,175000,194219.08
-117.95,33.81,33,1724,291,943,285,5.118,,<1H OCEAN,4,,195200,222661
-119.19,34.28,28,3231,524,1665,540,4.8583,,NEAR OCEAN,4,,224200,241424.02
-121.83,37.34,21,6404,1232,6047,1235,4.2098,,<1H OCEAN,3,,193400,223311.01
-121.93,38.31,25,185,32,85,32,4.875,,INLAND,4,,250000,141279
-119.7,36.3,10,956,201,693,220,2.2895,,INLAND,2,,62000,66486
-122.22,37.85,28,5287,1048,2031,956,5.457,,NEAR BAY,4,,337300,339135.04
-118.36,34.04,48,1769,429,993,405,2.3214,,<1H OCEAN,2,,139400,170473.01
-122.41,37.79,52,6016,2509,3436,2119,2.5166,,NEAR BAY,2,,275000,286418.08
-122.71,37.9,23,1250,257,437,188,3.115,,NEAR OCEAN,3,,242600,348714.05
-120.65,35.27,15,2365,538,1446,490,2.5129,,NEAR OCEAN,2,,225900,180226
-118.36,33.89,40,756,122,371,130,5.0299,,<1H OCEAN,4,,329200,240105.02
-116.12,33.53,17,2421,820,2971,685,1.654,,INLAND,2,,100000,74740
-121,37.66,43,2369,413,944,422,3.2632,,INLAND,3,,138100,129859
-122.46,37.74,51,1905,291,707,284,6.2561,,NEAR BAY,5,,431000,432622.38
-121.24,37.94,5,2232,488,1857,435,2.8705,,INLAND,2,,113600,122767
-121.49,38.55,51,4280,632,1486,621,5.0359,,INLAND,4,,224100,220900
-122.41,37.8,52,1999,642,1846,620,1.9145,,NEAR BAY,2,,225000,249654.02
-118.11,33.83,37,1249,202,517,189,4.4196,,<1H OCEAN,3,,223100,225080
-118.18,33.77,41,2048,601,852,533,2.5726,,NEAR OCEAN,2,,193800,200600
-118.28,34.03,40,2118,796,2195,658,1.7976,,<1H OCEAN,2,,164600,153922
-117.32,34.09,30,1129,251,1034,237,2.3917,,INLAND,2,,78600,85161
-117.32,33.23,24,2580,604,982,569,1.6402,,NEAR OCEAN,2,,169300,173125.08
-117.65,33.6,13,2319,430,1004,380,5.133,,<1H OCEAN,4,,316100,258911.03
-120.7,35.55,10,3979,761,1834,671,3.5,,<1H OCEAN,3,,172100,193207
-116.89,33.92,10,2653,621,1967,598,2.6643,,INLAND,2,,81000,96058
-122.49,37.54,15,3456,545,1527,535,6.3256,,NEAR OCEAN,5,,368000,406911.22
-119.3,38.26,19,3325,660,750,286,2.9509,,INLAND,2,,114800,129054
-121.11,38.04,32,1083,188,471,178,2.9241,,INLAND,2,,187500,118364
-117.87,33.61,25,2267,359,866,348,7.79,,<1H OCEAN,5,,500001,352609.07
-118.28,34.04,19,460,241,890,229,1.6089,,<1H OCEAN,2,,162500,172675
-117.78,33.69,16,4702,806,2529,814,5.1299,,<1H OCEAN,4,,238900,230079.01
-118.85,35.2,17,2783,678,2566,641,1.9907,,INLAND,2,,51200,62866
-121.55,38.51,22,2403,431,1088,421,3.9,,INLAND,3,,146900,151176
-118.08,34.11,42,2628,525,1494,523,3.9464,,<1H OCEAN,3,,257200,241070
-121.35,38.6,27,4314,611,1662,575,5.0997,,INLAND,4,,170100,188144
-122.33,37.58,28,2784,736,1534,685,3.38,,NEAR OCEAN,3,,285400,310210
-117.88,33.77,31,2549,355,1044,362,6.9737,,<1H OCEAN,5,,288800,350505.02
-119.84,36.75,34,1186,300,774,271,1.575,,INLAND,2,,57100,54156
-118.29,33.96,32,3508,917,2794,839,1.554,,<1H OCEAN,2,,100000,114289
-117.87,33.88,24,2655,702,1519,708,3.3036,,<1H OCEAN,3,,183900,201708
-118.21,34.65,17,4001,814,2313,756,3.0441,,INLAND,3,,140100,117823
-118.11,34.01,22,1141,332,1189,321,2.2042,,<1H OCEAN,2,,162500,157111
-122.19,37.75,36,1126,263,482,150,1.9167,,NEAR BAY,2,,82800,86952
-118.39,34.21,14,2807,868,2729,803,2.6667,,<1H OCEAN,2,,172400,191246
-116.61,33.04,11,2522,538,616,269,3.875,,INLAND,3,,198100,175460.03
-118.15,35.06,15,1069,296,569,263,2.0441,,INLAND,2,,73300,75934.99
-118.49,34.21,25,1131,449,746,420,1.3565,,<1H OCEAN,1,,225000,222237.03
-117.7,33.63,16,4428,745,1525,682,5.2325,,<1H OCEAN,4,,286800,238898.04
-117.29,33.24,5,3109,634,1823,578,3.1875,,<1H OCEAN,3,,153800,170336.04
-121.34,37.96,27,1839,442,2010,416,2.1284,,INLAND,2,,59400,70709
-117.01,32.99,8,3372,430,1536,448,8.4284,,<1H OCEAN,5,,378300,390064.05
-117.69,34.07,35,3222,559,1970,550,3.7083,,INLAND,3,,131000,134409
-122.07,37.64,25,4524,860,2426,862,4.7083,,NEAR BAY,4,,190900,225052
-122.12,37.7,17,2488,617,1287,538,2.9922,,NEAR BAY,2,,179900,185502
-120.81,37.53,15,570,123,189,107,1.875,,INLAND,2,,181300,110825
-122.45,37.81,52,1375,322,287,184,3.9028,,NEAR BAY,3,,500001,481278.75
-117.21,32.86,26,1352,202,654,217,5.3693,,NEAR OCEAN,4,,260700,282186.05
-117.79,33.68,10,2106,319,1002,332,8.735,,<1H OCEAN,5,,375300,359185.01
-121.81,37.31,14,2731,578,1109,551,3.1382,,<1H OCEAN,3,,139700,198883
-118.17,33.98,41,428,111,585,139,3.1786,,<1H OCEAN,3,,132100,136044
-122.29,37.89,52,2248,422,870,377,3.4732,,NEAR BAY,3,,246200,217175
-118.22,33.98,34,2225,753,2980,736,1.6685,,<1H OCEAN,2,,128800,147490
-118.3,34.09,29,3245,1190,3906,1102,2.1927,,<1H OCEAN,2,,253300,243217
-118.15,34.2,52,1786,306,1018,322,4.1518,,INLAND,3,,182100,204991
-117.23,32.72,38,2827,581,972,558,3.2361,,NEAR OCEAN,3,,500001,333821.1
-117.55,33.87,18,8136,1584,4976,1516,3.9414,,INLAND,3,,137100,166509
-117.69,34.01,30,2598,573,2170,518,2.3,,INLAND,2,,95600,120532
-121.91,36.62,52,1431,300,657,293,3.2865,,<1H OCEAN,3,,240100,251977.03
-123.22,40.16,27,1848,449,396,150,2.8472,,INLAND,2,,41300,86267
-118.14,34.04,43,1949,464,1216,457,3.3214,,<1H OCEAN,3,,209300,210535
-119.74,36.75,47,2236,418,1042,397,2.9545,,INLAND,2,,59600,74363
-118.18,34.05,38,3272,731,3299,726,2.8295,,<1H OCEAN,2,,126500,153510
-122.13,37.68,45,2457,445,1129,422,4.0588,,NEAR BAY,3,,182800,193865
-118.23,34.66,25,2627,387,1059,338,3.6382,,INLAND,3,,138200,131308
-118.33,33.9,21,6603,1984,5546,1745,2.6091,,<1H OCEAN,2,,163900,197802
-122.34,37.95,44,1675,317,806,311,3.0694,,NEAR BAY,3,,135300,126977
-118.19,34.03,50,1183,246,851,231,3.2639,,<1H OCEAN,3,,142600,152002
-118.38,33.87,23,2387,418,1008,415,5.8518,,<1H OCEAN,4,,337900,321557.01
-122.48,37.64,7,120,21,50,27,12.5,,NEAR OCEAN,5,,281000,273979.05
-122.41,37.79,52,2909,851,1711,830,3.0296,,NEAR BAY,3,,500001,353454.13
-122.22,38.1,44,2256,451,1057,426,3.1204,,NEAR BAY,3,,110800,129922
-121.83,37.95,17,1133,244,716,235,2.875,,INLAND,2,,162500,130870
-117.71,33.51,12,4676,698,1543,598,6.379,,<1H OCEAN,5,,500001,334703.04
-117.23,33.1,4,1862,291,685,248,7.745,,NEAR OCEAN,5,,237400,349179.11
-121.25,38.67,14,6155,1034,2407,941,4.2262,,INLAND,3,,244300,173434
-117.8,33.67,4,3345,552,1525,539,6.7962,,<1H OCEAN,5,,329100,288468.02
-122,39.94,27,852,176,464,148,1.7125,,INLAND,2,,58200,73619
-120.3,38.9,11,1961,435,113,53,0.9227,,INLAND,1,,95500,119295
-121.91,37.31,16,2962,898,1555,795,2.5804,,<1H OCEAN,2,,216300,201364
-117.07,32.69,28,1485,275,820,283,4.069,,NEAR OCEAN,3,,153300,133371
-117,32.8,29,2045,398,912,368,3.0189,,<1H OCEAN,3,,144100,149162
-121.32,37.67,21,1494,271,781,255,4.3015,,INLAND,3,,250000,195320
-119.23,34.44,34,3193,664,1434,627,2.4777,,<1H OCEAN,2,,260300,211122
-122.43,37.77,52,2514,729,1428,597,2.3977,,NEAR BAY,2,,412500,314967.03
-122.02,37.31,35,2355,384,1248,378,5.9714,,<1H OCEAN,4,,332500,326619
-121.38,36.84,6,3769,669,2061,648,4.1875,,INLAND,3,,217600,258666
-117.28,34.12,47,2456,611,1653,512,1.3973,,INLAND,1,,66100,73940
-117.08,33.04,10,2577,347,1193,365,6.53,,<1H OCEAN,5,,264100,283684
-120.65,38.42,23,1538,305,730,267,2.6078,,INLAND,2,,116700,121096
-121.33,38.68,13,5826,1411,2244,1219,1.9093,,INLAND,2,,142900,121968
-117.97,33.75,32,1564,270,973,290,3.75,,<1H OCEAN,3,,190400,191867
-121.44,37.75,16,2229,458,1199,445,3.4821,,INLAND,3,,170600,140672
-121.51,38.26,52,910,212,429,212,1.6458,,INLAND,2,,52800,108486
-122.29,37.81,20,835,161,290,133,2.483,,NEAR BAY,2,,137500,117413
-122.08,37.65,17,5018,1439,3069,1299,2.7694,,NEAR BAY,2,,161900,171590
-122.49,37.78,47,2695,643,1505,644,3.0877,,NEAR BAY,3,,329100,353122.02
-120.42,38.42,18,2912,663,999,411,2.7344,,INLAND,2,,91900,115819
-118.13,34.16,52,1872,357,984,364,4,,<1H OCEAN,3,,250400,241113
-117.01,34.9,36,2181,555,1404,492,2.3077,,INLAND,2,,55500,58830
-117.24,32.74,43,2216,375,918,388,5.5289,,NEAR OCEAN,4,,297700,401548.28
-118.15,33.84,29,2448,354,894,349,7.6526,,<1H OCEAN,5,,481300,404862.15
-118.01,33.94,36,1921,329,969,327,4.9191,,<1H OCEAN,4,,188700,211046
-118.36,33.94,38,2169,688,3036,639,2.3125,,<1H OCEAN,2,,148500,161200
-118.19,33.99,36,1273,379,1398,353,2.4516,,<1H OCEAN,2,,147800,150728
-121.9,37.31,52,2125,431,1014,443,5.8186,,<1H OCEAN,4,,281100,401965.15
-118.43,34.29,38,1237,298,1073,293,3.6726,,<1H OCEAN,3,,154600,171427
-121.08,38.93,14,4239,824,1729,794,2.4278,,INLAND,2,,167700,134254
-122.48,38.9,10,304,63,161,61,2.1964,,INLAND,2,,112500,106930.98
-122.18,37.91,31,7200,876,2428,843,10.9405,,NEAR BAY,5,,500001,495988.96
-121.42,38.6,23,3713,1078,2194,1018,1.7451,,INLAND,2,,89600,97502
-117.17,32.72,44,626,256,572,229,1.5909,,NEAR OCEAN,2,,262500,152299
-117.88,33.7,18,2135,373,1464,405,5.4836,,<1H OCEAN,4,,225800,254256
-120.97,37.73,19,3725,543,1412,463,5.7476,,INLAND,4,,248600,216008
-121.63,39.15,16,1547,418,940,400,1.5613,,INLAND,2,,72500,86631
-120.27,37.12,42,1142,236,597,210,1.7279,,INLAND,2,,52300,72726
-121.96,37.43,18,2514,578,2205,545,3.3859,,<1H OCEAN,3,,158000,219895.01
-118.32,34.17,45,3448,690,1562,643,4.0648,,<1H OCEAN,3,,258800,277560.01
-117.95,33.78,26,4115,883,2184,825,3.9536,,<1H OCEAN,3,,191000,198578
-121.87,37.3,14,360,124,134,84,2.7411,,<1H OCEAN,2,,112500,253920.12
-117.23,34.11,22,1162,221,995,244,2.5875,,INLAND,2,,81300,99093
-117.96,33.85,36,1951,365,1254,358,4.8438,,<1H OCEAN,4,,185700,192862
-122.42,37.79,52,2737,1241,1761,1029,1.8068,,NEAR BAY,2,,225000,365319.1
-120.08,39.23,19,1746,306,251,104,4.8182,,INLAND,4,,146900,163588
-118.25,34.02,50,180,89,356,76,2.1944,,<1H OCEAN,2,,158300,110408
-119.33,36.19,27,418,163,332,141,1.0714,,INLAND,1,,63800,63439
-120.56,35.07,14,6788,1216,2866,1036,3.3603,,<1H OCEAN,3,,280200,214526
-117.1,32.58,17,2046,559,1585,530,2.25,,NEAR OCEAN,2,,132800,120935
-118.2,34.13,30,3369,824,2032,795,4.0052,,<1H OCEAN,3,,196400,254344.02
-117.22,32.81,24,730,196,335,203,3.5078,,NEAR OCEAN,3,,362500,200043.02
-118.41,34,18,1307,441,884,456,2.9338,,<1H OCEAN,2,,276300,338751.15
-119.71,36.81,19,1648,368,557,354,1.7969,,INLAND,2,,72800,88730
-118.44,34.06,28,3910,959,1763,867,5.5,,<1H OCEAN,4,,500001,449822.64
-117.97,33.84,34,874,153,549,153,4.8667,,<1H OCEAN,4,,186800,193525
-119.63,36.32,36,1518,287,749,255,2.2333,,INLAND,2,,61000,73164
-118.53,34.04,45,1711,264,735,261,9.1078,,<1H OCEAN,5,,500001,497372.96
-117.93,34.07,36,1207,209,683,213,5.3559,,<1H OCEAN,4,,207300,226872
-117.31,34.08,40,2011,495,1528,469,1.9375,,INLAND,2,,69900,77692
-122.44,37.7,6,3523,664,1705,608,4.9318,,NEAR OCEAN,4,,258100,245061
-122.04,37.34,23,2590,725,1795,680,3.16,,<1H OCEAN,3,,225000,253070.01
-121.26,38.65,17,2655,421,991,384,4.6484,,INLAND,4,,270600,171580
-118.49,34.19,23,2087,571,1809,553,3.1667,,<1H OCEAN,3,,202000,202799.01
-118.29,34.09,35,2198,998,3441,912,2.0467,,<1H OCEAN,2,,158300,215868
-122.04,38.24,30,2081,456,1005,438,1.9954,,INLAND,2,,92900,88930
-117.82,33.73,24,845,190,482,190,4.7039,,<1H OCEAN,4,,225000,203838.01
-117.81,33.74,24,2696,649,1908,626,3.3047,,<1H OCEAN,3,,216900,171639
-117.95,33.7,17,5781,924,2585,915,5.343,,<1H OCEAN,4,,231900,273855
-123.82,40.12,33,2985,591,1221,486,2.087,,<1H OCEAN,2,,82400,94130
-118.36,33.86,37,1249,218,583,214,5.7422,,<1H OCEAN,4,,330700,331133.03
-118.77,34.28,27,1416,251,1024,268,5.1074,,<1H OCEAN,4,,185200,208646
-122.29,37.86,52,1665,404,815,372,1.9946,,NEAR BAY,2,,156900,162781
-120.18,36.59,25,948,198,613,171,2.3026,,INLAND,2,,90600,72972
-118.02,34.09,24,2080,514,1976,478,2.6917,,INLAND,2,,170000,175930
-117.96,33.82,29,2176,468,1632,428,3.707,,<1H OCEAN,3,,180400,185829
-120.13,39.06,22,2465,539,381,146,2.875,,INLAND,2,,87500,140378
-121.35,38.68,18,7923,1558,3789,1473,3.5403,,INLAND,3,,98600,128034
-121.73,36.9,23,2392,721,3074,718,2.5195,,<1H OCEAN,2,,136900,148454
-117.18,34.08,28,2243,399,1464,379,3.2105,,INLAND,3,,90300,102545
-122.91,39.18,43,89,18,86,27,2.0208,,INLAND,2,,72500,101665.92
-119.74,36.65,19,2546,463,1257,418,2.9013,,INLAND,2,,89500,77033
-118.34,33.99,48,2225,433,1170,401,2.9643,,<1H OCEAN,2,,140400,164639.01
-118.13,34.2,45,1213,206,529,231,5.6629,,INLAND,4,,234000,280834
-117.17,32.83,24,3541,530,1591,530,5.3538,,NEAR OCEAN,4,,212500,242112
-118.5,34.2,42,1558,322,884,334,2.2304,,<1H OCEAN,2,,203800,193317
-117.97,33.72,24,2991,500,1437,453,5.4286,,<1H OCEAN,4,,273400,269757
-118.39,34.08,27,6605,1710,2665,1520,3.8088,,<1H OCEAN,3,,500001,371904.22
-119.71,36.83,5,1087,338,623,362,1.8061,,INLAND,2,,113400,97551
-117.89,33.88,27,2091,336,1037,332,5.7519,,<1H OCEAN,4,,243400,255779
-117.19,33.14,12,3652,923,1677,728,2.3267,,<1H OCEAN,2,,92000,143968
-114.62,33.62,26,18,3,5,3,0.536,,INLAND,1,,275000,136725
-122.25,37.8,29,2468,864,1335,773,1.3929,,NEAR BAY,1,,193800,194192.01
-118.25,33.97,32,879,257,1057,230,1.6776,,<1H OCEAN,2,,114800,105000
-122.14,37.72,45,1397,253,555,248,2.983,,NEAR BAY,2,,202700,184680
-117.97,34.17,35,5005,848,2112,813,4.9968,,INLAND,4,,295000,278602.03
-122.55,38.42,24,2220,411,894,365,4.2891,,<1H OCEAN,3,,211700,257970
-118.22,34.52,7,4524,735,2298,717,6.5538,,INLAND,5,,311600,251772
-118.23,34.13,34,609,149,407,145,4.5766,,<1H OCEAN,4,,185800,224825
-117.13,32.72,43,2160,504,1221,452,2.4821,,NEAR OCEAN,2,,140600,152811
-119.03,35.36,41,1944,363,977,388,3.9097,,INLAND,3,,81300,95941
-122.41,37.8,52,3278,775,1279,709,5.4378,,NEAR BAY,4,,500001,419787.44
-122.46,37.72,37,1833,388,1093,363,3.0703,,NEAR OCEAN,3,,211800,261592.01
-118.07,33.93,5,906,187,1453,158,4.125,,<1H OCEAN,3,,171900,162004.02
-121.82,37.28,33,2873,489,1946,475,5.0709,,<1H OCEAN,4,,176400,231186
-121.9,36.58,31,1431,,704,393,3.1977,,NEAR OCEAN,3,,289300,285065.04
-117.94,34.15,33,859,144,421,138,4.4821,,INLAND,3,,220100,236931.01
-121.3,38.13,26,2256,360,937,372,5.0528,,INLAND,4,,153700,151607
-118.36,34.06,39,2810,670,1109,624,3.25,,<1H OCEAN,3,,355000,358334.07
-118.23,34.14,33,2865,864,2061,790,2.6268,,<1H OCEAN,2,,201300,191016
-119.72,34.43,27,984,299,777,313,2.5694,,<1H OCEAN,2,,275000,262649.01
-121.76,36.75,21,1141,257,671,195,3.8424,,<1H OCEAN,3,,155700,242027.01
-117.09,32.74,23,3130,779,2472,744,2.32,,NEAR OCEAN,2,,93200,120426
-118.19,34.04,39,1074,323,1613,308,2.3015,,<1H OCEAN,2,,131700,144694
-118.36,33.89,34,760,174,723,198,5.3169,,<1H OCEAN,4,,227600,281416
-118.09,33.96,20,1911,472,1407,465,2.7647,,<1H OCEAN,2,,163000,164904
-119.9,37.49,13,2230,443,920,361,3,,INLAND,2,,112000,108890
-117.49,33.64,3,8874,1302,3191,1027,6.8588,,<1H OCEAN,5,,302000,304905
-121.36,38.01,16,926,230,451,198,4.0221,,INLAND,3,,173300,137906
-117.35,34.16,36,1717,348,1054,279,2.4444,,INLAND,2,,73400,87321
-118.35,33.8,19,6224,1105,3152,1076,5.9541,,<1H OCEAN,4,,500001,324971.07
-117.2,32.84,34,3353,544,1583,571,4.55,,NEAR OCEAN,4,,187700,216934
-118.46,34.32,10,5777,1112,2917,1056,4.1514,,<1H OCEAN,3,,194100,212733.01
-121.6,37.13,14,9483,1361,4108,1281,7.5,,<1H OCEAN,5,,344500,372609.02
-118.35,33.98,33,1884,477,1518,449,3.1194,,<1H OCEAN,3,,152800,215108.01
-121.72,38,7,7957,1314,4460,1293,4.9618,,INLAND,4,,156500,165176
-117.99,33.73,24,2104,421,1181,414,3.8365,,<1H OCEAN,3,,250900,205327.01
-121.85,37.33,16,2987,874,4241,841,2.8024,,<1H OCEAN,2,,127900,172496
-117.93,33.62,33,1890,416,859,329,4.5658,,<1H OCEAN,4,,500001,425866.53
-120.02,36.8,25,1270,255,1050,245,2.1618,,INLAND,2,,55300,64888
-122.38,37.58,52,1704,226,671,243,8.4704,,NEAR OCEAN,5,,500001,484203.79
-117.84,33.74,22,6072,1802,4715,1666,3.1353,,<1H OCEAN,3,,121400,168666
-117.98,33.77,7,2252,570,1576,550,3.6333,,<1H OCEAN,3,,169800,163680
-122.59,37.97,46,4036,856,1872,833,4.5625,,NEAR OCEAN,4,,275200,338683.01
-119.35,35.59,14,2719,502,1497,457,3.176,,INLAND,3,,71800,83707
-121.24,39.22,14,983,163,399,161,2.2917,,INLAND,2,,145100,116339
-117.96,34.08,28,2831,552,2330,557,3.9741,,<1H OCEAN,3,,173100,184512
-117.7,33.64,15,5743,773,2380,773,8.1926,,<1H OCEAN,5,,326600,371605.01
-117.65,34.04,28,2360,607,2623,592,2.5048,,INLAND,2,,100000,115991
-121.9,38.02,5,1560,369,1037,372,3.6154,,INLAND,3,,181800,142814
-118.07,33.99,41,1204,252,1002,248,3.0577,,<1H OCEAN,3,,163300,161243
-118.28,33.99,49,2174,481,1861,484,1.7159,,<1H OCEAN,2,,95000,101661
-117.89,33.83,35,2984,446,1435,455,5.6276,,<1H OCEAN,4,,200800,255725.01
-119.35,36.42,18,1115,193,1742,176,2.7969,,INLAND,2,,123800,68889
-122.3,37.55,35,3675,735,1930,715,3.9833,,NEAR OCEAN,3,,342800,302247.02
-118.16,34.7,33,2918,494,1365,478,4.8787,,INLAND,4,,127700,201000
-122.48,38.48,29,2278,397,765,322,4.6379,,INLAND,4,,348200,285638
-119.73,36.52,20,1741,331,1466,289,2.5921,,INLAND,2,,94200,67554
-122.25,37.53,16,4428,664,1677,623,7.6864,,NEAR BAY,5,,422500,410258.09
-118.37,34.07,52,1084,247,468,255,3.4286,,<1H OCEAN,3,,474300,397721.07
-118.04,33.85,24,2233,347,1162,355,5.6094,,<1H OCEAN,4,,279200,263810
-116.95,32.74,7,2722,578,1429,574,3.9583,,<1H OCEAN,3,,141700,169180
-122.58,38.1,22,11872,2300,5600,2200,4.6463,,NEAR BAY,4,,276300,250116
-118.47,34.04,21,5041,1491,2719,1420,3.5335,,<1H OCEAN,3,,268800,374066.22
-118.25,33.92,44,1137,235,747,225,2,,<1H OCEAN,2,,92600,95653
-117.29,34.14,52,1683,266,646,256,4.0481,,INLAND,3,,97300,154561
-119.49,37.1,24,2532,555,1564,507,2.3359,,INLAND,2,,92400,86722
-122.7,38.45,26,2011,557,855,530,1.125,,<1H OCEAN,1,,233300,165459
-121.9,37.44,12,4228,734,2594,732,6.6086,,<1H OCEAN,5,,299400,306104.04
-117.27,34.24,34,3687,756,941,367,2.875,,INLAND,2,,117600,100536
-121.27,38.12,44,2356,482,1043,443,2.4949,,INLAND,2,,108000,91218
-119.72,34.42,31,1524,383,1257,398,2.6019,,NEAR OCEAN,2,,250000,231004
-119.54,36.51,36,49,7,28,2,4.625,,INLAND,4,,162500,149896
-118.41,33.97,44,2298,388,849,360,5.5941,,<1H OCEAN,4,,363500,390977.16
-120.85,37.51,15,1131,285,728,281,1.5531,,INLAND,2,,93100,105280
-122.42,37.75,52,1207,302,1008,269,3.3816,,NEAR BAY,3,,262500,261970
-118.28,33.98,47,865,193,782,217,2.2411,,<1H OCEAN,2,,93000,123861
-118.27,33.82,39,1357,249,763,229,4.25,,<1H OCEAN,3,,200300,186382
-117.01,32.73,22,2526,530,1556,529,2.8646,,NEAR OCEAN,2,,120800,133818
-122.25,37.8,52,2087,510,1197,488,3.0149,,NEAR BAY,3,,218400,213507
-118.44,33.88,35,2020,451,724,399,6.6494,,NEAR OCEAN,5,,500001,464996.45
-118.35,33.85,35,1248,206,551,185,5.6426,,<1H OCEAN,4,,348200,314955
-122.35,37.96,35,1326,346,1023,295,2.0724,,NEAR BAY,2,,97700,105612
-118.43,34.16,41,2050,478,850,490,3.4208,,<1H OCEAN,3,,343400,343368.07
-118.3,33.93,29,2228,396,1140,352,3.7969,,<1H OCEAN,3,,169400,158118
-121.28,38.53,18,224,38,95,41,3.1042,,INLAND,3,,165000,140292
-117.27,33,36,2426,454,1085,420,5.1523,,NEAR OCEAN,4,,387800,350737.2
-122.41,37.63,35,865,226,602,217,3,,NEAR OCEAN,2,,229100,265213.05
-117.18,32.76,8,3694,997,1297,807,3.6492,,NEAR OCEAN,3,,158900,212071
-118.45,33.99,45,1132,269,654,264,4.5673,,<1H OCEAN,4,,343100,338718.02
-117.07,32.8,36,2028,349,820,352,3.9828,,<1H OCEAN,3,,168900,166522
-121.34,38.59,22,3273,480,1151,463,8.05,,INLAND,5,,380000,325840
-118.64,34.22,16,4312,574,1902,574,8.4438,,<1H OCEAN,5,,390000,405829.05
-117.94,33.88,46,1747,312,770,296,5.4217,,<1H OCEAN,4,,256000,273979.06
-121.98,37.27,25,3075,564,1633,543,5.2528,,<1H OCEAN,4,,269400,288440.01
-117.02,32.73,22,5201,865,3280,817,4.7952,,NEAR OCEAN,4,,141400,164433
-118.09,34.15,45,1345,356,749,327,2.8007,,INLAND,2,,210900,218729
-122.52,37.89,17,4363,1041,1640,989,3.9531,,NEAR BAY,3,,417600,342523.03
-117.24,34.14,6,2383,606,1301,488,3.016,,INLAND,3,,107500,113268
-118.58,34.21,27,2209,353,1034,344,4.7125,,<1H OCEAN,4,,250900,226489
-118.02,33.92,34,2169,418,1169,406,3.2222,,<1H OCEAN,3,,218700,190397
-117.82,33.82,22,3173,372,1181,355,8.3637,,<1H OCEAN,5,,500001,376206.02
-117.87,33.84,23,1678,369,912,347,4.5,,<1H OCEAN,3,,237300,210517
-122.45,38.01,36,4501,832,2196,800,4.3182,,NEAR BAY,3,,252700,282982.01
-117.69,36.13,25,1709,439,632,292,1.7868,,INLAND,2,,45500,80425
-118.18,34.03,26,859,255,835,232,1.1929,,<1H OCEAN,1,,143800,172980.01
-122.44,37.78,37,1235,314,481,297,3.6875,,NEAR BAY,3,,492300,378531.05
-117.99,34.08,35,1032,207,954,191,2.8906,,INLAND,2,,134800,153875
-119.63,34.4,29,3865,814,1266,613,6.0069,,<1H OCEAN,5,,500001,393591.23
-122.62,38.24,33,1369,280,758,246,4.0341,,<1H OCEAN,3,,156500,197442
-122.33,38.29,14,3541,499,1577,459,5.3351,,NEAR BAY,4,,269900,217756
-119.82,36.79,35,1474,291,709,294,2.6522,,INLAND,2,,65900,73996
-118.61,34.21,41,1058,228,778,245,3.3534,,<1H OCEAN,3,,180500,197793
-122.53,37.87,20,1814,282,658,253,7.9977,,NEAR BAY,5,,400000,408329.03
-118.26,33.91,39,967,256,903,256,1.9038,,<1H OCEAN,2,,93100,95007
-121.92,37.28,27,3028,486,1284,498,4.5833,,<1H OCEAN,4,,308800,297225.01
-120.46,37.29,30,2972,635,1940,590,2.3594,,INLAND,2,,72300,83282
-121.97,36.97,24,3665,870,1954,833,2.8036,,NEAR OCEAN,2,,228500,232762
-117.16,32.73,52,1863,559,906,493,1.9203,,NEAR OCEAN,2,,195800,174528
-118.19,33.78,24,225,72,439,71,2.8533,,NEAR OCEAN,2,,137500,205000.04
-117.11,32.69,39,395,159,620,162,2.725,,NEAR OCEAN,2,,86500,115881
-117.88,33.82,17,2247,705,1382,618,3.8631,,<1H OCEAN,3,,225000,194334
-122.48,37.69,43,2661,455,1384,456,4.2421,,NEAR OCEAN,3,,257500,245878
-118.15,34.17,36,930,280,1024,300,1.0846,,<1H OCEAN,1,,146400,181594.03
-117.7,33.6,16,2092,489,877,392,3.0461,,<1H OCEAN,3,,216900,164760.02
-116.22,33.73,38,1695,352,1279,305,2.1217,,INLAND,2,,68500,73468
-119.07,35.34,16,4201,786,1667,724,4.8839,,INLAND,4,,134100,147966
-120.71,37.38,14,1979,432,1756,382,2.6923,,INLAND,2,,71400,91367
-121.36,37.99,8,1801,380,684,350,4.2589,,INLAND,3,,134900,171339
-117.3,33.23,13,3619,791,1759,806,2.765,,<1H OCEAN,2,,98500,133749
-118.15,33.94,37,1594,321,1003,323,3.3289,,<1H OCEAN,3,,199700,214638
-118.11,34.15,40,1950,509,1038,438,2.6172,,<1H OCEAN,2,,196100,194648
-117.1,32.74,30,1772,500,1389,447,2.3641,,NEAR OCEAN,2,,94100,119804
-122.67,38.33,4,8072,1606,4323,1475,3.9518,,<1H OCEAN,3,,220300,205824
-118.14,34.06,37,1339,258,706,238,4.7569,,<1H OCEAN,4,,253800,224884
-118.27,34,43,1638,434,1213,390,1.3403,,<1H OCEAN,1,,110800,105379
-118.31,33.67,42,1297,246,611,242,5.3074,,NEAR OCEAN,4,,401900,385576.27
-122.23,40.57,18,1633,243,750,252,5.1585,,INLAND,4,,150800,174174
-117.04,32.58,14,2355,406,1883,401,5.0311,,NEAR OCEAN,4,,152100,153592
-118.51,34,52,1241,502,679,459,2.3098,,<1H OCEAN,2,,500001,338472.08
-118.09,33.74,44,1671,390,871,367,4.6369,,NEAR OCEAN,4,,422200,386055.13
-118.93,36.19,30,2685,546,951,523,2.6184,,INLAND,2,,113900,76701
-117.22,32.75,26,696,185,384,184,2.6121,,NEAR OCEAN,2,,125000,236485.05
-122.04,37.62,35,1032,173,453,176,6.396,,NEAR BAY,5,,208500,357661.02
-117.22,34.07,8,3065,692,1440,666,3.2368,,INLAND,3,,129200,116193
-117.13,34.24,17,2828,506,673,274,5.2563,,INLAND,4,,144100,153519
-117.13,32.7,48,786,230,917,231,1.875,,NEAR OCEAN,2,,75600,89279
-122.44,37.77,52,3475,807,1518,777,3.6186,,NEAR BAY,3,,500001,464108.59
-118.24,33.96,34,1724,432,1876,416,2.1078,,<1H OCEAN,2,,100600,104383
-119.08,35.32,8,11609,2141,5696,2100,5.0012,,INLAND,4,,106300,151661
-119.29,34.28,38,2387,748,1537,741,2.3147,,NEAR OCEAN,2,,192500,204742
-118.26,34.01,47,1269,323,1628,325,1.5089,,<1H OCEAN,2,,115800,113257
-122.14,37.44,52,3117,468,1114,421,6.6756,,NEAR BAY,5,,500001,476381.67
-117.13,32.58,27,2511,615,1427,576,3.1645,,NEAR OCEAN,3,,156000,147809
-119.67,36.33,19,1241,244,850,237,2.9375,,INLAND,2,,81700,73809
-122.43,37.81,39,3275,837,1137,725,3.7679,,NEAR BAY,3,,500001,404843.38
-121.39,38.63,30,2930,739,1661,668,2.7813,,INLAND,2,,118900,120466
-118.36,33.86,37,1768,314,802,290,5.0784,,<1H OCEAN,4,,295900,292717.02
-118.33,33.92,23,969,288,670,251,3.267,,<1H OCEAN,3,,185400,186036
-118.79,34.14,7,3003,504,1143,466,5.8548,,NEAR OCEAN,4,,500001,370557.09
-117.82,34.13,27,3770,573,1606,562,6.1321,,INLAND,5,,309700,253299
-114.57,33.57,20,1454,326,624,262,1.925,,INLAND,2,,65500,59005
-118.08,34.13,46,1238,147,377,145,8.4546,,INLAND,5,,500001,463860.53
-117.72,34.1,32,3241,895,1592,810,2.4952,,INLAND,2,,181800,137822
-118.25,33.91,36,1950,365,1125,374,3.1111,,<1H OCEAN,3,,119300,118637
-121.71,38.56,20,8627,1516,4071,1466,4.2198,,INLAND,3,,164100,198443
-122.02,38.02,44,1465,247,817,237,4.8693,,NEAR BAY,4,,156900,197404
-122.08,37.39,4,2292,,1050,584,4.8036,,NEAR BAY,4,,340000,278197.02
-117.16,32.74,27,2335,604,982,590,3.1921,,NEAR OCEAN,3,,261500,231372.03
-118.37,34.24,40,1283,246,594,236,4.1121,,<1H OCEAN,3,,229200,216423
-118.31,34,47,1551,362,1329,322,1.9792,,<1H OCEAN,2,,116400,113282
-120.48,37.29,17,2266,693,3200,664,1.5635,,INLAND,2,,60400,77116
-122.54,37.99,32,2236,348,818,330,7.3521,,NEAR BAY,5,,444000,409488.34
-117.11,32.79,16,2574,771,1129,721,3.3849,,NEAR OCEAN,3,,96900,130536
-118.34,34.04,35,2345,607,2042,565,2.5955,,<1H OCEAN,2,,139700,175452
-120.44,34.93,15,868,244,1133,253,2.0995,,<1H OCEAN,2,,87500,114482
-118.54,34.23,29,1753,342,1318,333,4.125,,<1H OCEAN,3,,241400,187300
-117.05,32.76,37,4879,906,2076,871,3.6625,,NEAR OCEAN,3,,154800,159799
-122.04,36.97,30,2695,424,1098,420,5.3972,,NEAR OCEAN,4,,362300,359020.02
-122.53,38.01,27,3121,531,1318,489,5.4781,,NEAR BAY,4,,310900,293197.01
-118.39,34.16,20,4084,1062,1637,987,3.2388,,<1H OCEAN,3,,256300,336110.02
-118.2,34.12,52,1580,426,1462,406,3.3326,,<1H OCEAN,3,,167600,173348
-122.43,37.64,42,4091,757,1861,771,4.207,,NEAR OCEAN,3,,272700,298696
-116.88,34.08,52,3419,777,710,265,3.9028,,INLAND,3,,128600,133667
-122.09,37.41,8,1480,414,856,445,2.8203,,NEAR BAY,2,,284100,209556.01
-121.9,37.3,39,3627,666,1531,635,4.537,,<1H OCEAN,4,,345900,268034.01
-122.78,38.44,14,4143,656,1569,629,3.9766,,<1H OCEAN,3,,345300,201159
-122.31,38.34,19,4187,684,1827,605,4.5293,,NEAR BAY,4,,210400,187098
-117.74,34.02,33,2318,464,1904,451,3.7454,,INLAND,3,,116400,137789
-122.01,37.93,25,2652,335,1062,334,7.5898,,NEAR BAY,5,,330200,358625.08
-118.85,34.21,29,2195,414,1360,401,3.4773,,<1H OCEAN,3,,206700,201532
-122.37,38.33,29,1868,291,764,284,4.825,,NEAR BAY,4,,195100,205505
-118.11,34.07,19,3215,907,3072,870,2.3393,,<1H OCEAN,2,,202300,195057
-121.28,38.7,15,5828,1051,2868,1037,3.7813,,INLAND,3,,143200,146086
-118.1,34.08,37,2894,659,1977,636,2.543,,<1H OCEAN,2,,208100,195628
-120.07,36.96,32,1268,283,549,273,1.4511,,INLAND,1,,65200,62611
-118.37,33.95,32,1067,286,1053,277,2.8438,,<1H OCEAN,2,,181700,192451
-122.42,37.8,52,3823,1040,1830,977,4.2458,,NEAR BAY,3,,450000,484051.83
-118.7,34.3,23,2831,406,1284,393,6.1383,,<1H OCEAN,5,,244100,268988
-117.12,32.57,35,1450,256,930,286,2.6715,,NEAR OCEAN,2,,133300,136284
-122.42,37.8,52,3067,870,2122,850,2.5603,,NEAR BAY,2,,287500,288578.09
-119.25,35.78,27,1513,342,1346,323,2.7411,,INLAND,2,,59800,78312
-122.66,39.02,16,3715,810,943,510,1.7446,,INLAND,2,,109400,96113
-118.45,33.99,52,1010,244,573,242,4.1861,,<1H OCEAN,3,,363200,328862.01
-117.61,34.08,12,4427,,2400,843,4.7147,,INLAND,4,,158700,163484
-117.96,33.93,15,2014,419,839,390,4.7446,,<1H OCEAN,4,,175400,208536
-115.73,32.8,44,472,81,206,57,2.2083,,INLAND,2,,93800,75250
-118.12,34.1,34,2918,555,1435,568,4.2344,,<1H OCEAN,3,,306300,265441.01
-117.96,33.65,18,3603,879,1549,756,4.0229,,<1H OCEAN,3,,363100,232772
-118.57,34.2,33,1759,311,943,315,5.223,,<1H OCEAN,4,,209200,246152
-119.02,35.41,41,2221,516,1106,473,1.97,,INLAND,2,,51900,70828
-119.06,35.33,14,5264,1064,3278,1049,3.8117,,INLAND,3,,82800,90565
-122.44,37.77,52,3505,745,1374,714,4.3667,,NEAR BAY,3,,500001,475154.74
-117.15,32.91,14,1259,238,889,247,4.9464,,<1H OCEAN,4,,174800,184877
-118.44,34.29,30,1632,401,1357,401,3.1588,,<1H OCEAN,3,,160100,167757
-119.8,36.02,20,156,39,171,37,3.05,,INLAND,3,,225000,95445
-119.77,36.78,36,3616,779,1994,786,2.5434,,INLAND,2,,67300,72019
-118.28,33.97,38,1819,497,2110,499,1.6027,,<1H OCEAN,2,,97300,99980
-118.4,34.05,26,4473,923,1518,805,5.0762,,<1H OCEAN,4,,500001,455996.62
-122.07,37.57,8,8647,1407,5019,1379,6.5615,,NEAR BAY,5,,318300,357485.16
-121.56,39.08,26,1377,289,761,267,1.4934,,INLAND,1,,48300,62559
-121.98,37.54,17,5133,1375,3386,1339,3.1326,,<1H OCEAN,3,,220800,202273
-122.29,38.3,52,144,54,89,48,1.0096,,NEAR BAY,1,,162500,188518.02
-118.15,33.9,20,2850,737,1855,662,2.809,,<1H OCEAN,2,,144600,177309
-122.04,37.34,28,3081,460,1260,461,7.5372,,<1H OCEAN,5,,432600,418481.2
-118.49,34.27,34,4877,815,2521,781,5.5714,,<1H OCEAN,4,,225900,260618.01
-117.12,32.74,46,1898,441,978,439,3.2708,,NEAR OCEAN,3,,155200,160006
-118.95,35.38,35,2220,388,906,373,3.5938,,INLAND,3,,95200,89147
-122.08,37.4,23,806,158,373,156,5.9291,,NEAR BAY,4,,284600,333566.03
-118.26,33.88,40,519,102,330,95,3.0972,,<1H OCEAN,3,,108500,138592.01
-119.76,36.79,32,2463,468,1261,486,3.3281,,INLAND,3,,75100,85980
-118.25,33.98,39,1553,461,2271,437,1.7378,,<1H OCEAN,2,,121900,103115
-118.98,35.38,24,1807,465,1460,410,1.4786,,INLAND,1,,54800,50328
-118.92,35.13,29,1297,262,909,253,1.9236,,INLAND,2,,106300,56591
-118.21,33.8,44,1387,280,984,302,4.25,,NEAR OCEAN,3,,143100,186745
-118.27,34.15,7,2837,776,2287,736,3.008,,<1H OCEAN,3,,229000,221287
-119.96,35.99,25,1047,270,1505,286,2.0976,,INLAND,2,,47700,53570
-118,34.15,48,3436,673,1540,648,4.275,,INLAND,3,,256800,256285
-122.46,37.71,45,1799,394,1436,389,3.65,,NEAR OCEAN,3,,239900,236652
-121.32,38.67,31,2532,479,1396,467,4.0417,,INLAND,3,,114500,125680
-118.07,33.96,30,928,230,913,214,2.6991,,<1H OCEAN,2,,147100,160185
-117,32.77,35,2114,317,881,320,5.5,,<1H OCEAN,4,,241400,209323.01
-121.99,37.54,18,3584,715,1673,661,3.9444,,<1H OCEAN,3,,240100,230976
-121.19,38.04,35,703,117,290,107,3.225,,INLAND,3,,177100,145906
-118.56,34.21,13,8327,1849,4126,1773,3.7313,,<1H OCEAN,3,,189800,240931
-116.92,32.82,16,2784,468,1458,465,4.0048,,<1H OCEAN,3,,184600,166326
-122.2,37.78,50,1867,403,1128,378,2.5401,,NEAR BAY,2,,129100,129668
-122.41,37.71,28,5015,1240,3900,1029,1.2269,,NEAR BAY,1,,181900,233251.06
-122.07,37.64,22,5861,1516,5436,1463,2.5158,,NEAR BAY,2,,134900,196931
-118.23,33.95,37,2667,671,2865,683,0.6831,,<1H OCEAN,1,,87500,125210.04
-118.01,33.76,35,2072,349,1249,317,3.9855,,<1H OCEAN,3,,191900,202863
-118.37,33.99,36,3228,543,1305,520,5.1695,,<1H OCEAN,4,,397000,329544.08
-118.27,33.95,34,1261,315,1027,303,2.2946,,<1H OCEAN,2,,88800,104416
-121.33,38.65,24,3533,741,1496,723,2.8106,,INLAND,2,,183200,136426
-122.18,37.76,52,754,175,447,165,3.9063,,NEAR BAY,3,,93800,162200
-121.97,37.28,27,2427,403,1301,438,5.0385,,<1H OCEAN,4,,277300,284925
-117.5,34,15,1929,317,1237,316,4.4063,,INLAND,3,,128500,132529
-124.1,40.9,18,4032,798,1948,775,2.7321,,NEAR OCEAN,2,,92600,91373
-116.43,33.81,8,6710,1343,2069,781,3.5223,,INLAND,3,,115100,158061.06
-120.76,38.47,17,1521,309,607,240,3.5,,INLAND,3,,123800,149039
-118.41,34.17,35,2027,428,879,402,4.692,,<1H OCEAN,4,,330900,315810.02
-122.83,38.4,37,2217,451,1019,428,3.1217,,<1H OCEAN,3,,178500,185911
-118.46,34.4,12,25957,4798,10475,4490,4.542,,<1H OCEAN,4,,195300,209977
-122.19,37.71,36,361,69,158,58,5.5461,,NEAR BAY,4,,262500,296961.06
-119.91,37.23,17,2171,389,1042,375,3.625,,INLAND,3,,94400,125373
-121.92,37.3,36,2088,358,772,347,4.2762,,<1H OCEAN,3,,310100,287427.01
-117.26,32.95,22,5484,1227,1947,1012,4.4375,,NEAR OCEAN,3,,500001,324241.03
-119.01,35.37,33,821,181,579,172,1.2469,,INLAND,1,,46700,57912
-117.67,33.49,15,2782,579,983,525,2.1935,,<1H OCEAN,2,,183300,187287.13
-117.81,35.65,19,1124,290,598,261,1.8984,,INLAND,2,,54300,75285.99
-118.42,33.98,3,475,155,236,153,3.6667,,<1H OCEAN,3,,450000,320211.11
-122.4,37.76,52,1495,311,506,275,4.4375,,NEAR BAY,3,,320000,307997.03
-119.84,36.81,18,2789,378,937,364,7.7062,,INLAND,5,,188300,250838
-121.43,37.75,42,1207,278,699,279,3.3611,,INLAND,3,,117600,122426
-118.22,34.09,36,1427,415,1835,410,2.48,,<1H OCEAN,2,,138900,152022
-117.04,32.55,15,2206,648,2511,648,1.6348,,NEAR OCEAN,2,,93200,121386
-117.14,33.15,16,1129,198,758,178,5.0346,,<1H OCEAN,4,,174600,194267
-117.94,34.04,36,1431,354,1367,334,3.5592,,<1H OCEAN,3,,160200,156513
-117.93,34.57,5,5613,1060,3569,999,3.1946,,INLAND,3,,132700,133277
-118.37,34.16,25,2450,618,1054,578,3.6375,,<1H OCEAN,3,,262500,286616
-117.1,34.21,22,4397,931,1145,445,4.5268,,INLAND,4,,108400,144072
-122.42,40.44,16,994,,495,181,2.1875,,INLAND,2,,76400,86870
-121.47,38.54,47,2085,464,1346,402,1.2679,,INLAND,1,,56700,72639
-118.14,34.08,30,1433,397,1110,346,2.3464,,<1H OCEAN,2,,191700,208286.04
-118.39,34.23,18,3405,831,3001,795,3.0083,,<1H OCEAN,3,,181900,183785
-121.41,38.69,28,1601,308,848,305,3.6429,,INLAND,3,,105200,108696
-123.8,39.44,33,2024,459,1019,422,1.9208,,<1H OCEAN,2,,93600,99522
-117.71,33.54,7,4907,577,1883,556,10.4415,,<1H OCEAN,5,,453800,474405.73
-121.5,38.56,46,2646,645,1684,616,1.128,,INLAND,1,,123100,93676
-117.24,32.75,36,2831,669,1279,660,2.9896,,NEAR OCEAN,2,,252700,260700.01
-118.26,33.82,28,5091,1074,4753,1033,3.6477,,<1H OCEAN,3,,117400,193726
-117.95,33.71,16,6058,1715,3285,1495,3.4133,,<1H OCEAN,3,,290900,184217
-117.24,32.75,41,1989,514,1015,489,2.79,,NEAR OCEAN,2,,226000,257010
-121.35,38.04,12,6217,1019,3771,961,3.7206,,INLAND,3,,146000,133818
-117.57,33.88,39,679,164,769,179,2.3036,,INLAND,2,,110600,123267
-117.24,32.94,12,2165,437,792,386,5.2648,,NEAR OCEAN,4,,294400,270734.04
-121.63,39.12,34,1991,348,804,344,3.4492,,INLAND,3,,98800,126529
-117.9,33.8,27,2176,442,1440,418,4.375,,<1H OCEAN,3,,212500,198235
-122.01,38.26,12,4132,710,2087,633,4.5987,,INLAND,4,,139700,158712
-118.44,34.17,29,2685,642,1085,599,3.2763,,<1H OCEAN,3,,279400,285372.04
-117.92,33.9,13,1814,320,1010,313,6.3489,,<1H OCEAN,5,,337900,289283.02
-122.64,38.01,36,1336,258,678,249,5.5789,,NEAR OCEAN,4,,292000,327147.01
-119.97,36.44,18,1128,237,772,220,2.1771,,INLAND,2,,39200,69235
-117.95,33.79,34,2912,520,1625,501,4.4667,,<1H OCEAN,3,,190600,202538
-118.05,33.84,21,4890,653,2295,654,6.983,,<1H OCEAN,5,,329700,354382.06
-121.26,37.95,44,819,184,677,183,1.725,,INLAND,2,,59300,71432
-118.96,37.64,11,3934,697,901,345,4.2381,,INLAND,3,,242700,128361
-121.64,39.11,18,3212,542,1817,508,3.3793,,INLAND,3,,92900,120363
-117.12,32.76,28,2160,608,1339,571,1.9152,,NEAR OCEAN,2,,128100,126376
-116.92,32.86,11,2204,518,1472,497,2.3693,,<1H OCEAN,2,,127000,134722
-118.83,34.33,6,6679,1164,3196,1157,5.4493,,<1H OCEAN,4,,242600,265232.02
-122.39,37.78,3,3464,1179,1441,919,4.7105,,NEAR BAY,4,,275000,280724.13
-117.25,32.73,38,1840,291,633,283,4.9125,,NEAR OCEAN,4,,383600,397517.13
-120.84,35.3,15,2062,327,781,316,4.9359,,NEAR OCEAN,4,,317700,252005
-117.98,33.7,17,1997,340,952,341,4.4148,,<1H OCEAN,3,,239200,225770
-122.24,37.77,52,1153,235,481,223,2.6411,,NEAR BAY,2,,241000,171973.01
-121.36,38.66,22,2878,599,1362,541,2.7955,,INLAND,2,,96500,132361
-122.5,37.92,32,2639,415,1013,408,6.1632,,NEAR BAY,5,,349200,380193.08
-120.84,37.48,10,2874,612,1960,596,2.7381,,INLAND,2,,104600,108422
-118.31,33.88,21,1490,430,686,400,2.3812,,<1H OCEAN,2,,237500,211700.01
-118.09,34.68,4,23386,4171,10493,3671,4.0211,,INLAND,3,,144000,141829
-119.23,35.77,26,2636,468,1416,485,4.1917,,INLAND,3,,84000,93056
-118.32,34.19,37,1519,331,613,315,3.0179,,<1H OCEAN,3,,272500,239897.02
-118.52,34.22,35,1275,222,959,226,5.0282,,<1H OCEAN,4,,195400,213755.01
-118.3,34.1,25,3926,1715,4865,1612,1.6112,,<1H OCEAN,2,,262500,184954.01
-121.25,36.32,12,4776,1082,4601,1066,2.9184,,<1H OCEAN,2,,100500,152683
-118.15,33.94,36,1948,341,992,363,4.2594,,<1H OCEAN,3,,242400,234420
-117.43,34.01,34,2101,426,1150,377,3.0909,,INLAND,3,,98300,110460
-122.56,37.9,48,1550,253,641,276,8.634,,NEAR BAY,5,,463500,459134.44
-120.84,37.51,20,1901,313,1258,320,3.8958,,INLAND,3,,126800,137431
-118.28,34.06,52,936,454,990,354,1.1122,,<1H OCEAN,1,,187500,221768
-119.17,34.15,18,2509,688,3129,677,2.6098,,NEAR OCEAN,2,,146100,327390.04
-122.04,37.35,28,1582,264,696,270,5.678,,<1H OCEAN,4,,370100,317355.05
-122.28,37.87,52,1813,353,828,339,3.5625,,NEAR BAY,3,,191700,218725.01
-118.06,33.91,24,4880,1044,4516,1050,4.1387,,<1H OCEAN,3,,157700,194250
-118.47,34.15,43,804,117,267,110,8.2269,,<1H OCEAN,5,,500001,467435.69
-118.48,34.04,47,1956,277,724,277,8.9616,,<1H OCEAN,5,,500001,490518.89
-117.08,32.76,27,1221,254,606,259,3.0833,,NEAR OCEAN,3,,155400,189041
-118.71,34.3,20,1586,187,699,209,6.5483,,<1H OCEAN,5,,335000,302990.08
-118.2,34.04,18,796,227,547,218,1.0333,,<1H OCEAN,1,,135400,170074
-122.04,37.88,32,3250,550,1230,557,4.6424,,NEAR BAY,4,,312700,299539.01
-117.76,33.83,15,3086,457,1262,436,6.4415,,<1H OCEAN,5,,300700,292170
-117.11,33.74,18,4799,1035,1966,944,2.1182,,INLAND,2,,71300,103386
-122.22,37.84,50,2935,473,1031,479,7.5,,NEAR BAY,5,,295200,345502.02
-115.37,32.82,30,1602,322,1130,335,3.5735,,INLAND,3,,71100,84477
-118.11,34.16,52,3158,459,1229,444,5.4223,,INLAND,4,,325600,342109
-116.76,34.23,10,4374,989,1020,376,2.6071,,INLAND,2,,89000,99646
-122.12,37.42,36,2607,551,1165,523,5.1524,,NEAR BAY,4,,373100,357339.11
-117.23,32.78,35,1649,355,746,360,4.6293,,NEAR OCEAN,4,,356500,262703.03
-118.44,34.19,19,3487,959,2278,835,2.6709,,<1H OCEAN,2,,215500,211333
-120.9,37.64,26,1762,418,855,308,1.6767,,INLAND,2,,81300,90467
-117.27,34.05,34,1703,395,849,359,3.1607,,INLAND,3,,138200,110187
-120.85,37.06,31,2609,645,1796,629,1.5479,,INLAND,2,,82000,81414
-116.99,32.7,15,3660,622,2629,612,4.0444,,NEAR OCEAN,3,,150100,156235
-121.6,39.15,19,1396,336,940,309,1.5208,,INLAND,2,,70300,102423
-117.32,34.55,18,279,59,188,60,0.8246,,INLAND,1,,91700,95052
-121.47,38.49,17,3595,790,2760,770,2.3233,,INLAND,2,,78800,99973
-118.45,34.23,15,5738,1767,4620,1581,2.3584,,<1H OCEAN,2,,157600,183250.01
-118.08,34.12,27,1685,341,757,317,4.2434,,<1H OCEAN,3,,270500,266410.01
-117.96,33.94,31,2397,518,1407,476,2.6641,,<1H OCEAN,2,,185200,190398
-118.14,34.06,27,5257,1082,3496,1036,3.3906,,<1H OCEAN,3,,237200,238645
-118.88,34.17,15,4260,,1701,669,5.1033,,<1H OCEAN,4,,410700,301758.07
-117.23,33.77,5,2108,496,1666,461,2,,INLAND,2,,83000,102494
-117.88,33.85,26,3924,781,2332,725,3.7772,,<1H OCEAN,3,,223900,203767
-121.3,38.03,13,1014,200,712,197,3.1471,,INLAND,3,,102800,119471
-117.9,33.99,18,8076,1789,5325,1707,3.443,,<1H OCEAN,3,,171900,187801
-117.24,32.74,44,1488,259,667,281,4.0862,,NEAR OCEAN,3,,321800,323816.03
-124.18,40.78,33,1076,222,656,236,2.5096,,NEAR OCEAN,2,,72200,75812
-118.1,33.91,35,1592,335,1238,320,4.9732,,<1H OCEAN,4,,165000,181846
-122.06,37.77,12,14316,2045,5781,2007,7.2634,,NEAR BAY,5,,341600,363461.1
-121.68,39.15,14,2774,451,1292,428,4.3833,,INLAND,3,,115200,136034
-117.14,32.7,32,1280,353,1335,330,1.6023,,NEAR OCEAN,2,,77300,86475
-117.02,32.76,15,1204,326,543,326,1.0278,,<1H OCEAN,1,,154200,145657
-117.86,33.62,17,2975,371,1247,398,10.1989,,<1H OCEAN,5,,500001,457544.42
-117.13,32.79,35,1362,243,698,255,3.6458,,NEAR OCEAN,3,,173800,167717
-118.2,34.04,52,1249,307,1223,297,2.07,,<1H OCEAN,2,,136300,143786
-120.57,38.2,13,4110,847,1796,706,2.6417,,INLAND,2,,122300,129196
-118.17,33.96,25,2249,681,2621,628,2.3,,<1H OCEAN,2,,164200,159843
-117.74,33.46,9,6564,1316,1720,904,4.89,,<1H OCEAN,4,,454100,269619.02
-117.18,34.54,5,3772,619,2097,635,3.8194,,INLAND,3,,98500,123910
-118.42,34.18,40,1013,150,449,166,5.7143,,<1H OCEAN,4,,382400,359274.07
-119.69,34.38,39,1383,459,677,362,2.25,,NEAR OCEAN,2,,281300,270674.06
-117.27,33.03,19,2899,499,1356,512,4.87,,NEAR OCEAN,4,,220900,295385.01
-118.41,34.25,36,1146,259,1173,272,3.6016,,<1H OCEAN,3,,153800,156473
-118.66,34.02,23,8798,1465,2750,1208,8.7364,,NEAR OCEAN,5,,500001,469600.61
-122.15,37.74,43,1383,275,853,272,3.5083,,NEAR BAY,3,,122000,140802
-120.85,37.49,39,2840,733,2606,737,1.9429,,INLAND,2,,76400,77050
-118.29,34.17,12,2238,682,1882,611,2.9,,<1H OCEAN,2,,208300,236692
-122.7,38.43,28,1585,412,1362,424,1.6685,,<1H OCEAN,2,,114100,154225
-117.76,33.86,14,3666,442,1400,433,10.1316,,<1H OCEAN,5,,500001,435676.26
-122.58,38.15,9,1302,177,682,190,7.5,,<1H OCEAN,5,,423200,355495.16
-118.32,34.04,39,2965,812,2638,794,2.532,,<1H OCEAN,2,,172700,194639.01
-120.46,36.87,20,1287,310,954,269,1.3386,,INLAND,1,,63000,57787
-117.92,33.7,15,3201,,1510,622,4.2708,,<1H OCEAN,3,,161700,195817
-121.59,39.39,22,2515,482,1284,462,2.1776,,INLAND,2,,73800,65742
-117.94,34.02,27,5026,955,3899,930,3.871,,<1H OCEAN,3,,162900,176358
-120.45,34.94,26,1058,232,891,243,3.6422,,<1H OCEAN,3,,120600,182524
-117.12,32.76,23,2681,717,1279,648,2.1597,,NEAR OCEAN,2,,116100,124908
-117.34,34,27,321,64,214,67,3.175,,INLAND,3,,101600,113244
-118.05,34.1,30,2143,427,1107,416,4.2321,,INLAND,3,,252200,239961
-118.19,33.82,19,2953,895,1914,855,3.5521,,NEAR OCEAN,3,,290000,230275
-117.38,34.06,17,3139,569,1612,516,3.3571,,INLAND,3,,112300,116863
-121.27,37.97,39,1023,243,550,224,1.1141,,INLAND,1,,54400,74240
-122.18,39.75,30,4157,834,1885,774,1.6948,,INLAND,2,,67500,66991
-118.49,34.03,32,3851,900,1456,836,4.5208,,<1H OCEAN,4,,442100,449849.29
-117.68,33.54,5,2840,403,1363,403,7.618,,<1H OCEAN,5,,341400,323076
-122.92,39.05,38,3131,624,1591,568,2.5457,,INLAND,2,,80700,112553
-120,38.92,26,529,116,191,83,3.5,,INLAND,3,,103600,130118
-121.2,37.79,36,866,160,502,149,2.4798,,INLAND,2,,101500,103421
-117.3,34.11,42,525,111,444,120,2.6771,,INLAND,2,,67000,77225
-118.38,33.86,24,3124,560,1312,542,6.3021,,<1H OCEAN,5,,333800,334762.01
-117.01,33.75,15,2873,903,1094,659,1.8015,,INLAND,2,,105100,105812
-118.04,33.99,47,2530,565,1262,509,3.6475,,<1H OCEAN,3,,197100,207178
-121.25,38.69,24,1014,185,606,194,4.1607,,INLAND,3,,112800,156870
-122.09,37.65,35,1130,192,543,184,4.3897,,NEAR BAY,3,,190600,195037
-121.26,37.96,43,940,208,690,181,2.3056,,INLAND,2,,62300,80425
-117.35,33.97,27,3960,886,2807,838,3.024,,INLAND,3,,122500,109342
-118.2,33.91,36,2283,499,1836,462,2.8793,,<1H OCEAN,2,,118100,139404
-118.46,34.02,46,2571,502,1225,501,6.0436,,<1H OCEAN,5,,473000,422516.2
-118.32,33.94,37,1487,296,863,291,3.1563,,<1H OCEAN,3,,186200,152753
-118.25,33.8,36,1697,394,1274,396,3.35,,<1H OCEAN,3,,163100,168078
-119.75,36.75,49,2331,460,1290,477,2.5111,,INLAND,2,,55400,68391
-122.24,38.14,15,8479,1759,5008,1646,3.724,,NEAR BAY,3,,131600,160373
-119.05,36.07,21,2472,523,1238,504,1.7756,,INLAND,2,,62900,69675
-120.82,37.49,25,1611,285,882,261,3.5547,,INLAND,3,,122400,137845
-121.96,37.06,16,1321,224,650,206,6.3258,,NEAR OCEAN,5,,390000,311998.04
-122.13,37.45,37,1287,197,510,206,7.9029,,NEAR BAY,5,,500001,470016.71
-118.05,33.82,25,1548,279,732,265,5.123,,<1H OCEAN,4,,159600,226246
-122.03,38.25,13,3334,541,1923,538,4.0905,,INLAND,3,,134800,142164
-121.94,37.33,36,1893,359,797,360,3.6818,,<1H OCEAN,3,,257600,261245
-118,33.73,26,2236,280,809,282,6.7395,,<1H OCEAN,5,,342800,321704
-118.32,33.89,44,1300,252,695,249,5.1669,,<1H OCEAN,4,,220600,262215.05
-122.05,37.95,22,5175,1213,2804,1091,2.85,,NEAR BAY,2,,144600,175214
-118.23,34.16,31,3105,582,1359,547,5.1718,,<1H OCEAN,4,,429100,299804.12
-121.46,38.61,43,705,178,464,159,2.4205,,INLAND,2,,60900,117530
-117.14,32.71,52,800,313,1337,282,1.5594,,NEAR OCEAN,2,,87500,88463
-122.46,37.71,47,1527,283,1102,282,4,,NEAR OCEAN,3,,231600,243350
-121.49,38.53,40,2966,536,1225,505,3.125,,INLAND,3,,130600,114421
-118.49,34.22,30,1756,314,899,288,5.0325,,<1H OCEAN,4,,238200,231398.01
-122.03,37.69,20,200,25,83,31,6.5,,NEAR BAY,5,,340000,296420
-117.62,33.77,43,1911,439,930,433,4.6369,,<1H OCEAN,4,,186400,227757.01
-118.07,34.12,30,2201,559,1194,531,4.1136,,INLAND,3,,279900,255737
-118.1,33.96,36,2013,435,1476,475,3.9549,,<1H OCEAN,3,,192100,170194
-118.36,34.03,43,1690,379,1017,359,2.1078,,<1H OCEAN,2,,133500,147560
-117.27,34.17,16,30,3,49,8,4.625,,INLAND,4,,250000,198266.07
-121.62,36.63,52,1437,298,836,257,3.6286,,<1H OCEAN,3,,165500,236050
-118.53,34.26,18,3674,,1590,550,8.176,,<1H OCEAN,5,,308400,408274.18
-118.52,34.04,47,1985,315,819,340,6.5147,,<1H OCEAN,5,,500001,449956.44
-122.4,37.73,42,1413,406,1027,362,2.3625,,NEAR BAY,2,,233000,216793.03
-117.84,33.66,5,1688,430,857,402,3.7857,,<1H OCEAN,3,,231600,247188.04
-122,37.96,28,4071,713,2033,647,4.5833,,INLAND,4,,190700,173484
-118.29,33.96,36,1717,417,902,368,1.4868,,<1H OCEAN,1,,113200,112072
-121.53,39.53,35,1806,293,683,295,4.5156,,INLAND,4,,91200,142024
-121.99,37.34,27,3353,653,1571,621,5.273,,<1H OCEAN,4,,315600,318674.01
-122.23,40.2,17,762,138,322,139,4.2917,,INLAND,3,,128800,134567
-117.25,32.73,37,2224,331,821,341,6.3331,,NEAR OCEAN,5,,400000,412620.21
-118.38,33.81,41,1889,301,802,278,6.015,,NEAR OCEAN,5,,488500,389905.22
-122,37.28,35,3133,541,1449,555,5.7295,,<1H OCEAN,4,,346100,328996
-118.19,33.79,29,3497,1096,2994,919,1.8109,,NEAR OCEAN,2,,137500,146662
-118.26,33.94,45,1080,218,850,237,2.25,,<1H OCEAN,2,,93400,113715
-117.64,33.88,13,8010,1366,3920,1309,5.536,,<1H OCEAN,4,,204800,239660
-122.41,37.61,43,1934,303,847,300,4.7381,,NEAR OCEAN,4,,347400,328237.02
-117.87,33.87,7,2663,642,1367,677,4.6563,,<1H OCEAN,4,,162400,193989
-116.47,33.84,3,9169,1512,3838,1270,4.3111,,INLAND,3,,142500,183548.01
-118.47,34.19,41,1104,196,495,196,5.0929,,<1H OCEAN,4,,225000,263637
-119.84,34.44,28,977,162,537,159,4.2404,,NEAR OCEAN,3,,274300,291372
-120.44,34.65,30,2265,512,1402,471,1.975,,NEAR OCEAN,2,,134000,150467
-118.1,33.9,37,796,175,740,183,3.6,,<1H OCEAN,3,,156400,170023
-118.25,33.93,42,763,191,754,174,2.0486,,<1H OCEAN,2,,101800,94987
-117.07,32.63,37,2372,444,1056,419,3.7583,,NEAR OCEAN,3,,145500,147234
-122.33,38.33,15,3193,468,1303,426,5.3017,,NEAR BAY,4,,202600,231461
-118.37,34.04,43,1465,278,727,290,4.0781,,<1H OCEAN,3,,289400,268870.06
-121.88,37.39,13,3334,565,2240,561,7.105,,<1H OCEAN,5,,273900,336346
-121.22,37.72,34,2123,387,1310,368,2.6368,,INLAND,2,,165600,98481
-121.29,36.9,17,3610,593,1734,559,5.8324,,INLAND,4,,374200,239091
-122.96,38.42,50,2530,524,940,361,2.9375,,<1H OCEAN,2,,122900,167358
-121.84,37.32,14,5762,1538,3979,1389,3.6953,,<1H OCEAN,3,,192600,214956
-119.56,36.09,14,1267,290,1077,279,1.85,,INLAND,2,,52300,56383
-117.13,32.91,16,2715,581,1619,584,4,,<1H OCEAN,3,,154700,165871
-118.99,35.4,43,2225,392,890,374,4.0208,,INLAND,3,,90400,97915
-118.04,33.83,20,1488,312,972,283,4.055,,<1H OCEAN,3,,201900,205097
-121.95,36.61,31,1736,250,497,170,6.3835,,NEAR OCEAN,5,,407800,408936.29
-122.29,37.48,15,5480,892,2009,831,7.4678,,NEAR OCEAN,5,,500001,439685.38
-122.3,37.52,38,2769,387,994,395,5.5902,,NEAR OCEAN,4,,417000,383867.06
-122.34,37.93,30,2515,481,1327,428,2.1287,,NEAR BAY,2,,95000,112342
-117.33,34.03,18,2342,402,1264,382,4.7986,,INLAND,4,,123700,149545
-122.5,37.76,52,2018,422,1142,463,3.7083,,NEAR OCEAN,3,,307700,304683.01
-121.03,37.69,5,4034,771,1967,742,3.8065,,INLAND,3,,146000,144296
-118.28,33.74,16,855,271,486,250,0.7591,,NEAR OCEAN,1,,350000,197863
-118.1,33.82,36,1930,354,915,328,5.2713,,<1H OCEAN,4,,244400,243559
-121.37,38.01,15,2430,315,1016,314,10.0088,,INLAND,5,,242000,408440.31
-118.2,34.2,44,2890,438,1219,429,6.987,,<1H OCEAN,5,,500001,431828.31
-121.84,36.61,26,2902,761,2258,719,2.5663,,<1H OCEAN,2,,128900,163666
-119.52,34.4,20,1834,477,1305,417,3.2125,,NEAR OCEAN,3,,251000,248164
-117.98,34,22,3632,538,1968,566,6.019,,<1H OCEAN,5,,324900,262761.03
-118.42,37.36,18,2281,520,1425,465,1.7388,,INLAND,2,,54400,110470
-115.54,32.98,27,1513,395,1121,381,1.9464,,INLAND,2,,60600,63785
-122.36,37.95,40,408,102,302,81,1.8333,,NEAR BAY,2,,69800,99204
-117.29,32.92,25,2355,381,823,358,6.8322,,NEAR OCEAN,5,,500001,369421.21
-116.25,33.75,33,278,91,375,81,2.025,,INLAND,2,,50000,70469
-117.34,33.98,10,17286,4952,9851,4616,1.7579,,INLAND,2,,103400,105310
-119.78,36.27,29,1871,315,1066,309,4.5714,,INLAND,4,,100800,130728
-120.1,39.33,9,2738,510,1193,412,4.3958,,INLAND,3,,124800,153678
-122.04,37.96,16,2913,723,1705,693,2.9097,,NEAR BAY,2,,106300,163328
-117.91,33.65,19,1589,421,1118,394,4.1029,,<1H OCEAN,3,,213400,230395.01
-118.99,34.23,9,10618,1617,4830,1606,6.6246,,<1H OCEAN,5,,284200,337033.08
-119.27,34.29,32,2274,406,982,393,5.3254,,NEAR OCEAN,4,,385200,324929.03
-118.32,34.03,50,1845,349,1109,335,2.8971,,<1H OCEAN,2,,127800,144180.01
-117.2,33.2,16,4409,629,1875,609,5.543,,<1H OCEAN,4,,286400,297341.01
-117.81,33.71,16,2666,387,1227,347,7.3769,,<1H OCEAN,5,,302400,321234.01
-118.31,33.98,52,1837,426,1062,343,2,,<1H OCEAN,2,,96500,113156
-122.3,37.88,46,1647,376,854,355,2.9,,NEAR BAY,2,,144800,206859
-118.65,34.18,26,4607,656,1769,643,7.4918,,<1H OCEAN,5,,367600,383539.05
-118.39,34.01,25,1101,285,543,294,2.3571,,<1H OCEAN,2,,340600,227952.03
-117.94,33.65,20,5476,1073,2327,963,5.6637,,<1H OCEAN,4,,222100,315805.06
-122.28,37.5,33,6499,998,2694,957,7.4787,,NEAR OCEAN,5,,431300,446811.14
-121.96,37.81,12,6488,778,2404,765,8.3188,,<1H OCEAN,5,,403400,400651.06
-122.43,37.8,52,2802,622,954,572,4.5399,,NEAR BAY,4,,500001,489487.83
-119.77,36.79,34,2679,460,1141,470,3.2642,,INLAND,3,,89600,83931
-122.41,40.58,35,2072,385,1029,375,2.8512,,INLAND,2,,75600,91718
-118.14,34.03,44,2003,390,1291,392,4.0625,,<1H OCEAN,3,,201100,210235
-119.45,36.35,22,1824,333,1076,282,2.3365,,INLAND,2,,69600,75310
-118.46,34,36,1392,260,679,247,4.7344,,<1H OCEAN,4,,346900,390774.16
-122.24,40.45,27,1804,321,782,300,3.5978,,INLAND,3,,80600,94558
-117.25,32.78,21,1479,484,658,384,2.45,,NEAR OCEAN,2,,350000,202078.01
-121.29,38.14,34,1500,337,674,282,2.515,,INLAND,2,,110800,108541
-118.84,34.16,18,6075,1056,2571,1018,5.22,,<1H OCEAN,4,,399400,356735.18
-120.47,37.29,16,749,222,1277,224,1.2054,,INLAND,1,,60900,70770
-122.8,38.37,26,1634,315,909,317,4.1731,,<1H OCEAN,3,,257200,258066
-117.08,32.62,28,2468,506,1353,522,3.0771,,NEAR OCEAN,3,,158600,144659
-119.71,34.41,18,1225,317,694,306,3.6823,,NEAR OCEAN,3,,255000,264360
-117.96,34.04,35,1141,212,924,212,3.1591,,<1H OCEAN,3,,148300,155202
-122.06,37.99,16,2445,469,721,474,2.8043,,NEAR BAY,2,,87500,169230
-121.25,38.14,16,1174,242,464,261,2.3,,INLAND,2,,133300,109673
-121.26,37.88,42,465,93,256,93,3.1719,,INLAND,3,,158300,153424
-122.28,40.5,21,2405,476,1197,412,2.6488,,INLAND,2,,83100,96340
-117.98,33.84,31,1252,225,714,226,4.6042,,<1H OCEAN,4,,220700,197880
-122.09,37.37,34,2165,355,776,339,5.2971,,NEAR BAY,4,,442100,321492.02
-118.08,33.93,34,1558,375,1179,337,3.2188,,<1H OCEAN,3,,165100,161995
-121.84,37.25,25,5939,989,3275,954,5.6488,,<1H OCEAN,4,,234600,273947
-115.56,32.78,29,1568,283,848,245,3.1597,,INLAND,3,,76200,76762
-117.37,33.7,8,4345,865,2425,785,3.2481,,<1H OCEAN,3,,123800,140061
-119.78,34.48,21,2377,322,1007,328,7.9248,,NEAR OCEAN,5,,500001,439259.28
-118.58,34.2,37,1389,252,826,249,5.015,,<1H OCEAN,4,,220900,252626.03
-119.22,34.26,16,2596,625,1403,562,3.4018,,NEAR OCEAN,3,,145200,219622.01
-122.09,37.39,34,1508,483,774,443,2.7279,,NEAR BAY,2,,365600,204038
-118.37,34.05,48,1266,234,539,222,4.005,,<1H OCEAN,3,,275000,348945.04
-119.24,36.33,9,3289,621,1866,631,3.1599,,INLAND,3,,95000,90033
-117.68,34.15,4,4082,578,1996,580,6.7813,,INLAND,5,,286300,287331
-117.78,34.11,23,7079,1381,3205,1327,3.0735,,INLAND,3,,212300,166634
-119.65,36.34,46,1730,337,752,323,1.8529,,INLAND,2,,67200,61420
-118.15,34.07,40,1072,204,940,200,3.125,,<1H OCEAN,3,,242700,183387
-121.75,36.91,52,1211,447,1102,392,1.6875,,<1H OCEAN,2,,161400,149886
-121.65,36.77,15,2191,358,1150,330,4.7969,,<1H OCEAN,4,,227500,241178
-117.75,33.61,17,2499,566,781,522,3.1779,,<1H OCEAN,3,,186500,182307.01
-117.41,33.94,22,4179,1081,2096,1013,2.4435,,INLAND,2,,118500,112638
-117.88,33.85,25,1234,351,507,285,2.3173,,<1H OCEAN,2,,225000,201469
-117.09,32.91,9,2012,316,802,289,6.5706,,<1H OCEAN,5,,255700,272488
-119.18,35.5,36,1253,259,932,249,2.1635,,INLAND,2,,110400,58500
-118.08,34.1,36,2679,548,1605,533,3.5313,,<1H OCEAN,3,,213200,228708
-118.15,34.2,37,1997,361,1037,363,3.7932,,INLAND,3,,210300,250589
-122.49,37.78,46,3304,792,1783,777,3.6148,,NEAR BAY,3,,352200,341807.06
-119.79,36.32,19,3252,614,1971,607,3.0667,,INLAND,3,,75800,80791
-117.66,34.09,23,1426,313,954,319,3.0357,,INLAND,3,,151500,132917
-122.29,37.81,50,760,190,377,122,0.9011,,NEAR BAY,1,,86100,94754
-118.27,33.79,26,2109,651,2120,605,2.1447,,<1H OCEAN,2,,158700,143331
-118.37,34.03,43,1350,287,811,307,3.3636,,<1H OCEAN,3,,140900,235900.01
-117.96,33.83,29,1194,176,474,170,6.1001,,<1H OCEAN,5,,298900,284522.05
-119.2,34.27,8,4942,1173,3012,1033,3.445,,NEAR OCEAN,3,,203400,221552
-118.27,33.98,39,2062,588,1933,570,1.3801,,<1H OCEAN,1,,97000,100535
-119.17,34.26,10,3654,541,1638,551,6.1885,,NEAR OCEAN,5,,267300,337450.13
-118.5,34.52,3,6577,1056,3032,1004,5.9263,,INLAND,4,,251800,236592
-122.27,40.46,14,2633,530,1324,513,2.2768,,INLAND,2,,78600,85716
-117.89,33.71,24,4365,804,2663,753,4.5814,,<1H OCEAN,4,,233300,214156
-121.82,37.37,42,2913,577,1873,580,3.7214,,<1H OCEAN,3,,167900,193463
-117.71,33.54,15,2460,368,962,320,7.3878,,<1H OCEAN,5,,318300,322885.01
-122.48,38.54,37,1898,359,973,340,4.2096,,INLAND,3,,256600,225703
-117.94,34.09,21,2707,675,1742,626,2.1062,,<1H OCEAN,2,,176700,164140
-117.15,32.74,26,3149,832,1320,808,3.0259,,NEAR OCEAN,3,,211700,199162
-118.25,34.02,32,1375,448,1698,432,1.6302,,<1H OCEAN,2,,130700,114988
-117.38,34.11,36,1497,264,894,275,3.3066,,INLAND,3,,96300,105206
-117.38,34.13,23,1326,300,722,263,2.1856,,INLAND,2,,107800,96838
-121.8,38.68,11,3851,892,1847,747,3.4331,,INLAND,3,,120600,132336
-122.06,37.34,20,3435,593,1293,553,6.7578,,<1H OCEAN,5,,451400,374636.17
-117.43,33.93,36,2386,396,1176,374,4.5122,,INLAND,4,,113300,139180
-117.06,33.13,12,8742,2114,4854,1957,2.8015,,<1H OCEAN,2,,143500,144458
-118.52,34.32,18,7498,976,3189,955,8.1248,,<1H OCEAN,5,,374000,407763.12
-117.91,33.94,15,5799,842,2314,787,6.3433,,<1H OCEAN,5,,350500,307943.03
-118.32,34.14,23,4574,1423,1624,995,4.0965,,<1H OCEAN,3,,500001,415635.26
-118.49,34.13,24,4394,,1443,528,11.2979,,<1H OCEAN,5,,500001,500001
-121.94,37.25,16,3942,749,1894,737,5.2894,,<1H OCEAN,4,,332800,276158
-121.44,38.63,38,1673,399,1116,382,1.3302,,INLAND,1,,62200,62707
-118.74,34.26,22,4337,673,2347,636,5.4091,,<1H OCEAN,4,,222400,237664
-119.38,36.53,38,1281,,1423,293,1.9602,,INLAND,2,,51400,56765
-117.95,33.93,37,2633,630,1904,630,2.6123,,<1H OCEAN,2,,161300,170950
-119.69,36.82,17,1897,433,1207,384,1.8021,,INLAND,2,,55900,64708
-121.1,39.08,13,1110,216,602,209,2.5887,,INLAND,2,,144400,126986
-118.04,34.15,34,1523,311,676,295,3.3621,,INLAND,3,,377200,210433
-118.26,33.77,36,886,253,809,219,2.4545,,NEAR OCEAN,2,,164200,165259.01
-117.14,32.71,52,500,,480,108,1.8696,,NEAR OCEAN,2,,91100,116697
-119.25,34.27,46,679,159,382,143,3.5,,NEAR OCEAN,3,,221200,223560
-118.39,34.04,52,1492,277,666,289,4.7386,,<1H OCEAN,4,,340400,367020.06
-118.11,34,24,2403,590,2103,547,2.7292,,<1H OCEAN,2,,193800,174747
-121.38,38.64,19,4563,1069,2256,926,2.1472,,INLAND,2,,143400,107855
-118.02,34.08,29,2741,667,2449,677,3.6944,,INLAND,3,,175200,259880
-116.94,32.83,38,1701,317,872,304,3.7831,,<1H OCEAN,3,,147800,160980
-121.75,36.91,32,1461,422,1494,416,2.8056,,<1H OCEAN,2,,173200,158178
-118.16,33.78,15,4798,1374,3087,1212,2.127,,NEAR OCEAN,2,,163300,166574
-119.77,36.73,44,1960,393,1286,381,2.1518,,INLAND,2,,53000,62239
-119.46,36.61,13,1348,258,719,246,3.625,,INLAND,3,,108300,93393
-118.5,34.19,35,2720,490,1158,445,5.0796,,<1H OCEAN,4,,228300,264849.02
-118.34,33.95,25,3762,1281,4015,1178,2.1587,,<1H OCEAN,2,,143800,151426
-116.91,33.71,19,6807,1164,2703,1055,3.1591,,INLAND,3,,189700,131556
-117.12,32.7,14,819,237,827,237,1.3194,,NEAR OCEAN,1,,90500,92266
-121.97,37.36,36,765,134,306,136,4.575,,<1H OCEAN,4,,247600,263306.01
-122.82,38.53,27,1823,360,907,317,3.276,,<1H OCEAN,3,,172900,180544
-119.06,36.1,21,1344,249,868,221,2.5893,,INLAND,2,,63600,69814
-117.98,33.85,23,2089,377,1085,362,4.765,,<1H OCEAN,4,,181500,230715
-121.43,37.75,30,1912,451,1065,388,2.1424,,INLAND,2,,125000,82680
-116.98,33.93,40,2277,498,1391,453,1.9472,,INLAND,2,,73200,78807
-121.55,39.51,48,827,198,396,161,0.8024,,INLAND,1,,58300,67951
-118.17,33.77,45,2151,643,1047,579,3.1149,,NEAR OCEAN,3,,218800,294633.01
-117.14,32.76,32,2587,681,1246,650,2.1727,,NEAR OCEAN,2,,145500,148394
-118.13,34.07,32,1880,428,1404,424,3.085,,<1H OCEAN,3,,220500,213050
-117.9,33.65,30,1634,373,771,364,3.4125,,<1H OCEAN,3,,284100,286996.02
-118.25,33.86,26,3022,476,1852,452,6.0531,,<1H OCEAN,5,,186400,286685
-119.05,34.21,27,4357,926,2110,876,3.0119,,<1H OCEAN,3,,218200,203250
-121.89,37.66,3,1565,464,769,461,2.1187,,INLAND,2,,231300,168972
-118.4,34.05,34,2113,459,859,432,3.6953,,<1H OCEAN,3,,500001,425118.26
-118.4,33.99,39,1613,380,1113,356,2.825,,<1H OCEAN,2,,276700,269891
-118.23,33.98,30,2562,959,3909,955,1.9929,,<1H OCEAN,2,,150600,125271
-118.25,33.95,48,1766,424,1655,420,0.9751,,<1H OCEAN,1,,95500,97743
-122.27,37.85,52,1974,426,875,363,1.5817,,NEAR BAY,2,,153600,128285
-121.45,38.48,28,2780,510,1638,533,2.9571,,INLAND,2,,103100,98409
-121.36,38.64,24,6540,1008,2667,1031,5.5632,,INLAND,4,,175200,212489
-118.21,34.06,30,511,153,1152,149,2.3611,,<1H OCEAN,2,,156800,136482
-122.75,38.5,16,4196,638,1713,615,5.449,,<1H OCEAN,4,,252100,248232
-122.27,37.51,36,1406,224,598,237,5.8964,,NEAR OCEAN,4,,414800,399625.16
-122.12,37.68,40,1553,253,724,267,4.38,,NEAR BAY,3,,196400,198948
-121.45,38.56,52,3420,555,1301,530,4.0417,,INLAND,3,,173800,154968
-121.55,38.51,14,5490,851,2415,837,6.5253,,INLAND,5,,216800,273643
-117.87,33.6,35,1598,398,782,411,5.1155,,<1H OCEAN,4,,500000,395544.36
-118.05,33.72,17,1875,472,900,406,5.2589,,<1H OCEAN,4,,226100,242228.02
-118.48,34.02,25,1583,460,983,422,2.7019,,<1H OCEAN,2,,293800,365263.08
-119.67,36.8,9,3712,508,1632,474,6.011,,INLAND,5,,163100,166606
-118.09,33.79,31,4231,617,1694,623,6.6312,,<1H OCEAN,5,,360100,389088.18
-118.35,34.07,46,1651,410,512,397,4.0179,,<1H OCEAN,3,,350000,418702.22
-118.2,34.05,40,1082,318,1085,273,1.7054,,<1H OCEAN,2,,117200,140213
-121.01,37.69,20,3275,760,1538,705,2.48,,INLAND,2,,135600,132411
-117.25,34.04,18,5761,1063,2763,1058,4.4472,,INLAND,3,,161100,143748
-122.22,37.78,50,1920,530,1525,477,1.4886,,NEAR BAY,1,,128800,123793
-118.46,33.97,19,2461,521,777,447,10,,<1H OCEAN,5,,500001,487108.68
-117.28,34.17,26,3728,888,1765,727,1.7456,,INLAND,2,,86800,87759
-120.47,34.65,31,1438,320,816,270,2.4583,,NEAR OCEAN,2,,128100,154912
-121.87,37.26,24,2383,343,1146,341,5.6223,,<1H OCEAN,4,,265700,274870
-122.26,38.29,10,969,160,482,180,6.5799,,NEAR BAY,5,,218100,309740.04
-122,38.35,24,745,116,300,115,3.6176,,INLAND,3,,158500,137715
-118.27,34.05,24,323,214,751,189,1.8304,,<1H OCEAN,2,,225000,225608
-118.21,33.96,39,2265,628,2323,599,2.1522,,<1H OCEAN,2,,155300,156765
-118.05,33.78,18,3414,434,1272,454,8.7015,,<1H OCEAN,5,,390900,409610.2
-121.89,37.25,21,2080,352,1040,325,5.2887,,<1H OCEAN,4,,264500,260749
-118.09,33.76,26,1625,440,533,414,1.808,,<1H OCEAN,2,,58500,80236
-119.56,36.09,35,1648,285,792,265,3.2847,,INLAND,3,,64700,77816
-118.13,33.79,20,6678,1797,3625,1599,3.7716,,NEAR OCEAN,3,,242900,244311.02
-122.02,37.87,14,3056,369,1209,377,8.4352,,NEAR BAY,5,,441400,395685.1
-122.26,37.82,31,4596,1331,2048,1180,2.8345,,NEAR BAY,2,,183800,247071
-121.98,37.31,32,2248,460,1191,419,5.606,,<1H OCEAN,4,,288900,307566.02
-117.34,34.13,29,1494,286,991,280,2.125,,INLAND,2,,70600,80455
-117.01,32.81,26,4499,645,1866,626,5.516,,<1H OCEAN,4,,185100,220155
-117.82,33.78,28,4485,667,2048,685,5.4562,,<1H OCEAN,4,,274700,250861
-122.57,40.61,27,1540,315,883,321,2.8036,,INLAND,2,,93400,91892
-118.18,33.95,39,2121,579,1991,528,2.9094,,<1H OCEAN,2,,152200,158468
-117.39,33.95,35,1599,284,721,287,4.125,,INLAND,3,,120700,139619
-117.35,34.15,32,2699,552,2086,551,2.2974,,INLAND,2,,84500,85668
-117.84,33.73,20,2572,732,1534,669,2.4211,,<1H OCEAN,2,,175000,181035.01
-119.54,36.52,16,2703,415,1106,372,4.2045,,INLAND,3,,120900,106840
-122.31,37.54,45,1222,220,492,205,5.539,,NEAR OCEAN,4,,396900,327266.06
-122.4,37.81,12,1349,349,536,334,7.7852,,NEAR BAY,5,,250000,407184.11
-118.33,34.01,47,1320,259,653,291,3.7727,,<1H OCEAN,3,,193000,179919.01
-116.92,32.79,24,4055,742,2123,744,4.5224,,<1H OCEAN,4,,142000,170026
-117.13,33.13,17,3164,652,1123,699,2.082,,<1H OCEAN,2,,80000,135935
-118.25,34.13,52,322,88,229,89,2.125,,<1H OCEAN,2,,243800,219505.04
-121.03,39.37,15,1337,326,1172,306,2.6341,,INLAND,2,,85000,89871
-121.29,37.95,52,288,86,272,54,0.696,,INLAND,1,,42500,72044
-117.88,33.88,15,957,360,615,370,3.0263,,<1H OCEAN,3,,162500,165104
-118.38,34.19,42,1308,289,950,302,2.7379,,<1H OCEAN,2,,181500,188786
-122.09,37.66,40,1340,313,766,271,3.4722,,NEAR BAY,3,,135400,174713
-122.05,39.6,34,2051,342,958,322,2.8466,,INLAND,2,,95300,83202
-117.2,32.77,30,156,45,77,40,3.2679,,NEAR OCEAN,3,,137500,213263.06
-122.03,37.97,20,3968,931,2629,903,2.9915,,NEAR BAY,2,,166700,164112
-117.24,32.85,18,3117,475,904,368,6.7587,,NEAR OCEAN,5,,388500,342899.07
-118.53,34.09,37,5477,833,1925,757,8.1888,,<1H OCEAN,5,,500001,495438.89
-122.29,37.88,50,1211,261,523,227,3.8672,,NEAR BAY,3,,216700,242871
-122.02,37.98,37,1474,343,782,331,3.4187,,NEAR BAY,3,,161700,150903
-122.26,37.48,34,4453,682,1805,672,5.6038,,NEAR OCEAN,4,,451300,343997.02
-122.33,40.52,23,2801,507,1318,454,3.5081,,INLAND,3,,116700,108025
-119.06,34.23,29,3511,632,2591,596,3.0219,,<1H OCEAN,3,,221700,196678
-121.92,37.96,14,5332,884,2093,839,5.2798,,INLAND,4,,237400,197402
-118.88,34.2,23,4862,597,1938,594,7.3409,,<1H OCEAN,5,,316000,346306.02
-122.4,40.58,40,3895,929,1782,910,1.3329,,INLAND,1,,78200,64510
-122.3,38.32,20,2063,486,1045,460,2.5035,,NEAR BAY,2,,153200,158479
-120.1,39.37,10,2325,410,1016,373,4.5208,,INLAND,4,,117300,160992
-119,36.07,20,1042,183,509,175,2.9815,,INLAND,2,,73000,84724
-117.17,32.77,6,3856,875,1547,816,4.5481,,NEAR OCEAN,4,,164800,264749
-122.04,38.25,32,1203,287,571,255,3.0938,,INLAND,3,,110400,125897
-121.84,39.73,52,502,100,311,100,1.5481,,INLAND,2,,200000,90562
-121.23,37.95,36,811,168,514,152,2.625,,INLAND,2,,89200,89282
-116.27,34.13,37,452,109,184,59,3.7292,,INLAND,3,,65800,112711.02
-118.01,34.1,27,2424,542,1713,557,3.8085,,INLAND,3,,181400,217045
-120.4,37.92,22,1022,194,517,198,3.625,,INLAND,3,,99400,138660
-118.35,34.1,18,7432,2793,3596,2270,2.8036,,<1H OCEAN,2,,225000,285578.02
-117.32,33.25,7,2499,420,1314,398,4.85,,<1H OCEAN,4,,186900,192645
-116.9,32.77,8,3600,492,1421,482,6.2609,,<1H OCEAN,5,,307100,292441
-117.08,32.71,27,2204,598,1656,521,1.4821,,NEAR OCEAN,1,,86200,99948
-118.36,33.97,18,1284,283,990,289,4.0179,,<1H OCEAN,3,,195800,240846
-117.41,34,26,2372,621,1647,612,1.4719,,INLAND,1,,88600,93024
-117.33,34.06,42,530,123,390,124,1.0469,,INLAND,1,,67000,82469
-122.15,37.74,49,1325,277,764,282,3.3125,,NEAR BAY,3,,118000,184514.01
-122.07,37.39,19,1465,342,646,345,4.712,,NEAR BAY,4,,289300,267671.01
-121.51,38.55,46,1485,278,531,291,2.7885,,INLAND,2,,137200,122113
-117.15,34.05,9,1442,219,633,230,5.0227,,INLAND,4,,162300,140927
-121.45,38.51,29,4221,901,2294,850,2.2245,,INLAND,2,,75900,84033
-122.05,36.87,18,2232,440,1091,458,3.8269,,NEAR OCEAN,3,,276000,262095
-121.83,37.23,22,5507,841,2785,848,6.0889,,<1H OCEAN,5,,245200,269274
-118.36,33.95,42,2532,627,2038,591,2.875,,<1H OCEAN,2,,177500,158408
-117.18,33.16,15,5923,1206,3943,1006,3.1793,,<1H OCEAN,3,,159900,180228
-117.58,34.09,27,754,200,746,185,1.9531,,INLAND,2,,100800,96866
-121.9,38.04,36,1489,331,838,259,1.2024,,INLAND,1,,90200,86688
-117.46,34.14,10,714,131,381,119,0.8926,,INLAND,1,,116100,127039
-118.43,33.98,19,8324,1590,2927,1538,7.5426,,<1H OCEAN,5,,351700,422023.41
-122.14,39.65,33,419,77,190,67,3.6429,,INLAND,3,,87500,115107
-122.13,39.74,20,1401,280,668,250,2.2569,,INLAND,2,,94300,82812
-121.83,37.3,17,1299,211,825,217,4.5,,<1H OCEAN,3,,235800,225664.03
-118.1,33.99,31,965,217,599,206,2.7202,,<1H OCEAN,2,,190300,175539
-122.46,37.7,37,1028,275,904,261,3.5035,,NEAR OCEAN,3,,238600,237768
-118.28,34.24,29,3390,580,1543,576,5.6184,,<1H OCEAN,4,,316900,294471.01
-121.93,37.89,13,2085,292,852,264,7.3445,,INLAND,5,,366700,292017
-118.5,34.03,52,1711,245,671,242,7.7572,,<1H OCEAN,5,,500001,483166.75
-121.29,38.12,18,1534,275,741,263,3.9607,,INLAND,3,,132500,152962
-117.22,32.85,26,1647,261,694,259,4.6875,,NEAR OCEAN,4,,274400,214390
-122.47,37.77,52,3143,635,1350,623,3.8571,,NEAR BAY,3,,366700,417515.23
-118.38,34.07,16,4814,1381,1897,1209,3.3725,,<1H OCEAN,3,,375000,415291.35
-117.91,34.08,35,1443,266,861,262,3.5795,,<1H OCEAN,3,,186900,196207
-118.32,34.1,52,786,270,756,273,2.2311,,<1H OCEAN,2,,206300,234047.01
-121.36,38.01,16,2178,667,1192,579,2.3339,,INLAND,2,,87100,111086
-118.12,33.99,27,2316,559,2012,544,2.8155,,<1H OCEAN,2,,176800,179642
-118.14,33.91,34,1766,410,974,404,3.0703,,<1H OCEAN,3,,180800,208190
-122.2,37.79,35,1802,459,1009,390,2.3036,,NEAR BAY,2,,126000,122252
-118.13,34.19,42,2203,412,1012,377,4.0714,,INLAND,3,,234000,262877
-118.9,35.41,6,4656,971,2320,935,3.0938,,INLAND,3,,100800,87287
-114.61,34.83,31,2478,464,1346,479,3.212,,INLAND,3,,70400,84198
-118.14,33.78,44,2101,496,1038,500,3.108,,NEAR OCEAN,3,,217900,268700.01
-121.12,35.58,16,4109,798,1298,626,3.4799,,NEAR OCEAN,3,,320800,256849
-117.65,34.04,15,3393,,2039,611,3.9336,,INLAND,3,,151000,161280
-121.84,37.37,28,1579,339,1252,353,4.1615,,<1H OCEAN,3,,214800,177571.01
-118.27,33.79,39,1513,365,1227,354,3.3929,,<1H OCEAN,3,,184600,171546
-120.56,38.48,14,3545,702,946,411,3.4609,,INLAND,3,,120900,138229
-121.39,39.61,22,2828,610,986,391,2.8871,,INLAND,2,,94700,90155
-116.92,32.76,7,1659,237,862,242,5.2741,,<1H OCEAN,4,,249400,185419
-121.29,37.96,52,888,324,630,258,1.2411,,INLAND,1,,112500,88886
-118.03,33.78,25,3554,528,1600,537,6.6453,,<1H OCEAN,5,,270100,319471.02
-117.83,33.68,4,3226,838,1666,800,4.1652,,<1H OCEAN,3,,184500,292862.21
-121.79,36.64,11,32627,6445,28566,6082,2.3087,,<1H OCEAN,2,,118800,167068
-118.43,34.02,42,1528,244,634,242,8.1631,,<1H OCEAN,5,,500001,498183.96
-121.9,36.97,21,3707,751,1420,608,4.4485,,NEAR OCEAN,3,,295200,288794
-121.95,37.33,31,1866,465,821,447,2.3547,,<1H OCEAN,2,,275900,215892
-121.91,37.42,19,1684,387,1224,376,4.1389,,<1H OCEAN,3,,174100,211153
-117.07,33.12,21,4578,927,2818,900,3.1458,,<1H OCEAN,3,,187700,164372
-118.09,33.77,27,2301,640,847,627,1.7208,,<1H OCEAN,2,,67500,94910
-118.32,33.82,22,2508,402,1254,395,7.0935,,<1H OCEAN,5,,379500,376349.18
-118.12,34.04,34,2103,427,1355,434,4.5795,,<1H OCEAN,4,,235300,213617
-118.22,33.89,37,797,190,485,166,2.7434,,<1H OCEAN,2,,95200,123481
-121.86,36.63,37,338,109,231,100,2.5313,,<1H OCEAN,2,,108300,200776.01
-122.43,37.74,52,2229,498,1079,472,5.0196,,NEAR BAY,4,,324300,340065
-119.19,36.06,29,1815,376,1421,339,1.9091,,INLAND,2,,71300,51420
-117.93,33.65,26,5831,1546,4738,1477,3.1483,,<1H OCEAN,3,,213000,215885
-121.09,37.61,42,1787,296,921,287,3.8864,,INLAND,3,,171400,147677
-122.07,37.67,27,3239,671,1469,616,3.2465,,NEAR BAY,3,,230600,214762
-121.18,37.79,16,1326,286,509,297,1.9464,,INLAND,2,,112500,114702
-120.61,35.11,11,3733,831,1839,739,3.3062,,<1H OCEAN,3,,158500,193989
-117.69,34.05,10,1875,366,1055,363,4.3264,,INLAND,3,,128900,153127
-117.14,33.39,17,2889,587,1931,510,3.8547,,<1H OCEAN,3,,208300,214260
-122.95,40.67,17,1498,331,574,242,2.0268,,INLAND,2,,94200,78064
-118.41,33.96,32,1044,219,567,222,4.1471,,<1H OCEAN,3,,284400,317588.04
-119.76,36.8,20,6257,1346,2795,1267,2.2094,,INLAND,2,,83700,76781
-117.18,32.83,31,1772,353,1090,350,3.9265,,NEAR OCEAN,3,,162000,180443
-117.9,34.01,27,1702,381,2091,352,3.7917,,<1H OCEAN,3,,131100,156783
-122.04,37.36,26,3298,460,1241,472,6.8753,,<1H OCEAN,5,,403000,383338.13
-118.46,34.04,17,2729,897,1404,758,3.1235,,<1H OCEAN,3,,420800,366238.14
-122.2,39.93,9,1296,287,768,260,1.9191,,INLAND,2,,54400,90220
-117.77,33.51,29,3590,772,1070,603,4.4464,,<1H OCEAN,3,,500001,358982.12
-121.99,37.26,17,4034,611,1158,560,8.2069,,<1H OCEAN,5,,442500,416014.19
-117.38,33.14,14,5039,1373,1298,696,3.209,,NEAR OCEAN,3,,313300,211308
-119.76,36.75,39,2233,563,2031,491,1.8641,,INLAND,2,,50800,55792
-117.39,33.69,5,6529,997,3464,1006,5.3275,,<1H OCEAN,4,,168700,229597
-117.05,34.02,21,3098,646,1351,614,2.598,,INLAND,2,,106700,105431
-121.42,38.62,33,3171,832,1591,695,2.0786,,INLAND,2,,88600,98229
-117.93,34.05,32,3055,623,1902,565,4.2926,,<1H OCEAN,3,,190700,199034
-122.41,37.8,30,1821,738,1648,684,0.8836,,NEAR BAY,1,,450000,269148.27
-122.11,37.67,36,2110,389,952,370,3.8,,NEAR BAY,3,,187500,198270
-119.61,36.56,34,1911,497,1886,481,1.625,,INLAND,2,,53000,53085
-118.01,34.06,26,557,153,455,196,2.7721,,INLAND,2,,155400,180512
-118.19,33.99,37,2073,614,2544,598,2.9054,,<1H OCEAN,2,,156300,159201
-118.31,34.03,46,2173,510,1343,476,2.025,,<1H OCEAN,2,,135500,145274
-122.04,37.66,23,2419,348,1066,384,6.3501,,NEAR BAY,5,,350000,315354.01
-122.07,37.06,31,1634,370,939,332,3.8625,,NEAR OCEAN,3,,232300,237711
-121.65,37.12,14,4721,999,2648,888,3.6895,,<1H OCEAN,3,,239300,210671.01
-122.37,37.59,39,4645,1196,2156,1113,3.4412,,NEAR OCEAN,3,,353800,359291.01
-118.4,33.96,43,2416,454,1028,409,5.6732,,<1H OCEAN,4,,330700,403321.21
-118.32,33.34,52,996,264,341,160,2.7361,,ISLAND,2,,450000,301390.04
-118.88,35.34,20,1351,255,762,253,2.1111,,INLAND,2,,105300,64219
-118.4,33.87,40,1679,372,719,385,6.435,,<1H OCEAN,5,,479500,465756.44
-121.37,38.68,34,1086,187,663,190,3.3074,,INLAND,3,,84200,96102
-122.1,37.39,36,1860,367,794,366,5.0871,,NEAR BAY,4,,354500,306817.07
-119.81,36.78,36,1650,313,660,298,3,,INLAND,2,,79700,74138
-117.16,33.54,4,4952,1000,2912,943,3.7538,,<1H OCEAN,3,,147500,205189.04
-117.95,33.78,32,2296,560,1376,532,3.7303,,<1H OCEAN,3,,188500,196108
-122.18,37.46,40,2529,293,831,258,15.0001,,NEAR BAY,5,,500001,500001
-118.32,33.97,46,1504,270,814,306,4.3919,,<1H OCEAN,3,,157100,166892
-117.99,33.88,25,3401,509,1503,498,6.6704,,<1H OCEAN,5,,240600,323441.04
-118.26,34.23,33,1805,303,838,301,5.4306,,<1H OCEAN,4,,326600,277794
-120.97,37.67,31,1648,293,792,294,2.4,,INLAND,2,,121500,115205
-117.81,34.01,12,9197,1642,4332,1554,4.9589,,<1H OCEAN,4,,282100,236032
-118.51,34.19,38,2182,409,1141,379,4.2865,,<1H OCEAN,3,,221100,233142.01
-118.17,33.77,45,2508,797,1340,720,2.6786,,NEAR OCEAN,2,,191100,213328
-117.19,33.9,3,21060,3366,9623,2812,4.189,,INLAND,3,,143000,149856
-121.01,37.61,5,3655,696,2316,647,3.4703,,INLAND,3,,129300,134639
-119.69,34.42,17,1826,544,1325,532,1.2762,,<1H OCEAN,1,,253600,222325.01
-118.27,33.93,41,570,135,466,121,2.6458,,<1H OCEAN,2,,91300,124761
-117.81,33.73,19,5471,1345,2828,1247,3.5719,,<1H OCEAN,3,,252800,169785
-118.9,34.3,13,5591,1013,3188,971,5.5925,,<1H OCEAN,4,,208600,295510.02
-117.14,32.76,24,3523,991,1775,873,2.1273,,NEAR OCEAN,2,,142300,146596
-117.27,34.42,9,5643,1005,3166,957,3.2077,,INLAND,3,,93300,106498
-122.06,37.35,31,1795,281,872,282,8.0599,,<1H OCEAN,5,,381800,479097.65
-118.12,33.83,44,1712,314,691,293,4.3594,,<1H OCEAN,3,,221300,254304
-118.84,34.11,12,7508,1058,2484,965,5.8788,,NEAR OCEAN,4,,500001,352989.04
-120.6,35.11,17,2495,524,1292,501,2.2625,,<1H OCEAN,2,,153000,138684
-119.77,36.76,40,2009,519,2219,505,1.2101,,INLAND,1,,49100,53303
-117.81,33.84,17,4343,515,1605,484,10.5981,,<1H OCEAN,5,,460100,457952.5
-117.05,32.68,19,1469,275,1010,292,3.5664,,NEAR OCEAN,3,,150400,132207
-117.94,33.92,32,1053,207,1038,222,4.6696,,<1H OCEAN,4,,165500,169136
-119.63,34.42,42,1765,263,753,260,8.5608,,<1H OCEAN,5,,500001,496746.93
-121.56,39.51,47,1064,245,603,190,1.3654,,INLAND,1,,57900,58025
-117.96,33.83,34,982,148,498,156,6.3214,,<1H OCEAN,5,,220800,268646.01
-118.16,34.09,36,3334,920,2881,800,2.1696,,<1H OCEAN,2,,170800,173092
-117.06,32.81,17,3939,550,1694,553,6.7927,,<1H OCEAN,5,,234700,291572
-119.83,34.44,35,796,281,567,257,2.1389,,NEAR OCEAN,2,,260000,243702.01
-118.44,34.22,39,1529,344,913,314,3.325,,<1H OCEAN,3,,178200,186766
-122,38.83,26,272,49,194,52,3.4187,,INLAND,3,,98400,131038
-118.45,34.25,34,2094,380,1207,380,5.2801,,<1H OCEAN,4,,212300,222616
-118.18,34.09,44,1688,426,1605,384,3.3785,,<1H OCEAN,3,,184900,177704
-122.41,37.75,9,1282,334,1176,305,2.6538,,NEAR BAY,2,,206300,223026.02
-119.02,36.05,22,2078,431,1336,456,2.2202,,INLAND,2,,65200,62107
-121.79,38.69,23,1755,321,1061,313,2.8864,,INLAND,2,,103100,112924
-117.66,34.15,25,3430,485,1284,438,8.5282,,INLAND,5,,360100,351384.08
-117.76,34.05,36,2910,819,3055,782,1.9029,,INLAND,2,,98000,114211
-121.78,37.69,34,2358,498,1157,461,3.3618,,INLAND,3,,174600,158779
-121.38,38.59,36,2253,434,1018,426,3.2596,,INLAND,3,,98700,118391
-117.87,33.92,17,4575,764,2054,737,6.0571,,<1H OCEAN,5,,272400,299936.01
-117.13,33.14,12,2258,456,1147,433,4.0495,,<1H OCEAN,3,,153900,171514
-122.33,37.98,3,2850,544,1024,515,6.0115,,NEAR BAY,5,,175000,305072.01
-118.18,34.13,52,2228,475,1311,452,3.5341,,<1H OCEAN,3,,182100,210318
-121.83,37.27,14,2855,380,1420,383,6.6712,,<1H OCEAN,5,,311500,336209.06
-120.76,38.65,17,2319,430,1126,372,3.5511,,INLAND,3,,155900,147516
-121.24,37.97,47,886,196,517,188,2.1991,,INLAND,2,,67200,93053
-122.11,37.7,29,1298,306,835,338,2.3274,,NEAR BAY,2,,170400,186166.01
-117.14,32.9,16,3217,,2054,687,4.2234,,<1H OCEAN,3,,162100,170831
-121.47,38.56,52,889,162,273,145,3.125,,INLAND,3,,85600,159244
-118.21,33.9,43,1810,357,1335,358,3.1189,,<1H OCEAN,3,,118800,147153
-117.93,33.75,24,1380,339,1472,304,4.2219,,<1H OCEAN,3,,162800,170987
-122.24,37.75,45,891,,384,146,4.9489,,NEAR BAY,4,,247100,276601.02
-117.22,33.81,4,9911,1946,5145,1661,3.4237,,INLAND,3,,113700,142251
-118.03,33.83,25,768,195,529,184,3.175,,<1H OCEAN,3,,132800,221980
-118.31,34.01,39,2073,566,1246,547,2.0417,,<1H OCEAN,2,,117100,132242
-117.23,33.23,13,2899,657,1946,579,2.9875,,<1H OCEAN,2,,172000,142916
-122.93,38.02,28,1284,265,628,219,3.5469,,NEAR OCEAN,3,,200000,255100
-121.45,38.69,32,2962,526,1542,521,2.2243,,INLAND,2,,89200,93939
-122.01,37.4,24,1297,297,441,282,3.1439,,<1H OCEAN,3,,47500,205840.02
-121.47,38.51,52,20,4,74,9,3.625,,INLAND,3,,80000,287758.37
-121.44,37.76,5,7264,1285,3670,1146,5.0443,,INLAND,4,,194800,185012
-122.57,37.99,45,2404,425,926,400,4.9674,,NEAR BAY,4,,320100,340302.11
-122.13,37.4,29,6027,1195,2687,1171,5.1335,,NEAR BAY,4,,461200,359282.09
-118.3,34.17,16,1353,398,1211,357,3.1551,,<1H OCEAN,3,,205000,209250.01
-117.29,34.13,52,2424,528,1171,455,1.4815,,INLAND,1,,77900,79794
-122.05,37.36,34,2400,419,1017,384,4.1369,,<1H OCEAN,3,,316900,297106.01
-118.15,33.8,44,1886,399,1167,372,3.1042,,NEAR OCEAN,3,,219800,215945
-118,33.81,17,1530,404,883,344,2.8835,,<1H OCEAN,2,,196500,179169
-117.96,33.76,22,2520,556,2126,527,3.7734,,<1H OCEAN,3,,193900,176826
-118.11,34.14,52,2401,332,810,308,6.0948,,<1H OCEAN,5,,358700,436549.1
-120.69,38.44,13,1473,265,597,228,4.2917,,INLAND,3,,121300,153686
-117.04,32.98,16,1332,196,640,193,6.0226,,<1H OCEAN,5,,192900,217708
-122.4,37.6,30,5351,1134,2558,1074,3.5817,,NEAR OCEAN,3,,369300,330646.06
-118.6,34.23,19,8866,2355,5005,2194,3.2564,,<1H OCEAN,3,,230300,223535
-118.5,34.15,33,3104,387,1111,376,13.4196,,<1H OCEAN,5,,500001,500001
-118.32,33.9,37,1664,401,1316,409,3.0526,,<1H OCEAN,3,,216400,189656
-122.64,41.73,36,3319,664,1492,631,1.8694,,INLAND,2,,71200,59096
-117.97,33.77,25,1295,417,856,342,2.7157,,<1H OCEAN,2,,350000,191078
-118.09,33.9,37,1147,258,742,242,4.0461,,<1H OCEAN,3,,153500,173564
-120.75,37.37,32,1656,317,1037,286,2.4964,,INLAND,2,,88800,90197
-121.39,36.16,28,1057,249,288,130,3.0526,,NEAR OCEAN,3,,146900,281442.07
-122.3,37.91,39,2686,569,1159,559,2.9441,,NEAR BAY,2,,200400,190406
-118.25,34.15,15,3712,1005,1888,890,3.6875,,<1H OCEAN,3,,209600,239949.01
-121.48,38.58,42,1823,566,761,503,1.245,,INLAND,1,,137500,93386
-121.94,37.29,22,2593,637,1249,623,3.75,,<1H OCEAN,3,,212500,272345
-118.35,33.92,24,2728,845,2023,773,2.75,,<1H OCEAN,2,,239700,210646
-118.92,34.18,17,2400,352,1067,323,6.3522,,<1H OCEAN,5,,259300,302509
-122.5,37.74,44,2374,496,1087,426,3.5,,NEAR OCEAN,3,,275700,282782
-118.33,34.15,44,1321,303,471,301,4.2679,,<1H OCEAN,3,,331800,420505.2
-118.23,34.05,52,346,270,346,251,2.5313,,<1H OCEAN,2,,225000,157244
-117.15,33.02,4,15029,2279,5613,1696,7.2731,,NEAR OCEAN,5,,450400,319137
-118.22,33.99,24,1402,482,1976,466,2.6964,,<1H OCEAN,2,,163200,161823
-116.54,33.81,31,6814,1714,2628,1341,2.1176,,INLAND,2,,124100,97941
-118.02,33.85,31,1922,329,1030,353,5.3416,,<1H OCEAN,4,,213000,231074
-122.05,37.36,29,1733,255,679,278,7.5337,,<1H OCEAN,5,,406800,424912.3
-122.28,37.51,33,4719,,1980,757,6.1064,,NEAR OCEAN,5,,405000,424627.42
-118.86,34.07,16,1409,244,970,172,8.0144,,NEAR OCEAN,5,,500001,465004.65
-122.65,38.97,32,1856,472,703,292,1.1912,,INLAND,1,,60000,75684
-121.91,37.69,23,2179,308,926,299,5.9345,,<1H OCEAN,4,,259600,270823
-120.43,34.87,21,2131,329,1094,353,4.6648,,<1H OCEAN,4,,193000,192763.01
-122.44,37.79,52,2045,353,722,327,8.0755,,NEAR BAY,5,,500001,480305.83
-117.02,32.78,31,2567,,1198,499,3.4659,,<1H OCEAN,3,,163000,160573
-117.83,33.82,23,1100,285,940,267,3.6953,,<1H OCEAN,3,,150000,184969
-117.08,32.69,31,2558,487,1938,492,3.4875,,NEAR OCEAN,3,,117000,123617
-120.1,39.19,17,1480,241,202,80,3.9375,,INLAND,3,,213200,142231
-122.65,38.99,16,4279,951,1596,666,1.8571,,INLAND,2,,75900,97158
-115.69,32.79,18,1564,340,1161,343,2.1792,,INLAND,2,,55200,66362
-121.66,36.37,9,1580,287,465,208,6.1668,,<1H OCEAN,5,,405800,315237.13
-122.39,40.52,24,2068,346,951,332,3.9306,,INLAND,3,,85900,120440
-116.29,33.72,5,3584,760,1097,470,3.1771,,INLAND,3,,167400,118722
-117.71,33.63,16,1565,274,950,280,5.8399,,<1H OCEAN,4,,220600,278319.04
-121.8,37.31,21,2630,446,1789,389,5.0543,,<1H OCEAN,4,,232000,238229.03
-116.46,33.78,33,2565,745,2301,638,2.5477,,INLAND,2,,83000,104304
-118.31,33.83,45,2929,755,1635,652,2.9375,,<1H OCEAN,2,,273000,223771
-120.25,36.65,31,1177,221,744,223,2.4937,,INLAND,2,,66000,79164
-118.08,33.98,36,1492,282,1041,270,4.0677,,<1H OCEAN,3,,165800,170149
-121.85,37.26,16,1982,280,1030,297,6.4339,,<1H OCEAN,5,,289200,270032
-121.73,36.93,29,2931,535,1954,506,3.2917,,<1H OCEAN,3,,224700,185873
-118.38,34.03,44,1913,441,1295,432,3.9537,,<1H OCEAN,3,,266400,283911.04
-118.04,33.83,19,4526,830,2318,748,4.6681,,<1H OCEAN,4,,320700,221097
-122.49,38.27,8,5092,988,1657,936,3.5625,,NEAR BAY,3,,213200,222518
-120.08,39.61,32,1404,247,544,201,2.7778,,INLAND,2,,72900,72764
-116.6,33.06,23,1731,365,612,258,2.7813,,INLAND,2,,172900,152106
-118.37,34.18,42,1140,300,643,252,3.3958,,<1H OCEAN,3,,178400,213167
-117.12,32.75,13,2795,773,1869,690,2.1767,,NEAR OCEAN,2,,101800,117906
-121.91,37.23,22,2614,453,1240,462,6.0712,,<1H OCEAN,5,,271800,274880
-119.78,36.71,35,1987,394,1233,383,1.3587,,INLAND,1,,45300,59140
-118.25,34.07,18,4297,1420,4332,1286,2.2545,,<1H OCEAN,2,,192500,200217
-121.68,36.72,12,19234,4492,12153,4372,3.2652,,<1H OCEAN,3,,152800,190946
-118.19,33.91,35,2695,748,2935,706,2.0134,,<1H OCEAN,2,,132400,135162
-119.73,34.44,48,2114,390,973,367,4.8021,,NEAR OCEAN,4,,351100,334373.08
-116.94,32.84,32,1607,253,778,262,4.5278,,<1H OCEAN,4,,166300,166862
-120.19,39.32,16,1536,298,646,208,2.3594,,INLAND,2,,155700,115487
-118.36,34.18,34,1471,423,995,386,2.9583,,<1H OCEAN,2,,188700,200975
-122.09,37.36,37,2269,325,930,321,7.5274,,NEAR BAY,5,,500001,460709.68
-122.28,37.83,52,1511,390,901,403,1.4103,,NEAR BAY,1,,103900,116622
-121.19,39.05,14,1131,193,520,178,3.9,,INLAND,3,,180400,163395
-122.27,37.77,52,1731,377,872,363,4.1667,,NEAR BAY,3,,225800,243669
-118.16,34.19,44,2195,449,1377,417,3.5887,,<1H OCEAN,3,,153500,201250
-118.18,34.04,44,1079,275,1249,249,3.0417,,<1H OCEAN,3,,141700,141445
-121.06,40.23,23,1127,225,215,85,3.4844,,INLAND,3,,143800,104029
-120.06,37.02,13,6301,1080,3840,1033,3.5258,,INLAND,3,,84900,115596
-121.97,37.36,34,884,153,534,154,6.0116,,<1H OCEAN,5,,271200,297158.01
-117.09,32.7,15,869,217,887,216,1.4583,,NEAR OCEAN,1,,84200,110161
-122.43,37.76,52,3708,849,1531,822,3.3565,,NEAR BAY,3,,386400,381233.01
-122.1,37.68,37,2116,503,1109,448,2.535,,NEAR BAY,2,,174000,179351
-118.31,33.92,35,1307,246,672,219,4.8456,,<1H OCEAN,4,,146400,167432
-117.35,34.04,14,2991,522,1729,537,3.5139,,INLAND,3,,146800,117191
-117.91,34.04,15,8749,1761,5278,1691,4.6324,,<1H OCEAN,4,,168800,243684
-118.08,34,32,1165,358,997,361,0.9817,,<1H OCEAN,1,,166300,166560
-120.62,37.35,18,874,203,572,190,1.6833,,INLAND,2,,71000,96041
-117.66,35.63,33,2579,564,1155,431,2.0441,,INLAND,2,,42100,67782
-122.68,38.43,18,2723,529,1150,520,3.5885,,<1H OCEAN,3,,191900,175403
-118.4,34.09,45,2686,283,857,259,15.0001,,<1H OCEAN,5,,500001,500001
-118.35,34.03,43,2122,524,1510,436,2.2273,,<1H OCEAN,2,,123300,144210
-121.95,37.32,20,1145,198,431,173,3.1103,,<1H OCEAN,3,,281900,230457.02
-117.07,32.71,26,4151,823,2822,697,2.8372,,NEAR OCEAN,2,,123400,132245
-117.71,34.12,20,11250,1893,4952,1859,5.6785,,INLAND,4,,239500,224720
-121.95,37.52,33,3994,764,2721,763,5.2308,,<1H OCEAN,4,,196900,262006.01
-121.35,38.51,29,2337,391,1054,352,4.2206,,INLAND,3,,157700,138535
-122.01,37.37,25,2213,360,1066,390,7.2165,,<1H OCEAN,5,,360900,344176.02
-118.31,34.26,41,1297,327,733,315,3.0583,,<1H OCEAN,3,,160300,244524
-122.04,37.35,20,2016,313,767,310,6.837,,<1H OCEAN,5,,383000,340967.04
-117.03,32.72,38,886,176,505,188,3.5938,,NEAR OCEAN,3,,125400,140054
-118.61,34.21,33,2609,431,1208,406,5.4527,,<1H OCEAN,4,,227100,263973.01
-121.36,38.39,10,5121,763,2568,758,5.2447,,INLAND,4,,148100,183363
-118.26,33.91,39,935,210,711,193,2.4375,,<1H OCEAN,2,,101900,104369
-117.21,34.51,17,4379,629,1720,595,5.086,,INLAND,4,,148400,193441
-122.21,38.1,36,3018,557,1445,556,3.8029,,NEAR BAY,3,,129900,133582
-117.98,33.84,35,984,179,661,199,5.0747,,<1H OCEAN,4,,189600,199520
-122.4,37.76,52,1529,385,1347,348,2.9312,,NEAR BAY,2,,239100,259428.01
-118.33,34.15,39,493,168,259,138,2.3667,,<1H OCEAN,2,,17500,242693.07
-118.36,33.92,26,3695,1144,2308,1009,2.6667,,<1H OCEAN,2,,229300,202535
-122.07,37.67,38,2104,409,1039,394,3.875,,NEAR BAY,3,,165300,209824
-117.39,34.13,9,2228,398,1316,370,4.1632,,INLAND,3,,119800,142900
-121.1,38.92,21,4064,871,1847,859,3.0321,,INLAND,3,,135500,137732
-121.28,37.96,28,1942,724,1618,638,0.9365,,INLAND,1,,52500,76250
-117.68,34.07,32,1775,314,1067,302,4.0375,,INLAND,3,,121300,139482
-118.5,34.19,26,2156,509,1142,470,4,,<1H OCEAN,3,,224700,228826
-122.35,37.93,28,1995,488,1182,439,2.3352,,NEAR BAY,2,,84300,108753
-117.18,32.69,48,2764,491,978,449,5.1249,,NEAR OCEAN,4,,432400,402808.27
-121.87,39.74,7,1737,290,747,265,3.9,,INLAND,3,,147000,124975
-118.01,34.55,2,2701,530,1368,430,4.071,,INLAND,3,,137400,159146
-117.95,33.99,15,3978,692,2418,665,5.0142,,<1H OCEAN,4,,269900,227878
-124.14,41.95,21,2696,578,1208,494,2.275,,NEAR OCEAN,2,,122400,90755
-120.79,38.83,15,1374,291,709,239,1.7222,,INLAND,2,,118500,102223
-121.38,38.49,11,8537,1643,4224,1648,2.9647,,INLAND,2,,108900,114923
-118.13,34.18,52,1464,211,603,226,5.8309,,INLAND,4,,309100,315232.04
-117.28,34.09,44,376,,273,107,2.2917,,INLAND,2,,90800,90757.01
-117.14,32.71,52,1225,332,955,321,1.6011,,NEAR OCEAN,2,,106300,93448
-122.42,38.31,18,1479,246,550,217,4.7356,,NEAR BAY,4,,333300,251230
-119.61,36.33,32,1492,284,926,264,3.0139,,INLAND,3,,61500,76567
-117.89,34.07,35,834,137,392,123,4.5179,,<1H OCEAN,4,,218800,188687
-118.37,34.21,36,2080,455,1939,484,4.2875,,<1H OCEAN,3,,176600,196732
-124.17,40.62,32,1595,309,706,277,2.8958,,NEAR OCEAN,2,,86400,89099
-121.17,37.97,28,1374,248,769,229,3.6389,,INLAND,3,,130400,143583
-121.51,38.54,34,2815,479,1075,471,3.9792,,INLAND,3,,164800,147925
-122.18,37.78,50,1642,322,713,284,3.2984,,NEAR BAY,3,,160700,186620
-118.44,34.06,13,4833,1119,1649,807,6.2389,,<1H OCEAN,5,,500001,378732.18
-122.27,37.85,47,1375,307,843,319,1.3785,,NEAR BAY,1,,142300,128747
-121.47,38.52,42,2316,515,1597,522,1.8205,,INLAND,2,,60400,70374
-122.13,38.26,40,1538,255,669,263,3.3281,,NEAR BAY,3,,170200,137801
-122.05,37.33,21,2052,346,933,351,5.3167,,<1H OCEAN,4,,416300,337328.02
-118.32,34.1,30,2193,965,2197,836,1.8277,,<1H OCEAN,2,,137500,230033.02
-117.02,32.71,20,4050,745,2870,761,3.7366,,NEAR OCEAN,3,,121800,134696
-122.01,37.18,37,3852,652,1534,567,5.8596,,<1H OCEAN,4,,318700,399017.1
-122.09,37.4,26,3218,1021,2087,964,3.2875,,NEAR BAY,3,,182700,266860.03
-118.27,33.99,38,1407,447,1783,402,1.8086,,<1H OCEAN,2,,97100,101001
-118.19,33.95,41,1368,309,1244,312,3.0833,,<1H OCEAN,3,,164800,161340
-117.23,32.99,17,2718,326,1011,319,15.0001,,NEAR OCEAN,5,,500001,496883.85
-114.6,33.62,16,3741,801,2434,824,2.6797,,INLAND,2,,86500,77890
-118.16,34.17,52,1193,228,703,221,3.1741,,<1H OCEAN,3,,163800,209302
-122.47,37.78,52,2275,412,1166,424,4.0652,,NEAR BAY,3,,421300,401330.03
-118.32,34.1,28,1759,716,1463,620,1.7306,,<1H OCEAN,2,,450000,218418
-117.67,33.51,18,1645,393,1490,355,3.4792,,<1H OCEAN,3,,126400,182769.02
-122.47,37.74,52,3797,668,1633,658,5.6787,,NEAR BAY,4,,363600,431484.46
-117.22,32.81,21,1703,335,902,369,3.7813,,NEAR OCEAN,3,,362500,221431.01
-122.28,37.87,52,589,132,288,131,3.5156,,NEAR BAY,3,,200000,197825
-118.34,34.04,42,1681,360,987,337,2.6,,<1H OCEAN,2,,171400,166581
-118.4,34.03,13,6152,1978,3397,1845,3.4058,,<1H OCEAN,3,,275000,294934.07
-117.85,33.76,33,1866,327,1053,371,4.5461,,<1H OCEAN,4,,213800,208186
-117.26,32.81,25,2076,586,1060,554,2.8421,,NEAR OCEAN,2,,227800,247960.02
-118.43,34.05,52,1693,290,727,305,6.7115,,<1H OCEAN,5,,500001,466915.66
-122.74,38.45,25,2696,496,1296,514,4.0798,,<1H OCEAN,3,,179200,198107
-119.18,34.21,46,2062,484,1522,469,3.087,,NEAR OCEAN,3,,213900,196294
-122.49,37.69,35,2576,443,1273,433,4.7391,,NEAR OCEAN,4,,272800,274194
-117.51,33.88,24,3044,602,2541,564,4.131,,INLAND,3,,123800,159630
-117.4,34,24,2316,599,1829,532,1.6955,,INLAND,2,,86800,92472
-122.19,37.76,49,1368,282,790,269,1.7056,,NEAR BAY,2,,91400,86989
-116.97,32.56,23,1262,294,5176,275,2.5625,,NEAR OCEAN,2,,153300,132930
-122.32,37.92,22,1119,220,565,199,3.3594,,NEAR BAY,3,,186900,230981.09
-121.78,37.69,35,2853,588,1761,572,4.3533,,INLAND,3,,168400,191722
-118.26,33.97,44,1246,308,1031,295,1.9556,,<1H OCEAN,2,,96300,99090
-122.69,38.37,8,6322,1001,2969,1043,4.8233,,<1H OCEAN,4,,214000,195302
-118.25,33.99,41,2215,544,2054,480,1.5272,,<1H OCEAN,2,,100300,99975
-117.06,32.63,29,4168,742,2096,713,4.2204,,NEAR OCEAN,3,,169800,158317
-118.22,33.9,22,312,107,583,119,1.9423,,<1H OCEAN,2,,98400,120212
-118.32,34.06,52,955,100,457,120,15.0001,,<1H OCEAN,5,,500001,499831.99
-117.14,33.18,11,5546,974,2300,970,3.7109,,<1H OCEAN,3,,199800,201311
-118.14,33.97,31,1161,267,1175,282,3.0114,,<1H OCEAN,3,,177000,167784
-117.19,34.27,16,7961,1147,879,280,5.2146,,INLAND,4,,255200,162594
-122.72,38.43,31,2020,476,1408,437,2.5735,,<1H OCEAN,2,,131100,161397
-122.09,37.64,36,1885,307,853,271,4.1141,,NEAR BAY,3,,173100,183629
-117.27,34.13,36,3337,687,2388,589,2.9628,,INLAND,2,,87800,89553
-116.98,32.75,25,4137,662,1905,630,4.375,,<1H OCEAN,3,,214000,176847
-122.12,37.82,26,2269,317,918,313,6.6657,,NEAR BAY,5,,364500,350522.07
-121.96,37.95,25,4026,791,1850,709,4.1483,,INLAND,3,,181200,174858
-117.31,33.16,17,1704,263,781,281,5.6605,,NEAR OCEAN,4,,224400,314867.12
-124.15,40.8,47,1486,335,765,329,1.755,,NEAR OCEAN,2,,74100,67454
-117.76,35.63,12,2014,372,1027,356,3.9261,,INLAND,3,,101300,89728
-121.49,38.63,6,12197,2617,5634,2329,3.7449,,INLAND,3,,129300,132752
-119.25,36.32,32,1821,345,812,299,2.75,,INLAND,2,,72200,77690
-120.62,38.71,10,6305,1150,2597,921,4.0197,,INLAND,3,,132200,154425
-118.18,33.8,15,2407,589,1591,506,3.0513,,NEAR OCEAN,3,,148100,193598
-118.06,33.99,47,1588,309,827,292,3.7833,,<1H OCEAN,3,,166100,194426
-122.11,37.7,19,2693,789,1765,724,2.4206,,NEAR BAY,2,,137500,183127
-119.33,35.6,32,2703,683,2682,675,1.4619,,INLAND,1,,60500,52601
-118.41,33.92,22,2340,584,1141,554,4.5729,,<1H OCEAN,4,,337500,351147
-121.99,37.53,25,5405,939,2831,923,5.0423,,<1H OCEAN,4,,222200,244964
-119.82,34.45,24,3592,533,1683,528,6.7247,,NEAR OCEAN,5,,333800,388361.11
-117.08,32.75,20,1989,508,1452,462,2.0077,,NEAR OCEAN,2,,118300,112197
-117.21,32.8,34,1398,222,532,244,3.7102,,NEAR OCEAN,3,,289600,212916.04
-117,32.76,31,2545,373,956,342,4.3977,,<1H OCEAN,3,,226800,191548
-120.35,36.16,18,1519,296,846,272,2.7792,,INLAND,2,,85300,78267
-117.08,33.12,37,1060,268,823,229,1.8363,,<1H OCEAN,2,,145500,144172
-118.39,34.03,25,3442,1050,1890,914,3.0574,,<1H OCEAN,3,,319400,328906.04
-121.3,37.98,47,2373,461,990,444,4.175,,INLAND,3,,98300,163478
-119.85,34.4,14,2307,650,5723,615,2.1652,,NEAR OCEAN,2,,37500,197190
-117.64,33.45,26,1528,,607,218,6.2871,,NEAR OCEAN,5,,325500,331891.12
-117.73,34.07,33,1921,489,1430,467,2.3406,,INLAND,2,,122600,123298
-118.31,33.87,27,3348,695,1545,625,4.7543,,<1H OCEAN,4,,296300,265671
-118.1,34.06,36,1463,369,1492,366,3.25,,<1H OCEAN,3,,179200,165584
-121.97,37.77,13,7241,1007,3221,947,7.2216,,<1H OCEAN,5,,324600,345033.01
-122.08,37.4,52,766,203,448,196,2.5208,,NEAR BAY,2,,316700,216043
-121.92,37.72,4,7477,1576,2937,1506,5.1437,,<1H OCEAN,4,,299400,248272.01
-117.8,33.69,13,1161,289,630,296,3.3438,,<1H OCEAN,3,,333300,225930.06
-117.89,33.74,32,1562,365,2145,347,2.9167,,<1H OCEAN,2,,158400,167082
-118.09,34.12,45,2966,415,1231,409,7.8347,,<1H OCEAN,5,,500001,466118.47
-117.26,33.02,9,4632,759,1724,685,6.3712,,NEAR OCEAN,5,,369800,339737.08
-118.06,33.82,24,3983,675,1568,638,4.6458,,<1H OCEAN,4,,213400,219905
-117.59,33.41,17,2248,448,878,423,5.1298,,NEAR OCEAN,4,,246000,324556.05
-117.39,33.98,37,2337,452,948,437,3.145,,INLAND,3,,169100,121932
-118.54,34.25,26,2639,378,1191,401,6.2788,,<1H OCEAN,5,,322200,291538.01
-122.23,38.12,49,2715,435,1006,429,4.2308,,NEAR BAY,3,,145800,175083
-118.11,33.89,35,1139,197,772,233,4.375,,<1H OCEAN,3,,204700,185227
-122.32,37.95,37,1887,353,895,359,4.45,,NEAR BAY,3,,196600,190311
-121.02,37.61,33,1469,370,1318,349,1.7104,,INLAND,2,,59000,83238
-116.31,33.65,8,3079,558,1572,474,4.5938,,INLAND,4,,102600,199261
-117.24,34.15,23,3847,608,1621,630,4.6111,,INLAND,4,,128400,138433
-122.1,37.66,35,686,142,480,149,3.875,,NEAR BAY,3,,162100,178232
-118.45,34.03,41,2083,528,993,481,4.0231,,<1H OCEAN,3,,353900,434190.52
-121.31,38.71,18,3998,744,2071,660,4.3836,,INLAND,3,,102000,137602
-117.98,34.04,29,1468,310,1390,276,3.75,,<1H OCEAN,3,,190600,167046
-120.14,36.04,27,2533,518,1371,461,2.9708,,INLAND,2,,60900,79204
-117.96,33.65,23,5379,684,1826,555,7.0151,,<1H OCEAN,5,,350600,344447.03
-121.78,37.34,21,1959,292,891,300,7.375,,<1H OCEAN,5,,338400,346749.06
-117.81,33.73,17,1063,189,363,183,2.1719,,<1H OCEAN,2,,261300,161460.01
-118.27,34.08,38,2265,801,2899,792,2.5521,,<1H OCEAN,2,,157500,188913
-117.19,32.77,9,634,152,248,133,3.8571,,NEAR OCEAN,3,,143800,201008.01
-118.28,34.11,46,1156,203,514,213,4.2019,,<1H OCEAN,3,,352100,299786.04
-122.13,37.66,19,862,167,407,183,4.3456,,NEAR BAY,3,,163000,206684
-117.36,33.97,32,1625,335,1212,327,2.7596,,INLAND,2,,82200,101580
-118.56,34.22,34,1599,294,819,306,4.3194,,<1H OCEAN,3,,197000,217671
-120.21,36.98,21,1667,303,861,276,2.6012,,INLAND,2,,92200,85768
-118.15,33.78,12,4436,1133,2176,1002,3.5812,,NEAR OCEAN,3,,198600,263263
-121.42,38.6,36,1327,209,613,230,3.8672,,INLAND,3,,111400,135829
-118.18,33.77,37,2653,754,1087,698,2.3523,,NEAR OCEAN,2,,325000,193516
-117.11,32.69,36,1421,367,1418,355,1.9425,,NEAR OCEAN,2,,93400,87671
-118.42,34.29,34,1489,326,1389,313,3.4821,,<1H OCEAN,3,,160300,153494
-118.74,34.05,19,3487,686,2782,584,7.9184,,NEAR OCEAN,5,,500001,463546.64
-122.44,37.8,52,3149,719,1145,658,4.625,,NEAR BAY,4,,500001,499500.98
-118.34,34.11,40,5485,1242,2034,1133,3.6974,,<1H OCEAN,3,,500001,381257.17
-121.4,38.62,28,3671,886,1733,820,2.2292,,INLAND,2,,113200,111374
-122.14,37.74,52,1071,201,440,192,4.0662,,NEAR BAY,3,,204200,195796
-116.16,33.68,12,1230,277,1334,260,2.2679,,INLAND,2,,61400,74908
-121.88,37.34,40,1547,625,1493,543,1.2887,,<1H OCEAN,1,,212500,210138
-117.64,33.62,16,3970,771,1202,734,3.4115,,<1H OCEAN,3,,184800,214991.05
-118.32,34.11,33,5135,1450,2404,1292,3.2462,,<1H OCEAN,3,,435700,337920.05
-117.91,33.87,29,1121,,762,276,2.5,,<1H OCEAN,2,,143800,194670
-118.05,33.99,42,2480,401,1085,438,5.193,,<1H OCEAN,4,,263400,269119.04
-118.42,34.25,37,1545,341,1909,352,3.6791,,<1H OCEAN,3,,148100,156608
-120.77,37.01,28,1689,378,1057,267,3.125,,INLAND,3,,156300,124819
-118.35,34.18,46,1840,379,866,360,3.3056,,<1H OCEAN,3,,230400,232627
-118.3,34.11,25,1590,218,568,206,8.4389,,<1H OCEAN,5,,500001,446741.56
-117.93,33.87,10,1277,488,730,417,1.4803,,<1H OCEAN,1,,137500,158234
-117.55,34.25,39,1578,317,872,322,4.555,,INLAND,4,,153100,163330
-122.17,37.74,34,1223,281,824,280,2.2917,,NEAR BAY,2,,92500,92626
-117.61,34.09,23,1945,362,1483,383,4.4205,,INLAND,3,,135500,146265
-121.17,38.68,37,1252,267,686,256,3,,INLAND,2,,121900,116616
-122.41,37.61,46,2975,643,1479,577,3.8214,,NEAR OCEAN,3,,273600,272271
-118.46,34.3,32,2424,476,2291,419,4.0337,,<1H OCEAN,3,,158500,175902
-122.7,38.35,16,1328,187,607,197,5.0366,,<1H OCEAN,4,,257800,226713
-122.06,37.73,5,3596,467,1738,512,7.0568,,NEAR BAY,5,,412500,357579.09
-121.81,38.45,24,1951,341,1140,338,3.7061,,INLAND,3,,128500,149709
-117.65,34.14,9,3877,490,1815,490,8.4839,,INLAND,5,,406700,319047.01
-122.45,37.72,52,982,197,653,171,4.2167,,NEAR BAY,3,,231900,255555
-121.76,37,21,1416,269,779,200,3.1987,,<1H OCEAN,3,,279800,225790.02
-122.44,37.66,21,5108,1510,3288,1405,3.1927,,NEAR OCEAN,3,,252600,277031
-117.93,33.83,32,1792,411,1131,381,2.4942,,<1H OCEAN,2,,186300,179729
-118.36,34.19,46,1676,322,846,295,5.1814,,<1H OCEAN,4,,209500,321882.02
-122.24,37.79,27,1632,492,1171,429,2.3173,,NEAR BAY,2,,125000,134742.01
-116.99,32.8,34,3657,538,1513,562,5.2907,,<1H OCEAN,4,,195800,208470.01
-122.02,36.97,39,2124,661,1365,606,1.6642,,NEAR OCEAN,2,,281300,210636
-117.85,33.78,23,3187,870,1977,852,3.3939,,<1H OCEAN,3,,212100,207102
-122.2,37.96,9,6306,962,2581,911,6.7741,,NEAR BAY,5,,310700,351012.09
-122.38,40.56,23,2281,408,1164,420,3.5347,,INLAND,3,,101200,110412
-117,32.85,24,1888,319,950,319,5.282,,<1H OCEAN,4,,140800,180882
-117.1,32.83,16,1049,154,467,160,6.2047,,<1H OCEAN,5,,248100,239450
-118.18,33.78,36,1697,550,1379,434,1.2746,,NEAR OCEAN,1,,129700,150471
-117.82,33.73,27,1270,258,809,264,5.0162,,<1H OCEAN,4,,223000,206692
-120.46,34.63,48,1408,301,682,279,2.9271,,NEAR OCEAN,2,,146600,205122.02
-118.73,36.01,14,3263,651,1910,594,2.8603,,INLAND,2,,128900,84125
-119.7,36.83,23,3532,756,1885,758,2.5904,,INLAND,2,,71400,92044
-118.32,34.05,50,1389,364,976,302,1.5882,,<1H OCEAN,2,,327300,205713.01
-119.1,36.4,31,1533,361,1518,386,1.5608,,INLAND,2,,51700,50381
-118.22,33.83,44,1792,404,1115,358,3.9091,,<1H OCEAN,3,,174400,177028
-118.98,37.65,18,1795,416,483,208,4.5375,,INLAND,4,,169800,144848
-123.02,38.81,45,1717,389,916,367,3.2425,,<1H OCEAN,3,,138800,133980
-122.06,37.38,20,4293,1272,2389,1210,4.2719,,NEAR BAY,3,,270800,329152.18
-122.3,37.88,45,453,146,749,137,1.475,,NEAR BAY,1,,187500,154851.03
-121.54,39.6,15,886,204,576,205,2.1467,,INLAND,2,,84100,79801
-121.53,38.48,5,27870,5027,11935,4855,4.8811,,INLAND,4,,212200,174333
-118.26,33.95,38,1387,346,1240,355,1.6898,,<1H OCEAN,2,,95100,96763
-117.73,34.12,26,6459,894,2487,885,6.2089,,INLAND,5,,261800,250380
-122,37.36,17,6012,1737,3539,1625,3.8464,,<1H OCEAN,3,,239400,272533.02
-115.49,32.67,24,1266,275,1083,298,1.4828,,INLAND,1,,73100,66772
-118.28,34.09,49,3828,1197,2862,1009,2.4677,,<1H OCEAN,2,,219200,247976.03
-118.39,33.86,28,3619,764,1735,789,6.1404,,<1H OCEAN,5,,368400,380671.03
-117.15,34.06,25,3670,644,1815,634,4.0658,,INLAND,3,,127400,125796
-122.29,37.94,20,7578,1426,3637,1362,4.4387,,NEAR BAY,3,,190000,219406.02
-118.55,34.2,21,2549,651,1624,628,3.6905,,<1H OCEAN,3,,179800,236414
-118.15,33.93,42,1839,346,1034,339,4.9808,,<1H OCEAN,4,,212300,210104
-121.18,37.99,31,2450,559,1459,478,2.4674,,INLAND,2,,130900,106884
-122.24,37.8,52,996,228,731,228,2.2697,,NEAR BAY,2,,127000,141576.01
-116.11,33.64,20,1273,354,1548,355,2.0871,,INLAND,2,,84700,64025
-118.31,34.02,52,1832,441,1186,420,1.2434,,<1H OCEAN,1,,98400,118719
-118.55,33.99,39,2603,456,928,410,7.9096,,NEAR OCEAN,5,,500001,488981.77
-121.34,38.55,11,2838,498,1701,504,4.1447,,INLAND,3,,114000,168452
-121.09,37.33,40,524,112,329,96,1.7188,,INLAND,2,,112500,95850
-118.13,34.01,40,2412,629,2119,600,2.075,,<1H OCEAN,2,,151100,152771
-122.26,38.1,30,3317,1058,1794,990,1.1835,,NEAR BAY,1,,133300,152404.03
-123.91,41.68,22,1880,360,743,314,2.9688,,<1H OCEAN,2,,152700,117138
-117.91,33.83,32,1855,527,2568,504,2.5509,,<1H OCEAN,2,,170800,160115
-117.28,32.77,38,1267,340,442,250,4.3403,,NEAR OCEAN,3,,500000,392243.26
-118.24,33.92,44,1079,210,601,182,2.2411,,<1H OCEAN,2,,106400,116437
-118.75,34.17,16,2950,387,1228,379,5.3749,,NEAR OCEAN,4,,346100,300702.02
-119.81,36.28,24,544,112,442,106,3.1071,,INLAND,3,,56100,99914
-121.4,39.33,15,2655,493,1200,432,3.5179,,INLAND,3,,107200,122655
-118.04,34.07,52,177,59,269,75,2.3611,,<1H OCEAN,2,,131300,229383.14
-117.71,34.1,52,567,152,2688,126,1.875,,INLAND,2,,212500,104342
-118.18,33.88,42,2326,503,1832,501,3.1713,,<1H OCEAN,3,,161000,152193
-118.36,33.87,22,2114,541,1300,538,3.4208,,<1H OCEAN,3,,290000,270018
-118.05,34.08,25,4909,1422,4983,1293,2.7254,,<1H OCEAN,2,,143500,187965
-121.36,38,17,4535,762,1562,743,5.3224,,INLAND,4,,225800,207167
-117.8,33.74,33,2890,453,1300,452,6.5616,,<1H OCEAN,5,,290200,333765.03
-121.31,37.96,52,2654,468,1157,494,3.226,,INLAND,3,,107600,127016
-117.26,34.53,10,3103,520,1283,464,3.071,,INLAND,3,,151600,104045
-118.31,34.01,48,2544,532,1357,498,2.5263,,<1H OCEAN,2,,121000,139725
-117.69,33.64,18,3783,654,1843,623,5.7559,,<1H OCEAN,4,,215800,260908
-122.12,39.91,16,4006,797,2028,752,2.3929,,INLAND,2,,77200,90431
-118.07,33.98,32,3304,714,2032,690,3.2093,,<1H OCEAN,3,,167800,185695
-121.79,37.33,13,2978,505,1794,485,6.6813,,<1H OCEAN,5,,277800,318795.03
-118.08,34.14,52,1282,189,431,187,6.1159,,INLAND,5,,470800,355528.03
-116.97,33.75,22,3740,965,2011,824,1.3039,,INLAND,1,,77500,89476
-121.9,37.45,16,2952,446,1525,460,5.6063,,<1H OCEAN,4,,320500,246391
-120.46,37.31,35,2042,378,953,356,2.7344,,INLAND,2,,87800,85731
-122.41,40.53,28,1127,245,538,208,2.037,,INLAND,2,,72000,71321
-118.42,34.28,29,1271,272,1338,266,4.125,,<1H OCEAN,3,,150000,163438
-122.1,40.05,26,633,129,305,140,2.1827,,INLAND,2,,72700,73324
-118.06,33.98,38,1862,319,975,305,4.7266,,<1H OCEAN,4,,177600,205061
-121.03,39.14,10,3138,524,1275,511,4.0775,,INLAND,3,,164500,177491
-119.71,36.79,34,1891,323,966,355,3.6681,,INLAND,3,,82000,89756
-117.69,34,28,707,154,561,129,2.5781,,INLAND,2,,111600,150953
-122.01,37.59,2,838,295,240,149,2.875,,NEAR BAY,2,,237500,235320.06
-115.88,32.93,15,208,49,51,20,4.0208,,INLAND,3,,32500,182440.02
-121.74,39.15,20,2302,412,1205,399,2.8,,INLAND,2,,71200,103986
-117.3,34.13,52,1859,395,968,333,1.2034,,INLAND,1,,79500,81058
-117.95,33.85,13,6963,1426,3892,1375,4.1325,,<1H OCEAN,3,,203500,201361
-122.35,37.93,39,2002,416,1166,395,1.7257,,NEAR BAY,2,,91500,98629
-120.72,37.38,22,1311,319,1455,340,2.2813,,INLAND,2,,67300,85397
-121.09,37.56,32,1717,325,1356,307,2.6705,,INLAND,2,,91900,110059
-120.33,37.97,17,2530,526,1024,496,2.0057,,INLAND,2,,118900,110095
-117.34,33.94,13,7910,,3382,1176,5.5563,,INLAND,4,,214500,200614
-119.91,34.4,24,2001,365,1170,330,6.0992,,NEAR OCEAN,5,,268800,325447.02
-121.59,39.1,24,1107,261,768,205,1.7167,,INLAND,2,,48800,81323
-119.83,36.79,35,1872,363,1054,369,3.3272,,INLAND,3,,65600,89194
-116.92,32.81,23,2668,528,1510,524,3.3669,,<1H OCEAN,3,,158900,161464
-121.93,37.27,35,1855,345,985,329,6.0196,,<1H OCEAN,5,,255100,303571.01
-118.46,34.07,49,2418,301,850,318,14.2867,,<1H OCEAN,5,,500001,500001
-120.98,37.64,45,1913,335,839,333,3.1397,,INLAND,3,,110700,115274
-121.76,37.7,9,3980,736,1705,679,5.7068,,INLAND,4,,256700,238367
-122.06,37.67,22,3882,816,1830,743,4.2733,,NEAR BAY,3,,180700,222180
-122.77,38.33,32,2054,324,843,306,4.5875,,<1H OCEAN,4,,290700,259747
-117.21,34.12,32,1677,354,1021,339,3.6853,,INLAND,3,,90900,109542
-117.66,34.14,8,1692,253,857,251,6.9418,,INLAND,5,,310500,257383
-120.89,37.21,25,3301,678,994,306,3.2262,,INLAND,3,,97200,125192
-120.4,34.85,26,2384,385,1323,400,4.8185,,<1H OCEAN,4,,157900,203491.01
-118.33,33.89,42,1816,338,897,306,5.1874,,<1H OCEAN,4,,230800,265698.03
-121.89,37.28,32,4308,717,2002,695,4.1645,,<1H OCEAN,3,,281900,245452
-118.35,33.89,29,2940,708,2175,684,3.6486,,<1H OCEAN,3,,229000,237907
-122.66,38.81,22,852,176,461,142,3.4375,,INLAND,3,,83300,134097
-117.76,33.53,24,2105,346,712,332,10.6349,,<1H OCEAN,5,,500001,498775.93
-117.9,33.74,25,808,163,1066,189,4.7679,,<1H OCEAN,4,,173100,189084
-118.3,33.88,35,3227,749,1881,696,2.8445,,<1H OCEAN,2,,242100,206093
-118.87,35.65,33,1504,325,584,223,3.4792,,INLAND,3,,94600,86461
-119.28,36.35,7,3598,701,2080,678,3.1111,,INLAND,3,,72400,84629
-117.31,32.98,17,2789,648,849,345,4.1012,,NEAR OCEAN,3,,244700,284515.06
-119.83,34.45,24,2168,373,934,366,5.4197,,NEAR OCEAN,4,,280900,323135
-121.26,37.98,41,1633,433,885,413,0.9782,,INLAND,1,,54200,67567
-122.3,38.3,44,3690,809,1922,736,2.6346,,NEAR BAY,2,,139800,157731
-118.34,33.88,31,3122,727,1885,715,3.8657,,<1H OCEAN,3,,298400,253267
-117.13,32.8,35,2129,382,1044,350,3.9732,,NEAR OCEAN,3,,174900,168605
-117.5,33.92,31,2529,513,1504,426,2.9821,,INLAND,2,,115600,115570
-118.2,34.02,48,2230,593,2419,598,2.3944,,<1H OCEAN,2,,130700,140745
-118.28,33.99,38,1454,323,1098,297,1.5109,,<1H OCEAN,2,,104000,98303
-121.94,37.83,11,2836,373,959,335,10.5815,,INLAND,5,,500001,429816.53
-122.19,37.8,48,1694,259,610,238,4.744,,NEAR BAY,4,,257300,239168
-118.25,33.9,37,2119,442,1372,406,1.9605,,<1H OCEAN,2,,106200,105288
-118.25,33.79,38,1730,460,1724,424,2.7308,,NEAR OCEAN,2,,150400,160765
-121.06,38.88,17,7635,1284,3096,1227,4.2917,,INLAND,3,,184300,180743
-122.19,39.53,34,2679,533,1287,505,2.165,,INLAND,2,,58700,69222
-117.2,32.83,36,1089,240,623,226,2.5909,,NEAR OCEAN,2,,176000,217432
-117.86,33.79,31,3523,922,2660,949,3.1792,,<1H OCEAN,3,,146400,194151
-124.01,40.89,28,1470,336,811,314,2.4559,,<1H OCEAN,2,,75600,91361
-120.2,34.61,15,2958,690,1348,617,3.8582,,NEAR OCEAN,3,,215200,257752.03
-120.97,37.63,39,2360,607,2047,605,1.7054,,INLAND,2,,58800,74012
-121.62,37.09,37,1593,303,1030,287,3.9306,,<1H OCEAN,3,,260700,218432
-117.17,32.81,26,2424,388,974,375,4.739,,NEAR OCEAN,4,,184100,203425
-117.09,32.76,31,1235,387,816,397,1.5517,,NEAR OCEAN,2,,122500,128854
-122.24,37.81,52,1490,238,634,256,6.0302,,NEAR BAY,5,,287300,363100.03
-121.34,38.58,18,1631,228,599,228,7.8031,,INLAND,5,,267200,250581
-118.28,34.03,26,2107,809,2821,572,0.844,,<1H OCEAN,1,,350000,189240.03
-121.88,37.41,23,3224,652,2183,655,4.3807,,<1H OCEAN,3,,226900,213721
-117.11,33.15,14,8374,1407,2916,1295,4.7019,,<1H OCEAN,4,,191100,205694
-118.32,33.98,44,1448,314,861,310,2.2396,,<1H OCEAN,2,,108600,129891
-122.05,37.31,25,4601,696,2003,666,8.0727,,<1H OCEAN,5,,455500,423424.2
-122.3,38.28,31,1633,316,944,300,3.3977,,NEAR BAY,3,,158700,142928
-121.43,38.62,36,1765,438,1008,382,2.0639,,INLAND,2,,73000,73852
-123.23,39.77,25,2075,435,991,377,1.2281,,INLAND,1,,60300,67138
-116.95,33.79,20,2399,546,1726,542,1.8845,,INLAND,2,,77700,83989
-121.01,37.7,12,9148,1906,4656,1853,3.2447,,INLAND,3,,142200,142021
-121.2,38.36,14,2634,463,1402,432,3.8897,,INLAND,3,,175700,147674
-118.15,33.92,40,1335,281,804,282,4.3194,,<1H OCEAN,3,,198400,195924
-122.08,37.39,44,1498,430,848,400,2.8438,,NEAR BAY,2,,307100,205554
-121.24,37.96,37,1175,260,951,267,2.875,,INLAND,2,,57700,77584
-118.02,33.77,33,2683,436,1520,456,5.0091,,<1H OCEAN,4,,211500,235633
-121.3,38.14,17,3507,696,1867,709,3.2123,,INLAND,3,,120700,116657
-118.27,33.99,30,504,140,529,123,1.9531,,<1H OCEAN,2,,100000,100120
-119.95,37.47,32,1312,315,600,265,1.5,,INLAND,1,,91500,98760
-122.04,38.25,52,582,131,241,106,2.4,,INLAND,2,,125000,125352
-121.84,37.4,25,1866,271,840,275,6.8677,,<1H OCEAN,5,,288500,321335
-117.91,33.87,52,2031,506,1191,463,2.9076,,<1H OCEAN,2,,177300,199580.01
-117.94,33.88,35,1694,296,679,282,4.3333,,<1H OCEAN,3,,239300,218696
-119.01,35.44,20,3458,651,1465,621,2.5806,,INLAND,2,,82500,86108
-121.44,39.5,26,1652,325,790,292,3.0446,,INLAND,3,,90800,81725
-122.25,40.15,15,1677,346,858,327,2.4375,,INLAND,2,,59200,95102
-118.16,33.84,36,2444,432,1199,424,4.1538,,<1H OCEAN,3,,218800,216772
-118.3,33.89,37,2132,565,1369,565,3.285,,<1H OCEAN,3,,218100,199900
-117.66,33.46,26,2073,370,952,340,5.0877,,<1H OCEAN,4,,288100,282753.03
-118.32,34.11,42,2462,543,857,482,4.0833,,<1H OCEAN,3,,434400,425725.41
-122.68,38.44,36,1311,259,648,268,3.4545,,<1H OCEAN,3,,161200,174068
-121.84,39.73,52,957,263,513,223,1.3672,,INLAND,1,,55000,87753
-121.26,37.93,33,2109,531,2248,588,1.4583,,INLAND,1,,53000,70800
-118.19,34.05,46,1051,302,1435,305,1.6667,,<1H OCEAN,2,,133600,132240
-117.74,34.07,42,2504,553,1550,509,3.0294,,INLAND,3,,135700,132735
-121.62,39.15,23,1984,528,1043,452,1.9375,,INLAND,2,,65300,78603
-118.92,35.38,33,3122,579,1733,545,3.8307,,INLAND,3,,70600,88331
-122.72,38.42,26,1168,253,937,248,1.9458,,<1H OCEAN,2,,146000,147590
-122.01,38.25,16,1081,181,792,184,4.6779,,INLAND,4,,131300,182074
-118.18,33.83,39,3622,745,1330,648,3.3125,,NEAR OCEAN,3,,425500,285698
-119.78,34.45,23,2077,306,705,256,6.4744,,NEAR OCEAN,5,,500001,328363.02
-118.29,34.09,35,2624,1116,3548,1008,2.0132,,<1H OCEAN,2,,198400,218012
-122.47,37.78,52,2042,378,1153,408,4.1856,,NEAR BAY,3,,404700,402110.05
-122.36,37.94,26,1540,343,1007,338,1.3365,,NEAR BAY,1,,72900,93048
-117.68,33.51,19,2930,428,1481,430,6.323,,<1H OCEAN,5,,480800,293838
-117.61,33.42,31,3959,856,1919,775,4.0313,,NEAR OCEAN,3,,282000,278538.01
-121.9,37.67,15,2130,273,876,285,7.2639,,<1H OCEAN,5,,332400,321620.02
-118.14,33.77,51,2812,621,1171,566,3.875,,NEAR OCEAN,3,,342900,383189.05
-122.42,37.77,52,1176,493,1136,436,1.375,,NEAR BAY,1,,312500,215505.05
-118.12,34,31,3281,768,2385,733,2.7308,,<1H OCEAN,2,,173800,180171
-121.43,38.58,35,5298,954,1933,918,3.9167,,INLAND,3,,155700,147941
-118.17,33.96,25,3297,1066,5027,1041,2.2817,,<1H OCEAN,2,,164200,157166
-122.13,37.72,26,2862,394,1030,397,7.912,,NEAR BAY,5,,367300,408909.07
-118.3,33.97,42,944,200,567,190,2.6311,,<1H OCEAN,2,,124100,127692
-121.87,37.41,24,3308,548,1891,544,5.6683,,<1H OCEAN,4,,248700,246306
-123.36,39.01,35,1551,321,857,288,2.7232,,<1H OCEAN,2,,115400,116568
-122.41,37.8,52,3260,1535,3260,1457,0.9,,NEAR BAY,1,,500001,277692.12
-121.99,36.99,29,3119,507,1476,487,5.8123,,NEAR OCEAN,4,,281500,355455.16
-119.05,35.42,35,2353,483,1368,455,2.325,,INLAND,2,,63200,63235
-116.9,34.25,16,3018,523,556,244,3.5288,,INLAND,3,,189700,135704
-118.35,33.99,48,2741,439,1115,459,5.0514,,<1H OCEAN,4,,269100,252895.02
-122.04,36.95,36,1862,364,1080,364,4.4567,,NEAR OCEAN,3,,263800,266376.01
-122.01,36.95,52,1217,325,508,237,2.0547,,NEAR OCEAN,2,,326700,224806
-122.02,37.95,25,1205,260,608,272,2.4519,,NEAR BAY,2,,208300,166076
-118.05,33.87,18,4928,773,2952,754,5.8855,,<1H OCEAN,4,,313800,292000.04
-116.93,32.79,19,3354,,1948,682,3.0192,,<1H OCEAN,3,,142300,174746
-117.22,34.12,30,2512,597,1390,523,2.3725,,INLAND,2,,77200,86788
-119.83,36.79,24,3505,819,2098,774,1.9575,,INLAND,2,,67000,67589
-118.28,33.96,34,2074,562,1913,514,1.6156,,<1H OCEAN,2,,102100,102402
-119.71,36.82,12,2144,568,1320,566,2.3381,,INLAND,2,,112500,77634
-118.27,33.96,38,977,295,1073,292,1.0208,,<1H OCEAN,1,,86400,94605
-118.26,33.89,36,2230,417,1395,381,2.8493,,<1H OCEAN,2,,109600,141982
-122.48,37.74,52,2166,423,1072,370,4.131,,NEAR OCEAN,3,,314300,320080.02
-118.08,34.12,34,2921,641,1541,562,3.6827,,<1H OCEAN,3,,264100,235943
-118,33.81,13,2782,605,1749,628,4.1276,,<1H OCEAN,3,,153800,185728
-118.2,33.98,43,1091,320,1418,316,2.1522,,<1H OCEAN,2,,159400,153430
-118.3,34.01,52,1908,428,1271,394,2.5885,,<1H OCEAN,2,,136200,125531
-122.44,37.76,38,2202,452,833,435,6.8939,,NEAR BAY,5,,455900,394540.28
-117.94,33.62,28,1765,390,832,349,6.5928,,<1H OCEAN,5,,439100,419732.3
-121.48,38.53,43,1378,280,708,280,2.3542,,INLAND,2,,103900,106593
-117.32,34.1,27,2053,461,1737,463,3.1213,,INLAND,3,,78800,106016
-122.1,37.89,21,3282,653,1398,601,5.2079,,NEAR BAY,4,,310300,284631
-117.97,33.92,24,2017,416,900,436,3,,<1H OCEAN,2,,251400,192938
-118.3,34.06,21,3960,1490,3468,1335,1.8214,,<1H OCEAN,2,,475000,263532.03
-117.91,33.72,32,2436,504,2839,516,4.5607,,<1H OCEAN,4,,182100,194584
-118.33,34.04,33,1806,444,1161,393,2.5927,,<1H OCEAN,2,,161500,165521
-121.47,38.55,52,1384,295,561,244,2.0242,,INLAND,2,,94600,101735
-117.82,33.68,3,3068,494,1357,486,7.9187,,<1H OCEAN,5,,333600,353355.04
-117.94,33.82,29,1422,409,1057,390,2.3347,,<1H OCEAN,2,,208100,181958
-122.28,37.86,52,938,195,393,189,3.8594,,NEAR BAY,3,,196400,217983
-117.64,33.45,27,334,56,130,46,4.875,,NEAR OCEAN,4,,284100,301801.13
-122.13,39,23,3832,774,2435,747,2.2754,,INLAND,2,,59200,85150
-118.44,34.2,28,1732,435,1198,417,2.9219,,<1H OCEAN,2,,241300,201275
-119.58,36.77,19,3225,548,1760,542,4.0227,,INLAND,3,,126500,94835
-118.28,33.99,37,1971,513,1673,464,1.4625,,<1H OCEAN,1,,103000,98522
-121.4,38.55,26,2697,398,1088,389,5,,INLAND,4,,142500,157500
-118.21,33.84,28,822,205,627,192,3.4583,,<1H OCEAN,3,,166300,160688
-119.01,35.36,38,1838,388,1203,373,1.6797,,INLAND,2,,60700,58110
-117.63,34.02,13,4864,729,2780,723,5.6168,,INLAND,4,,175400,194954
-118.18,33.77,36,1833,688,1128,620,1.1483,,NEAR OCEAN,1,,112500,150079
-118.32,34.02,51,2010,460,1355,433,2.0304,,<1H OCEAN,2,,133400,120511
-121.49,38.53,42,1468,281,571,271,3.3906,,INLAND,3,,124200,112175
-120.39,38,33,2177,404,891,383,3.212,,INLAND,3,,105200,121394
-118.21,34.05,26,745,258,694,236,1.3846,,<1H OCEAN,1,,129200,165933.01
-118.22,33.94,42,1046,287,1218,289,2.6538,,<1H OCEAN,2,,143400,128966
-118.19,33.91,33,915,225,826,212,2.7708,,<1H OCEAN,2,,117400,133063
-118.41,34.01,26,2503,449,1218,426,5.3683,,<1H OCEAN,4,,500001,412143.28
-118.12,34.14,25,3420,977,1718,947,3.1033,,<1H OCEAN,3,,217900,217884
-122.34,37.57,28,3751,949,1691,846,3.9728,,NEAR OCEAN,3,,300000,353944
-122.53,38.32,22,3577,,1371,501,5.795,,<1H OCEAN,4,,332300,275244.01
-121.62,36.43,20,1335,290,717,243,4.7891,,<1H OCEAN,4,,230600,238716
-117.87,33.72,37,2216,497,2445,506,3.8421,,<1H OCEAN,3,,174000,178874
-120.69,35.52,26,2758,571,1291,522,2.925,,<1H OCEAN,2,,181400,181585
-121.87,37.66,27,1569,242,583,214,5.7519,,INLAND,4,,278500,275280
-117.73,33.51,5,4549,786,1238,632,6.1785,,<1H OCEAN,5,,295900,355558.15
-121.99,37.33,35,1802,291,841,315,4.8365,,<1H OCEAN,4,,313900,276019.01
-122.01,37.06,19,4113,767,2006,732,5.1121,,NEAR OCEAN,4,,308100,319717.04
-119.64,37.61,30,2857,661,291,135,2.6838,,INLAND,2,,164600,138823
-117.23,32.75,23,2415,653,1275,596,3.1389,,NEAR OCEAN,3,,101800,231492.02
-117.16,32.89,5,8576,1952,5006,1827,4.3598,,<1H OCEAN,3,,189100,210657
-117.98,33.76,24,1880,405,967,418,4.4545,,<1H OCEAN,3,,192500,215955
-118.07,34.11,47,832,194,419,156,3.1576,,<1H OCEAN,3,,225000,236474
-122.45,37.78,45,2747,699,1320,693,3.1576,,NEAR BAY,3,,333300,354529.07
-122.22,38.08,37,2811,,1574,516,3.1053,,NEAR BAY,3,,96700,117136
-118.25,34,32,1218,342,1292,304,1.5781,,<1H OCEAN,2,,102900,103741
-121.96,36.99,23,3209,748,1423,666,2.7375,,NEAR OCEAN,2,,238000,223535
-118.28,34.25,35,2045,450,1166,407,3.5214,,<1H OCEAN,3,,197600,213242
-118.38,34.3,39,1622,355,903,314,4.1125,,<1H OCEAN,3,,183000,200685
-118.37,34.08,22,3008,938,1224,816,3.2149,,<1H OCEAN,3,,300000,369499.1
-121.33,38.7,15,2226,421,1004,417,2.7868,,INLAND,2,,117800,133487
-118.08,34.14,42,2690,589,1149,535,3.88,,INLAND,3,,281100,284268
-122.26,38.16,23,2840,491,1586,466,4.0337,,NEAR BAY,3,,130400,141864
-118.43,34.29,50,1181,265,1196,269,3.2095,,<1H OCEAN,3,,167000,228265.05
-122.44,37.76,30,5089,1210,1935,1139,4.6053,,NEAR BAY,4,,386100,405553.18
-120.86,37.77,28,1208,232,535,232,2.3523,,INLAND,2,,94700,98468
-117.89,33.82,21,1591,298,904,297,4.8906,,<1H OCEAN,4,,179100,216183
-121.37,38.6,36,1119,144,414,150,5.8336,,INLAND,4,,283300,222891
-118.14,33.95,42,1413,228,630,219,6.8564,,<1H OCEAN,5,,300000,420000.36
-122.07,37.66,21,5031,1168,2461,1042,3.875,,NEAR BAY,3,,179300,223841
-118.56,34.41,4,17313,3224,6902,2707,5.6798,,<1H OCEAN,4,,320900,286956.03
-121.88,37.27,24,4567,688,2102,695,5.6895,,<1H OCEAN,4,,289000,259562
-122.2,37.77,39,2689,597,1888,537,2.2562,,NEAR BAY,2,,94800,109196
-118.34,34.17,49,3033,580,1284,561,4.1161,,<1H OCEAN,3,,232500,300311.07
-122.43,37.61,21,10252,2595,4790,2428,4.1692,,NEAR OCEAN,3,,344500,322462.07
-117.99,33.68,13,4000,883,1999,881,4.7245,,<1H OCEAN,4,,273600,256050
-121.91,37.33,52,2212,563,1195,532,2.894,,<1H OCEAN,2,,209500,201345
-118.32,33.88,37,1402,254,722,251,6.4781,,<1H OCEAN,5,,269000,395926.16
-122.05,37.97,16,60,10,65,19,6.1359,,NEAR BAY,5,,250000,230585
-122.2,39.75,18,2603,576,1616,588,2.0192,,INLAND,2,,63700,75076
-123.85,39.42,11,1804,506,895,451,1.7574,,<1H OCEAN,2,,150000,101778
-118.9,34.2,16,6510,817,2304,778,7.9943,,<1H OCEAN,5,,452100,400602.05
-120.86,37.6,25,1178,206,709,214,4.5625,,INLAND,4,,133600,156177
-122.26,38.57,22,509,103,139,73,2.1979,,INLAND,2,,152800,113391
-118.36,33.9,42,1935,388,1136,379,4.74,,<1H OCEAN,4,,230000,229871
-117.57,33.9,7,3797,850,2369,720,3.5525,,INLAND,3,,137600,142782
-119.69,34.43,37,2801,497,1150,476,5.8311,,<1H OCEAN,4,,387700,389201.14
-121.92,36.56,39,2144,538,749,419,2.7039,,NEAR OCEAN,2,,364000,260125.01
-121.47,38.61,35,1372,360,850,328,1.6331,,INLAND,2,,67500,68413
-118.4,34.1,27,3979,510,1351,520,15.0001,,<1H OCEAN,5,,500001,500001
-119.87,36.83,4,4833,784,2088,789,5.1781,,INLAND,4,,122500,143116
-120.42,34.94,32,2844,551,1337,516,2.7188,,<1H OCEAN,2,,133700,154539
-121.27,38.05,26,378,75,164,65,3.4107,,INLAND,3,,82800,138856
-118.15,33.85,36,1435,249,606,234,4.1439,,<1H OCEAN,3,,212600,225564
-122.2,37.9,36,2107,287,740,280,10.3416,,NEAR BAY,5,,500001,495551.95
-118.16,33.78,14,1709,558,1939,520,1.9808,,NEAR OCEAN,2,,139100,157858
-122.38,37.59,49,1657,266,613,270,5.7837,,NEAR OCEAN,4,,378100,407833.29
-118.2,33.9,26,1000,275,1178,263,2.12,,<1H OCEAN,2,,105000,120839
-118.23,33.91,33,677,182,984,174,2.5893,,<1H OCEAN,2,,88900,101737
-121.4,38.63,31,1540,452,1079,444,1.8571,,INLAND,2,,98700,71478
-121.82,37.81,12,4711,659,2089,621,8.3209,,INLAND,5,,485400,313182.04
-118.29,34.08,43,3056,1345,3920,1304,1.925,,<1H OCEAN,2,,300000,221226.01
-118.55,34.17,36,2127,297,761,274,7.8392,,<1H OCEAN,5,,500001,479443.76
-117.85,33.81,32,1766,322,876,330,4.0417,,<1H OCEAN,3,,234500,226424
-117.83,33.81,28,1972,315,970,326,5.4298,,<1H OCEAN,4,,234200,239247
-122.47,37.74,52,1538,305,819,319,4.0846,,NEAR BAY,3,,333600,317770.01
-120.18,34.75,17,2074,382,1035,359,3.7958,,<1H OCEAN,3,,400000,203686.01
-116.99,33.2,17,2980,539,1531,505,3.1553,,<1H OCEAN,3,,250000,205883
-121.76,38.55,23,8800,1857,6330,1832,2.065,,INLAND,2,,219400,105224
-118.36,33.86,35,2126,434,1044,433,5.5456,,<1H OCEAN,4,,297400,322013
-119.72,36.32,40,1185,221,676,256,2.2721,,INLAND,2,,52600,60705
-117.12,32.59,28,2793,706,1825,676,2.6724,,NEAR OCEAN,2,,144500,151967
-122.26,37.54,5,3264,442,1607,453,9.1415,,NEAR BAY,5,,500001,473408.58
-117.58,34.1,4,6360,1584,3359,1396,3.5186,,INLAND,3,,127800,145875
-122.2,37.47,40,2959,389,985,365,9.9025,,NEAR BAY,5,,500001,500001
-116.9,34.69,10,337,102,108,50,0.4999,,INLAND,1,,55000,281585.43
-120.84,38.81,11,1280,286,609,248,3.1635,,INLAND,3,,132600,133256
-117.37,33.97,34,3676,697,2653,682,2.5804,,INLAND,2,,92400,106260
-117.02,32.71,30,3187,592,2082,631,3.5388,,NEAR OCEAN,3,,118500,123658
-118.21,33.92,37,1705,403,1839,410,2.5833,,<1H OCEAN,2,,132700,127229
-121.64,40.9,24,2237,434,834,318,1.7538,,INLAND,2,,90300,70964
-117.23,32.86,16,1675,354,604,332,5.2326,,NEAR OCEAN,4,,188300,250584
-122.92,38.97,20,2067,384,904,333,2.9934,,<1H OCEAN,2,,134200,142286
-118.36,34.09,34,2832,883,1594,843,1.7558,,<1H OCEAN,2,,312500,255765.03
-117.9,33.74,19,1566,379,1032,330,2.2105,,<1H OCEAN,2,,180400,164473
-121.02,39.27,52,3720,707,1424,609,3.2,,INLAND,3,,155000,149286
-122.19,37.76,52,2024,391,1030,350,2.4659,,NEAR BAY,2,,94700,109939
-122.15,37.67,35,2472,398,1171,390,5.5797,,NEAR BAY,4,,198100,278601
-119.18,34.16,12,460,101,405,103,5.2783,,NEAR OCEAN,4,,167400,360142.22
-122.53,37.93,37,1722,352,648,337,4.125,,NEAR BAY,3,,310300,362881.03
-117.67,33.55,6,3157,721,1695,710,3.7609,,<1H OCEAN,3,,222300,180695
-119.85,36.82,15,1387,236,638,195,5.5842,,INLAND,4,,88900,153694
-118.57,34.15,22,5791,706,2059,673,10.9201,,<1H OCEAN,5,,500001,500001
-117.88,33.83,22,3522,543,1706,524,6.4685,,<1H OCEAN,5,,241200,277376
-118.33,34.1,43,2732,1646,3049,1429,1.3157,,<1H OCEAN,1,,333300,269817.12
-117.8,33.75,29,3058,488,1197,474,5.3903,,<1H OCEAN,4,,286600,283274.06
-117.2,34.26,17,9419,1455,1382,459,6.2233,,INLAND,5,,230900,214336
-117.68,33.65,6,10395,1915,4783,1811,5.928,,<1H OCEAN,4,,239900,289633
-119.7,36.82,25,2379,540,1482,484,2.3173,,INLAND,2,,68200,68320
-118.37,34.04,25,542,161,442,131,2.25,,<1H OCEAN,2,,333300,197993.02
-121.63,39.18,13,1907,347,821,367,2.0978,,INLAND,2,,134000,85234
-118.97,35.38,32,1361,363,1483,297,1.625,,INLAND,2,,46800,49409
-121.75,39.4,29,1687,327,864,334,2.4943,,INLAND,2,,81900,77754
-122.32,37.55,46,1437,266,607,263,4.8068,,NEAR OCEAN,4,,369700,354750.07
-117.94,33.93,14,999,232,1037,244,2.7125,,<1H OCEAN,2,,166100,152007
-119.42,36.35,20,1469,303,1031,259,1.6645,,INLAND,2,,48000,58114
-122.31,38,29,3108,534,1687,516,4.3333,,NEAR BAY,3,,170800,176345
-119.96,38.94,27,1492,393,717,254,1.8906,,INLAND,2,,104200,101551.01
-117.04,34,21,4624,852,2174,812,3.5255,,INLAND,3,,132100,117279
-117.9,33.71,15,539,71,287,66,6.3427,,<1H OCEAN,5,,305200,287483.01
-122.46,37.88,35,2492,409,812,373,8.8386,,NEAR BAY,5,,500001,462826.47
-118.34,34.19,48,814,165,490,176,3.1406,,<1H OCEAN,3,,223100,249680.08
-118.36,34.2,14,1878,614,1874,559,2.5267,,<1H OCEAN,2,,231800,192980
-118.18,34.02,43,887,219,965,217,2.625,,<1H OCEAN,2,,133900,138687
-119.83,36.8,24,3756,681,1586,739,3.8571,,INLAND,3,,90100,91999
-118.13,33.84,48,1895,294,881,293,6.3364,,<1H OCEAN,5,,307400,395938.16
-122.71,38.43,38,1689,526,1071,529,1.5026,,<1H OCEAN,2,,124000,154950
-119.72,34.43,36,1156,309,521,304,2.6014,,<1H OCEAN,2,,320600,309231
-117.88,34.12,34,912,165,522,150,4.0417,,<1H OCEAN,3,,178000,169265
-117.23,32.74,16,735,139,299,134,4.6354,,NEAR OCEAN,4,,179200,241788.04
-122.46,37.66,15,6082,1284,3861,1198,5.4221,,NEAR OCEAN,4,,284700,276721
-121.96,37.23,36,4423,632,1719,608,7.8407,,<1H OCEAN,5,,476400,492272.93
-117.14,33.16,16,1660,,733,214,5.6874,,<1H OCEAN,4,,202700,259002.04
-121.29,37.87,29,488,108,308,115,2.6563,,INLAND,2,,103100,106522
-116.05,34.12,19,301,65,150,56,3.125,,INLAND,3,,65600,93614
-118.3,33.89,30,2756,858,1806,787,3.0329,,<1H OCEAN,3,,207800,199029
-122.38,37.58,52,2039,299,772,303,6.471,,NEAR OCEAN,5,,500001,443510.3
-122.26,37.83,52,2432,715,1377,696,2.5898,,NEAR BAY,2,,176000,208991
-117.46,34.1,35,908,226,667,203,2.5833,,INLAND,2,,93500,98498
-121.92,37.33,52,2962,557,1215,506,4.7768,,<1H OCEAN,4,,301100,318543.02
-122.07,37.69,29,2304,618,1021,552,2.5362,,NEAR BAY,2,,203800,194295
-119.84,36.85,8,3791,487,1424,475,10.5144,,INLAND,5,,345900,365136.42
-116.52,33.81,12,12396,2552,2548,1265,3.4394,,INLAND,3,,162200,143596
-122.68,38.07,26,1445,244,510,207,5.6305,,NEAR OCEAN,4,,430000,355692.06
-121.67,36.67,24,3071,544,1477,560,3.9219,,<1H OCEAN,3,,222500,200935
-118.21,33.95,32,1116,328,1265,302,2.295,,<1H OCEAN,2,,155200,144578
-121.98,37.28,28,3688,633,1877,620,5.7251,,<1H OCEAN,4,,272600,299213.02
-117.93,33.84,34,2160,298,852,305,6.0531,,<1H OCEAN,5,,287100,281296.02
-118.78,34.16,9,30405,4093,12873,3931,8.0137,,NEAR OCEAN,5,,399200,444324.34
-122.3,37.9,35,1102,308,688,303,2.3946,,NEAR BAY,2,,141700,161194
-119.23,34.42,16,630,117,343,100,5.75,,<1H OCEAN,4,,325000,304134.02
-122.53,41.81,21,2400,485,1109,443,1.7639,,INLAND,2,,55400,62161
-122.01,37.39,36,1976,361,1348,371,5.6447,,<1H OCEAN,4,,252600,279095.01
-122.34,37.94,47,2313,433,947,430,3.942,,NEAR BAY,3,,143300,161744.01
-121.62,36.71,24,4195,706,2200,647,4.3451,,<1H OCEAN,3,,177800,222558
-118.1,33.84,36,690,109,316,104,3.7813,,<1H OCEAN,3,,209100,197270
-122.5,37.75,45,1672,344,838,314,4.1419,,NEAR OCEAN,3,,291500,283826.01
-118.12,34.68,12,5319,875,2439,779,4.6629,,INLAND,4,,131500,151595
-117.31,33.24,6,1580,288,792,265,4.0469,,<1H OCEAN,3,,162400,188243.03
-120.79,37.08,9,97,20,91,22,2.9063,,INLAND,2,,55000,124314
-121.87,37.34,52,1170,215,604,207,2.6667,,<1H OCEAN,2,,325900,233142
-117.79,33.77,21,4349,553,1680,519,6.9014,,<1H OCEAN,5,,439000,306214
-122.52,37.96,35,2012,346,818,352,5.2818,,NEAR BAY,4,,331000,315160.05
-118.3,33.87,27,3144,722,1510,680,3.1597,,<1H OCEAN,3,,214700,229042
-118.05,34.06,45,531,164,722,166,2.1406,,<1H OCEAN,2,,162500,176819.02
-118.21,34.14,44,1681,407,1105,387,3.2222,,<1H OCEAN,3,,186500,197451
-117.98,33.78,31,2825,546,1908,563,3.9798,,<1H OCEAN,3,,187500,197203
-117.15,34.04,14,2845,420,1172,377,7.5822,,INLAND,5,,283100,268202
-118.11,33.81,37,1694,280,776,271,6.2187,,<1H OCEAN,5,,257900,391556.14
-118.48,34.21,25,2879,723,2077,649,3.3864,,<1H OCEAN,3,,197400,213092
-118.17,33.82,52,2539,497,1152,488,4.1354,,NEAR OCEAN,3,,268200,251807
-121.22,38.4,14,2655,441,1277,422,4.6989,,INLAND,4,,213800,171651
-118.19,34.12,46,3387,820,2833,813,2.987,,<1H OCEAN,2,,176900,194837
-117.71,34.08,26,2744,494,1411,465,4.2639,,INLAND,3,,154200,166113
-118.08,33.85,22,1055,204,682,216,6,,<1H OCEAN,4,,191300,269525.01
-118.4,33.87,45,2093,497,842,472,6.3231,,<1H OCEAN,5,,500001,446741.37
-117.4,34.04,17,1906,334,1550,338,3.025,,INLAND,3,,81800,106051
-123.5,39.67,22,2124,450,1122,446,2.1793,,INLAND,2,,71500,86248
-120.67,37.37,18,164,30,104,32,1.6607,,INLAND,2,,87500,114865
-121.48,38.54,41,3364,685,1841,626,2.1975,,INLAND,2,,73500,88194
-122.18,37.45,43,2061,437,817,385,4.4688,,NEAR BAY,3,,460200,395641.39
-117.01,32.76,34,3415,608,1464,593,4.0549,,<1H OCEAN,3,,223700,173421
-118.36,33.93,40,1625,500,2036,476,2.6298,,<1H OCEAN,2,,156500,175833
-122.71,38.34,22,1249,335,699,308,2.6033,,<1H OCEAN,2,,121600,176257
-118.51,34.2,35,1614,308,850,330,4.1806,,<1H OCEAN,3,,209000,213935
-118.56,34.18,36,1366,224,719,270,4.8264,,<1H OCEAN,4,,251000,239139
-122.09,37.35,30,1502,186,501,180,10.0259,,NEAR BAY,5,,500001,499543.99
-119.01,36.05,27,1127,294,839,276,1.3807,,INLAND,1,,53100,50656
-117.4,34.08,21,3622,667,2503,720,3.8531,,INLAND,3,,105400,124353
-118.41,34.24,38,490,101,402,100,3.125,,<1H OCEAN,3,,175900,227548
-117.9,33.74,18,1884,442,1915,442,2.3783,,<1H OCEAN,2,,166700,164926
-117.92,34.09,35,1810,318,1164,332,5.0123,,<1H OCEAN,4,,165700,207314
-122.28,37.52,29,1526,355,724,315,4.0313,,NEAR OCEAN,3,,435200,304816.01
-117.22,33.14,5,4576,848,2314,705,5.0123,,NEAR OCEAN,4,,210400,270840.04
-122.41,37.75,52,1678,386,1220,357,2.5809,,NEAR BAY,2,,255300,245024.02
-122.47,37.76,52,4001,809,1886,756,3.3239,,NEAR BAY,3,,350000,343294.01
-118.24,33.93,37,1027,258,824,248,1.5132,,<1H OCEAN,2,,86300,93030
-118.32,34.04,47,1989,532,1430,519,1.8333,,<1H OCEAN,2,,151100,149878
-120.27,37.12,17,3328,628,1580,619,2.9861,,INLAND,2,,81500,103485
-121.07,39.15,15,6828,1319,3002,1318,2.4726,,INLAND,2,,143400,121185
-122.27,37.82,43,1868,456,1061,407,1.5045,,NEAR BAY,2,,93800,137657
-120.43,37.35,15,1613,203,673,213,5.9378,,INLAND,4,,212200,174326
-122.47,37.79,52,2383,477,990,464,3.9688,,NEAR BAY,3,,483300,477262.68
-122.31,37.91,39,2955,696,1417,682,2.7628,,NEAR BAY,2,,167800,169419
-118.14,33.76,52,2677,642,1144,624,4.3889,,NEAR OCEAN,3,,378000,374806.01
-121.9,37.37,20,78,72,120,69,1.0938,,<1H OCEAN,1,,187500,272991.11
-118.01,33.84,28,4097,838,2112,803,4.5,,<1H OCEAN,3,,202100,200845
-117.7,33.57,4,3283,911,1512,782,3.3125,,<1H OCEAN,3,,138500,230173.04
-119.94,38.95,25,1789,536,1134,396,2.32,,INLAND,2,,91300,114200
-121.82,37.26,10,3030,574,1623,589,5.1356,,<1H OCEAN,4,,218700,264508.01
-121.24,38.78,18,549,143,249,136,0.8691,,INLAND,1,,136500,109180
-122.42,37.77,52,1925,568,867,515,2.879,,NEAR BAY,2,,450000,330969.06
-122.3,37.9,30,1772,471,880,437,2.2672,,NEAR BAY,2,,162500,170728
-118.15,33.78,13,3056,861,1600,824,3.3003,,NEAR OCEAN,3,,207800,236270
-117.88,33.87,35,1919,349,1302,345,5.6409,,<1H OCEAN,4,,190900,246272.01
-118.51,33.98,40,1901,679,865,587,2.3417,,<1H OCEAN,2,,425000,325896.02
-121.5,38.34,36,1212,255,569,256,2.0048,,INLAND,2,,72900,101463
-117.94,33.81,25,1731,482,1127,455,3.256,,<1H OCEAN,3,,214300,201347
-118.18,33.92,32,2035,519,2282,480,3.2734,,<1H OCEAN,3,,136400,154467
-122.33,40.6,5,6383,1206,2965,1141,3.8103,,INLAND,3,,111100,118389
-121.42,38.53,37,1958,367,1171,366,2.8298,,INLAND,2,,71200,88598
-118.19,33.83,30,2246,552,1032,548,3.5871,,NEAR OCEAN,3,,347100,304200.05
-122.69,38.27,32,2344,434,1066,384,4.0313,,<1H OCEAN,3,,285000,256875
-118.3,34.02,42,2386,670,2327,661,1.6699,,<1H OCEAN,2,,108000,129299
-117.77,33.67,12,4329,1068,1913,978,4.5094,,<1H OCEAN,4,,160200,251550.01
-117.98,33.9,6,1537,347,506,280,4.8264,,<1H OCEAN,4,,146800,225484.03
-122.28,37.81,17,1237,462,762,439,0.9241,,NEAR BAY,1,,177500,148450
-118.76,34.26,26,1750,284,962,278,4.5673,,<1H OCEAN,4,,190400,227442.05
-117.94,33.89,30,2577,404,1076,374,6.7528,,<1H OCEAN,5,,459600,372906.08
-121.27,38.75,21,4812,1117,1985,1045,2.5083,,INLAND,2,,128500,146114
-119.31,36.34,14,2985,607,2250,607,2.1602,,INLAND,2,,65200,80011
-117.11,32.73,27,3160,627,1628,612,3.8864,,NEAR OCEAN,3,,132600,135864
-118.17,34.05,45,733,178,715,165,2.5962,,<1H OCEAN,2,,124100,131098
-120.41,36.77,24,1335,312,1180,267,1.947,,INLAND,2,,68900,60641
-118.04,34.1,38,2317,451,1155,426,4.1488,,INLAND,3,,235300,275207
-117.87,33.99,21,2837,515,2031,555,4.9271,,<1H OCEAN,4,,209700,216521
-118.19,33.8,41,2125,591,1604,555,2.9943,,NEAR OCEAN,2,,190600,189207
-120.19,36.61,29,1479,338,1408,322,2.293,,INLAND,2,,57200,69270
-122.42,37.74,52,1916,432,889,424,4.0391,,NEAR BAY,3,,279900,291621.02
-117.65,33.48,6,1638,188,572,174,13.0502,,<1H OCEAN,5,,500001,482840.28
-122.03,37.55,22,9167,1373,4319,1404,6.992,,NEAR BAY,5,,284800,375625.1
-117.98,33.94,36,4297,717,2038,700,5.2851,,<1H OCEAN,4,,258800,224740
-122.41,37.76,52,3452,784,2987,753,2.8135,,NEAR BAY,2,,260300,315036
-118.06,34.12,34,2941,558,1660,576,4.5667,,INLAND,4,,271500,261332
-122.08,37.04,34,2800,577,1353,512,4.1161,,NEAR OCEAN,3,,220900,251482
-118.41,34.02,16,5825,1866,3390,1752,3.0965,,<1H OCEAN,3,,320000,307944.08
-121.46,38.66,3,3438,603,1602,554,3.9914,,INLAND,3,,120500,135440
-121.1,39.15,10,680,143,354,140,4.0333,,INLAND,3,,161500,164862
-118.32,33.83,19,3792,790,2105,834,5.2363,,<1H OCEAN,4,,310000,327513.03
-117.78,33.71,4,974,232,428,203,4.6141,,<1H OCEAN,4,,195400,203885.07
-119.71,36.8,25,875,156,646,166,3,,INLAND,2,,72800,87235
-121.92,37.31,13,6035,1551,2946,1481,4.0524,,<1H OCEAN,3,,213900,255926
-121.28,38.7,14,5827,1246,2578,1038,3.0212,,INLAND,3,,112900,117145
-121.82,39.75,37,2236,372,974,379,3.2016,,INLAND,3,,97000,101715
-118.37,34.08,28,4376,1202,1847,1128,2.6713,,<1H OCEAN,2,,312500,316818.02
-118.34,33.99,47,1107,199,437,178,3.7344,,<1H OCEAN,3,,179400,180104
-121.24,37.98,33,450,123,236,103,1.1964,,INLAND,1,,80400,81551
-122.31,38.27,34,1748,284,783,303,4.3585,,NEAR BAY,3,,194400,189213
-122.01,37.38,32,726,204,538,203,4.505,,<1H OCEAN,4,,230400,253663
-118.34,34.16,44,1717,391,848,353,3.6111,,<1H OCEAN,3,,254500,274580.02
-120.88,38.16,8,2029,387,1000,364,4.0109,,INLAND,3,,125900,151106
-117.77,33.71,5,4050,584,1986,598,7.5847,,<1H OCEAN,5,,375700,316314
-118.13,33.96,36,1933,341,958,335,4.4732,,<1H OCEAN,3,,266000,241133
-117.05,33.02,18,917,121,388,131,6.3517,,<1H OCEAN,5,,260100,251676.01
-118.41,33.9,39,2040,336,926,351,7.5552,,<1H OCEAN,5,,500001,444794.38
-122.06,37.39,26,18,4,8,4,3.75,,NEAR BAY,3,,375000,190556.06
-122.3,37.97,34,2854,528,1211,452,3.5353,,NEAR BAY,3,,164700,161158
-121.81,39.71,18,1222,250,708,281,2.0288,,INLAND,2,,116700,80637
-118.35,34.09,35,2705,785,1526,793,3.0349,,<1H OCEAN,3,,266700,327218.04
-117.02,33.76,20,1317,203,453,158,2.8393,,INLAND,2,,120700,134990
-121.68,36.67,26,5745,1017,2780,996,5,,<1H OCEAN,4,,202300,246813.02
-118.43,34.22,34,2300,429,1447,455,4.2656,,<1H OCEAN,3,,233700,199024
-117.15,34.83,30,5370,1062,2778,944,3.099,,INLAND,3,,66800,89704
-121.89,37.35,47,2879,631,2229,606,3.2599,,<1H OCEAN,3,,183100,201868
-118.29,33.98,30,1162,318,1207,289,1.223,,<1H OCEAN,1,,100000,108312
-122.23,37.82,52,3242,366,1001,352,12.2138,,NEAR BAY,5,,500001,500001
-120.83,37.07,16,3736,761,1942,730,2.5598,,INLAND,2,,120200,107580
-118.04,34.09,34,2001,388,1461,397,3.8304,,INLAND,3,,183000,295459
-118.21,34.09,37,1822,498,1961,506,1.9881,,<1H OCEAN,2,,159200,151646
-117.88,33.79,32,1484,295,928,295,5.1418,,<1H OCEAN,4,,190300,211244
-120.98,39.93,25,2220,511,912,449,1.8914,,INLAND,2,,87800,71298
-115.57,32.79,34,1152,208,621,208,3.6042,,INLAND,3,,73600,88722
-121.51,38.49,21,4426,790,1856,761,4.1,,INLAND,3,,158300,167323
-120.04,39.24,30,2369,469,510,213,2.65,,INLAND,2,,123800,125322
-122.29,37.54,43,2268,438,1151,449,4.9091,,NEAR OCEAN,4,,293200,329414.04
-118.28,33.92,37,742,151,729,144,3.055,,<1H OCEAN,3,,105400,117808
-121.8,39.75,11,7212,1355,3264,1264,3.1125,,INLAND,3,,122600,117797
-119.38,36.56,25,1180,222,611,212,2.0729,,INLAND,2,,84700,66190
-120.99,37.68,30,1975,375,732,326,2.6932,,INLAND,2,,94900,115557
-121.75,37.68,35,1755,299,702,263,5.2443,,INLAND,4,,183400,213014
-118.98,35.39,29,607,177,476,143,1.1875,,INLAND,1,,50700,54109.99
-117.07,32.67,28,2758,623,2179,631,2.3814,,NEAR OCEAN,2,,112300,115157
-118.28,34.01,50,2601,794,3080,770,1.8656,,<1H OCEAN,2,,122900,126902
-117.2,34.14,18,1920,333,890,323,5.159,,INLAND,4,,144800,143037
-119.32,36.25,21,1231,,609,206,2.8365,,INLAND,2,,90000,78904
-121.51,38.55,45,3032,631,1341,597,2.8417,,INLAND,2,,137900,105294
-114.56,33.69,17,720,174,333,117,1.6509,,INLAND,2,,85700,62145
-118.36,34.05,48,1825,404,728,363,3.3824,,<1H OCEAN,3,,322600,276304.03
-121.75,36.93,24,4026,881,2264,863,3.1327,,<1H OCEAN,3,,218100,199785
-118.18,33.83,44,1497,277,542,274,5.0052,,NEAR OCEAN,4,,321800,305845.02
-118.16,34.03,41,1377,293,1142,272,3.1724,,<1H OCEAN,3,,141600,163978
-118.65,34.27,23,1724,265,934,306,6.0783,,<1H OCEAN,5,,229200,250326.01
-118.29,34.11,49,2850,379,1113,380,12.9591,,<1H OCEAN,5,,500001,500001
-117.3,34.05,7,4672,1121,2534,1046,3.4228,,INLAND,3,,115700,115374
-121.21,38.67,11,5500,956,2827,946,4.1071,,INLAND,3,,145800,162163
-118.3,33.81,17,5544,1068,3008,1038,5.322,,<1H OCEAN,4,,282700,278534.01
-118.35,34.01,35,3776,,1583,749,3.5486,,<1H OCEAN,3,,332100,266893
-117.13,32.71,44,1697,413,1396,363,1.5474,,NEAR OCEAN,2,,83300,88679
-118.34,34.03,48,1426,331,784,356,1.6581,,<1H OCEAN,2,,118800,148517
-121.9,37.28,34,4613,749,2050,725,5.3922,,<1H OCEAN,4,,302900,288146
-118.5,34.21,36,1254,229,629,245,4.9643,,<1H OCEAN,4,,236100,237733.01
-118.36,34.03,38,2365,638,2259,607,2.0879,,<1H OCEAN,2,,120700,137938
-118.34,33.99,34,397,132,250,121,1.675,,<1H OCEAN,2,,166700,171359.02
-122.07,38.26,15,1173,146,450,154,6.0487,,INLAND,5,,197700,209538
-121.95,38.43,19,3011,551,1665,535,5.1534,,INLAND,4,,232800,188735
-123.2,39.16,14,1908,484,1195,467,1.7929,,<1H OCEAN,2,,82300,107323
-117.92,33.85,38,2082,532,1592,510,2.3704,,<1H OCEAN,2,,166100,187921
-117.23,33.78,23,3465,703,2672,607,1.9767,,INLAND,2,,81500,98579
-121.76,38.25,32,1495,333,905,281,2.625,,INLAND,2,,212500,94688
-122.02,37.34,26,1992,328,980,342,6.2475,,<1H OCEAN,5,,350000,334017.03
-119.81,36.81,33,3972,594,1324,561,5.4513,,INLAND,4,,143300,193316
-122.49,37.76,49,1724,295,795,297,4.3977,,NEAR BAY,3,,353600,345244.05
-118.11,33.83,36,1726,287,820,288,5.5767,,<1H OCEAN,4,,218100,258807
-122.95,39.13,17,380,69,225,72,3.25,,INLAND,3,,137500,126925
-121.37,38.39,15,1883,254,893,256,6.2575,,INLAND,5,,143500,215190
-118.18,34.08,31,1318,311,1164,289,2.9939,,<1H OCEAN,2,,135500,166556
-118.42,34.16,17,277,70,119,59,4.0208,,<1H OCEAN,3,,341700,304975.07
-118.27,34.05,47,661,359,1406,307,1.3169,,<1H OCEAN,1,,112500,192496
-122.5,37.79,52,8,1,13,1,15.0001,,NEAR BAY,5,,500001,364939.46
-116.29,33.74,6,12991,2555,4571,1926,4.7195,,INLAND,4,,199300,218599.01
-122.33,37.58,27,5144,1481,2518,1447,3.4836,,NEAR OCEAN,3,,287900,342541.16
-118.36,34.05,50,3518,812,1724,758,3.0833,,<1H OCEAN,3,,338100,306514.08
-117.75,34.06,52,24,6,46,7,1.625,,INLAND,2,,67500,219845
-122.2,37.43,38,3626,528,1350,532,7.3681,,NEAR OCEAN,5,,500001,463679.31
-117.68,34.01,20,7326,1555,5718,1538,3.2073,,INLAND,3,,123500,148870
-118.26,33.92,40,1076,244,705,255,1.7986,,<1H OCEAN,2,,98900,95658
-117.36,33.17,24,2046,442,812,367,2.3182,,NEAR OCEAN,2,,500001,232830
-122.43,37.75,52,2700,595,1181,575,3.575,,NEAR BAY,3,,396800,364037
-121.63,39.75,37,1296,296,569,257,1.8616,,INLAND,2,,70500,70379
-117.15,32.81,34,1629,318,900,282,3.1458,,NEAR OCEAN,3,,178300,176356.01
-117.67,34.03,20,8561,1411,4861,1450,4.7056,,INLAND,4,,165500,168142
-117.32,33.99,27,5464,850,2400,836,4.711,,INLAND,4,,133500,149735
-118.32,34.09,30,1871,766,2595,819,2.0044,,<1H OCEAN,2,,212500,227092.01
-118.43,34.22,36,1372,295,774,306,3.6618,,<1H OCEAN,3,,187300,201048
-122.47,37.65,27,8103,1655,5023,1605,4.6452,,NEAR OCEAN,4,,236200,299069.03
-118.22,33.93,39,1921,483,2286,470,3.0167,,<1H OCEAN,3,,130000,139740
-118.39,34.17,40,1696,372,835,385,3.6563,,<1H OCEAN,3,,222400,268989.05
-118.09,33.8,36,1724,322,838,328,4.4831,,<1H OCEAN,3,,253900,215289
-118.06,33.83,21,3941,655,1897,670,4.88,,<1H OCEAN,4,,343900,214541
-122.13,37.68,44,2147,399,1175,401,4.1974,,NEAR BAY,3,,179300,201171.01
-122.29,37.92,35,583,88,235,84,5.943,,NEAR BAY,4,,288200,356670.12
-117.77,34.06,27,2178,629,2379,591,1.9766,,INLAND,2,,108000,112766
-117.3,33.85,15,3991,751,2317,657,2.9542,,INLAND,2,,127900,118665
-118.45,34.25,21,2143,565,1803,497,3.9833,,<1H OCEAN,3,,162500,185534
-117.07,32.81,15,2000,402,778,369,4.3594,,<1H OCEAN,3,,224200,161967
-117.96,33.75,25,1323,208,852,229,4.6167,,<1H OCEAN,4,,237300,205284
-122.29,37.56,12,6474,1467,2516,1390,5.0353,,NEAR BAY,4,,305800,322631.14
-122.04,36.96,44,1294,269,645,259,3.2437,,NEAR OCEAN,3,,223900,252747
-117.86,33.74,32,691,151,926,148,4.125,,<1H OCEAN,3,,175900,167324
-118.34,34,49,2465,372,1018,359,4,,<1H OCEAN,3,,296800,201131.01
-117.08,32.58,22,2128,477,1420,450,3.2687,,NEAR OCEAN,3,,131000,134851
-117.99,33.74,26,4065,741,1960,739,4.506,,<1H OCEAN,4,,240000,208971
-120.27,38.31,13,3297,662,267,97,3.075,,INLAND,3,,108300,130146
-121.24,39.37,16,2785,616,1387,530,2.3886,,INLAND,2,,89400,86657
-122.22,37.48,47,2570,783,3107,724,2.8058,,NEAR OCEAN,2,,229500,236386
-117.18,32.76,17,711,254,327,227,2.6493,,NEAR OCEAN,2,,67500,200458.11
-122.25,37.81,28,5806,1603,2563,1497,3.2177,,NEAR BAY,3,,273400,278179.05
-122.27,37.48,26,3542,507,1392,524,8.5184,,NEAR OCEAN,5,,500001,437150.24
-120.62,35.28,28,3952,592,1469,571,6.3144,,NEAR OCEAN,5,,328800,422645.42
-117.31,34.43,16,5130,1172,3126,1046,1.6784,,INLAND,2,,71900,85302
-118.75,34.17,18,6217,858,2703,834,6.8075,,NEAR OCEAN,5,,325900,375522.05
-122.28,37.78,50,1487,306,730,327,2.5139,,NEAR BAY,2,,219000,152046
-116.38,33.74,7,17579,3479,3581,1820,4.084,,INLAND,3,,194500,169347.04
-116.86,33.73,13,2604,443,978,417,2.933,,INLAND,2,,170700,125704
-122.4,37.76,52,1185,246,480,253,4.4074,,NEAR BAY,3,,277300,288066.02
-118.24,33.99,41,1425,372,1803,353,1.6731,,<1H OCEAN,2,,88200,106198
-118.25,34.13,36,2946,1025,2542,912,2.2244,,<1H OCEAN,2,,255900,211539
-118.09,33.99,35,2787,639,1923,614,3.5757,,<1H OCEAN,3,,177900,177893
-117.86,33.9,25,3205,409,1291,408,7.2478,,<1H OCEAN,5,,299200,331075.01
-117.69,33.54,20,1767,280,801,284,6.5394,,<1H OCEAN,5,,272000,283113.02
-121.37,38.58,37,2839,390,1006,400,7.3343,,INLAND,5,,280400,319654.01
-117.18,33.78,7,1697,424,808,354,1.3417,,INLAND,1,,169300,114168
-118.1,33.79,35,2370,379,996,380,5.7368,,<1H OCEAN,4,,287200,300670.01
-118.16,34.06,27,1675,274,785,275,5.828,,<1H OCEAN,4,,301100,301063.02
-116.53,33.88,5,4423,763,1906,667,4.6855,,INLAND,4,,125200,192339
-117.92,33.75,23,893,223,1149,216,2.6442,,<1H OCEAN,2,,156300,168136
-119.77,36.3,24,2202,471,1052,439,2.1038,,INLAND,2,,62000,77627
-116.95,33.68,11,1183,178,543,147,4.4792,,INLAND,3,,173900,198887
-119.14,34.49,17,321,44,92,39,7.75,,<1H OCEAN,5,,375000,370070.22
-117.17,32.82,21,2869,596,1471,577,3.0375,,NEAR OCEAN,3,,197600,205398
-121.23,38.67,27,5266,971,2432,948,3.8954,,INLAND,3,,133000,155226
-117.82,33.85,21,2603,404,1350,390,6.057,,<1H OCEAN,5,,235900,274059
-118.19,34.02,34,1478,369,1735,348,1.8875,,<1H OCEAN,2,,136700,149021
-122.27,37.78,52,1408,280,718,265,2.6806,,NEAR BAY,2,,207900,181324.01
-122.47,37.69,35,1720,421,1452,425,3.5909,,NEAR OCEAN,3,,256100,254418
-117.97,33.68,23,1722,316,865,309,4.6452,,<1H OCEAN,4,,273800,267850.07
-121.37,36.83,14,3658,612,1951,600,4.76,,INLAND,4,,216000,230982
-118.96,35.4,27,2473,400,1271,427,3.5524,,INLAND,3,,89100,83223
-122,38.35,34,1084,187,561,198,4.2115,,INLAND,3,,118900,158808
-117.9,34.1,31,3007,653,1766,616,3.7083,,<1H OCEAN,3,,166000,173815
-118.15,34.12,52,1518,344,725,296,3.4018,,<1H OCEAN,3,,204500,256888
-122.25,37.81,46,3232,835,1373,747,3.225,,NEAR BAY,3,,218800,238305
-118.57,34.22,17,3262,753,1879,708,4.1359,,<1H OCEAN,3,,255200,220810
-120.08,37.06,18,402,76,213,71,1.9063,,INLAND,2,,95800,97850
-118.2,33.84,35,3405,779,1953,671,2.7813,,NEAR OCEAN,2,,159200,192636
-120.85,37.77,37,1738,403,936,366,2.4717,,INLAND,2,,77100,100186
-118.3,33.82,26,2080,560,2096,506,2.8106,,<1H OCEAN,2,,184400,191701
-118.36,34.1,52,1096,247,423,230,3.0179,,<1H OCEAN,3,,500001,351488.02
-117.18,33.51,13,270,42,120,42,6.993,,<1H OCEAN,5,,500001,388177.2
-118.22,33.98,15,1011,274,899,219,2.7045,,<1H OCEAN,2,,190600,145348
-118.29,34.03,38,1501,437,1777,441,2.0848,,<1H OCEAN,2,,135200,144396
-122.72,40.17,16,396,78,188,72,1.3889,,INLAND,1,,87500,61545.92
-122.17,37.74,43,818,193,494,179,2.4776,,NEAR BAY,2,,101600,92845
-117.44,34.09,24,3477,831,2541,753,2.3682,,INLAND,2,,97400,113458
-119.16,36.28,18,2377,414,1359,424,4.4,,INLAND,3,,79300,120852
-117.27,33.68,8,26322,4072,9360,3361,5.3238,,<1H OCEAN,4,,228900,240771
-117.09,32.64,20,1999,651,1302,592,1.6321,,NEAR OCEAN,2,,57500,114679
-119.99,36.8,45,1270,242,598,214,3.2813,,INLAND,3,,105400,99561
-117.94,34.08,34,1970,476,1269,406,4.064,,<1H OCEAN,3,,201200,186496
-117.87,33.88,28,2612,602,1682,563,3.6417,,<1H OCEAN,3,,204300,199775
-121.29,37.98,49,2501,565,1171,550,2.5043,,INLAND,2,,76700,92853
-118.31,34.03,34,2041,517,1479,495,2.1173,,<1H OCEAN,2,,156600,151905
-118.17,33.79,32,2171,672,3002,648,2.375,,NEAR OCEAN,2,,139700,159957
-117.22,32.87,5,3511,1008,1599,918,3.8542,,NEAR OCEAN,3,,176600,222070
-121.93,37.93,16,2876,391,1089,377,6.299,,INLAND,5,,286900,255921
-118.37,33.82,32,2815,607,1338,609,4.5687,,<1H OCEAN,4,,381200,375305.14
-119.76,36.81,19,4643,1429,4638,1335,1.2716,,INLAND,1,,69400,67745
-118.2,34.11,37,2040,611,1698,545,1.9355,,<1H OCEAN,2,,166300,171735
-117.95,33.63,27,891,183,513,171,6,,<1H OCEAN,4,,381500,317937.21
-118.29,34.65,18,6893,1372,2837,1221,3.3173,,INLAND,3,,218400,137075
-119.02,35.37,44,2687,620,1521,549,1.7213,,INLAND,2,,61600,56615
-119.16,34.12,17,224,70,147,71,3.6167,,NEAR OCEAN,3,,280000,268848.06
-119.86,34.38,26,1626,375,1580,359,2.1471,,NEAR OCEAN,2,,187500,219666.02
-117.67,34.1,28,1263,248,601,219,3.875,,INLAND,3,,174000,158064
-118.02,33.95,35,2085,400,1112,391,3.4886,,<1H OCEAN,3,,173900,184509
-119.3,36.34,45,3723,831,2256,770,1.8299,,INLAND,2,,63100,61139
-121.8,38.01,46,2273,495,1088,447,2.2532,,INLAND,2,,109400,100014
-121.33,38.66,15,4371,908,1842,818,2.7797,,INLAND,2,,105500,141712
-122.17,37.88,32,3633,508,1393,506,7.6917,,NEAR BAY,5,,401800,416750.06
-118.29,34.01,40,885,312,799,221,1.1667,,<1H OCEAN,1,,143800,128715
-121.42,37.75,33,1999,368,1061,390,3.5242,,INLAND,3,,121400,140422
-122.04,37.99,38,2675,541,1378,480,3.8897,,NEAR BAY,3,,139900,144615
-118.09,34.09,40,855,208,745,222,3.0125,,<1H OCEAN,3,,224000,194648
-122.2,37.78,39,1752,399,1071,376,3.1167,,NEAR BAY,3,,121600,170630
-118.06,33.83,17,1973,516,1112,501,3.8512,,<1H OCEAN,3,,163800,206258
-118.3,34,52,1743,421,1206,384,1.6875,,<1H OCEAN,2,,116000,117921
-119.36,36.33,11,3221,617,1351,565,2.9844,,INLAND,2,,132000,96975
-117.82,33.72,24,3260,458,1383,442,6.5987,,<1H OCEAN,5,,272800,292566.04
-117.91,34.02,17,5973,1384,4349,1229,3.2799,,<1H OCEAN,3,,199300,183935
-118.57,34.25,20,4679,609,1945,609,8.7471,,<1H OCEAN,5,,419900,445495.32
-122.01,37.36,16,1105,354,499,324,4.2061,,<1H OCEAN,3,,253600,247418.02
-122.08,37.38,33,2771,659,1496,581,3.4042,,NEAR BAY,3,,353600,272784.02
-120.59,38.45,13,2944,558,1091,466,3,,INLAND,2,,119000,122289
-118.56,34.2,35,2273,,1431,403,4.0789,,<1H OCEAN,3,,196700,208133
-122.24,37.81,52,2093,550,918,483,2.7477,,NEAR BAY,2,,243800,186790
-119.64,36.31,27,1513,314,1071,284,1.5909,,INLAND,2,,50100,52786
-117.83,33.65,9,638,266,426,234,3.7875,,<1H OCEAN,3,,187500,283245.11
-117.65,33.4,17,2737,654,910,492,3.5729,,NEAR OCEAN,3,,370800,255954
-118.12,33.77,10,7264,1137,2528,1057,10.2233,,NEAR OCEAN,5,,500001,465847.28
-117.55,33.93,25,5187,934,2725,860,4.1865,,INLAND,3,,154300,165206
-122.01,37.95,8,3866,539,1555,513,6.0901,,NEAR BAY,5,,298200,282370
-117.94,33.94,25,3250,546,1452,501,5.1084,,<1H OCEAN,4,,303800,236253
-118.01,33.77,32,1771,296,995,272,5.8362,,<1H OCEAN,4,,217500,277558.04
-123.18,40.58,18,1451,278,695,254,1.7262,,INLAND,2,,73700,81166
-117.3,34.15,40,961,199,509,182,2.06,,INLAND,2,,85500,76967
-122.4,38.53,24,1741,289,564,231,3.6118,,INLAND,3,,248400,179339
-121.41,38.6,16,5407,1467,2523,1265,2.0471,,INLAND,2,,104200,109717
-121.18,39.19,16,1528,351,729,319,2.4688,,INLAND,2,,138800,126478
-118.25,33.78,32,296,139,511,133,1.4444,,NEAR OCEAN,1,,182100,160155
-120.45,34.65,27,2215,578,1544,527,1.9257,,NEAR OCEAN,2,,135300,139520
-118.32,33.35,27,1675,521,744,331,2.1579,,ISLAND,2,,450000,276606.01
-121.64,36.82,18,1819,283,919,295,4.1696,,<1H OCEAN,3,,222500,250329.07
-122.28,37.87,46,3022,696,1293,675,2.543,,NEAR BAY,2,,220700,189275
-121.38,38.59,38,1839,287,685,276,4.5313,,INLAND,4,,189400,157922
-118.06,34.09,40,1975,389,1116,378,4.2898,,<1H OCEAN,3,,251600,222192
-116.36,33.78,6,24121,4522,4176,2221,3.3799,,INLAND,3,,239300,149116.02
-117.76,33.88,9,4838,759,2090,695,6.6536,,<1H OCEAN,5,,307800,300545.05
-118.47,34.02,35,3057,774,2223,732,2.0745,,<1H OCEAN,2,,332500,302107
-117.9,33.61,41,1521,328,527,275,4.0764,,<1H OCEAN,3,,500001,478634.84
-123.85,39.39,23,4671,912,2095,857,3.184,,<1H OCEAN,3,,140500,185972
-122.83,38.39,19,1765,394,868,388,2.462,,<1H OCEAN,2,,260300,174582
-122.44,37.76,52,1968,472,784,430,3.3702,,NEAR BAY,3,,370000,347032.02
-122.42,37.74,52,1786,427,856,394,3.0833,,NEAR BAY,3,,328100,277101.01
-118.25,34,41,1768,475,1721,474,1.303,,<1H OCEAN,1,,90400,102757
-118.28,34.06,52,1261,616,2309,581,1.6184,,<1H OCEAN,2,,225000,211923
-120.84,37.5,47,2310,484,1126,447,2.2083,,INLAND,2,,97300,95919
-118.37,34.2,34,2199,609,2488,597,2.9861,,<1H OCEAN,2,,171800,189046
-117.84,34.63,5,6739,1251,4614,1266,4.002,,INLAND,3,,115100,145777
-122.41,37.64,38,1204,268,921,247,4.4464,,NEAR OCEAN,3,,215400,266217
-117.9,34.13,5,1126,316,819,311,1.5,,<1H OCEAN,1,,139800,193292.07
-121.87,39.75,22,1707,296,822,297,3.6625,,INLAND,3,,126600,105664
-119.81,36.76,48,2059,388,834,405,2.9306,,INLAND,2,,67900,77344
-121.87,37.32,39,1839,471,1528,456,2.6818,,<1H OCEAN,2,,184900,182532
-118.45,33.99,52,1829,472,779,424,3.1607,,<1H OCEAN,3,,339000,352557.07
-119.5,34.35,39,308,38,59,21,11.7794,,NEAR OCEAN,5,,500001,240583.21
-117.92,33.91,33,2868,382,1204,412,6.1825,,<1H OCEAN,5,,336900,301468
-119.8,36.75,52,1788,449,1156,418,1.7298,,INLAND,2,,58400,62305
-118.23,33.93,39,2065,532,2015,535,0.8478,,<1H OCEAN,1,,104900,100785
-119.79,36.76,52,2408,498,1361,465,2.1055,,INLAND,2,,61300,63013
-120.45,34.96,21,2121,445,2211,463,4.0603,,<1H OCEAN,3,,117600,170224
-121.96,37.95,13,3216,765,1627,715,3.0859,,INLAND,3,,167800,139094
-117.09,32.8,36,2163,367,915,360,4.7188,,NEAR OCEAN,4,,174100,181513
-117.85,33.62,18,729,105,316,108,10.3893,,<1H OCEAN,5,,500001,472136.48
-122.19,39.74,39,4179,814,2111,809,2.3507,,INLAND,2,,65600,80624
-122.45,37.9,30,3763,717,1292,632,8.4888,,NEAR BAY,5,,500001,463394.26
-122.06,37.86,16,5187,1014,1512,986,4.4551,,NEAR BAY,3,,252400,279874.03
-120.5,38.87,10,81,41,55,16,4.9583,,INLAND,4,,87500,166497
-120.41,34.87,15,1534,251,761,240,4.9028,,<1H OCEAN,4,,193600,221990.02
-117.76,34.13,8,16759,2274,7249,2156,7.4837,,INLAND,5,,358700,315407
-121.32,36.79,30,516,90,288,95,3.6333,,INLAND,3,,202500,175689
-121.96,37.53,23,2215,475,1278,492,4.2955,,<1H OCEAN,3,,218800,223321
-124.09,40.92,12,2497,491,1153,462,2.8182,,NEAR OCEAN,2,,126900,98618
-121.49,37.94,31,1860,394,1848,293,2.2891,,INLAND,2,,162500,80651
-117.26,33.18,9,4540,793,2235,746,4.5781,,NEAR OCEAN,4,,225600,246447.01
-115.51,33.12,21,1024,218,890,232,2.101,,INLAND,2,,46700,59182
-117.88,33.74,16,1444,446,2329,441,3.1691,,<1H OCEAN,3,,159400,159787
-122.42,37.78,52,989,425,634,341,2.4414,,NEAR BAY,2,,275000,265835.09
-122.2,37.75,36,606,132,531,133,1.5809,,NEAR BAY,2,,70000,86703
-116.96,34.94,20,2355,467,1198,428,3.9934,,INLAND,3,,88500,91334
-117.95,33.84,34,1229,215,1035,218,3.5455,,<1H OCEAN,3,,180000,173888
-121.93,37.71,26,4822,845,2288,805,4.2281,,<1H OCEAN,3,,206000,247172.02
-121.77,37.22,16,1617,306,667,264,4.5221,,<1H OCEAN,4,,191100,252475.03
-121.96,38.34,14,3035,680,1597,663,3.6036,,INLAND,3,,143500,139314
-121.32,36.42,20,1054,269,1219,273,3.0437,,<1H OCEAN,3,,76600,148021
-118.44,33.98,21,18132,5419,7431,4930,5.3359,,<1H OCEAN,4,,500001,391266.38
-124.17,40.8,52,1606,419,891,367,1.585,,NEAR OCEAN,2,,75500,72612
-122.23,37.45,34,4177,723,1586,660,5.0457,,NEAR OCEAN,4,,395100,363126.06
-117.15,34.48,31,265,55,186,55,2.125,,INLAND,2,,64800,121159
-117.98,34.14,24,1596,388,1329,352,3.0417,,INLAND,3,,148000,146420
-120.95,37.59,29,1727,439,1063,386,1.8929,,INLAND,2,,63600,86609
-121.95,37.35,48,1246,294,697,284,3.6118,,<1H OCEAN,3,,235500,251354
-122.38,37.34,33,1054,209,400,161,7.7773,,NEAR OCEAN,5,,456300,441352.53
-121.47,38.68,19,946,182,474,173,5.0155,,INLAND,4,,97300,169139
-118.45,34.19,11,2479,900,2466,855,2.2264,,<1H OCEAN,2,,181300,205840
-121.88,37.26,25,3025,689,1755,661,3.8893,,<1H OCEAN,3,,218600,229136
-121.8,40.34,26,4815,910,1341,539,2.881,,INLAND,2,,79800,99430
-121.82,37.39,37,4137,636,1569,578,6.1008,,<1H OCEAN,5,,286200,413857.16
-120.87,38.71,13,2692,470,1302,420,4,,INLAND,3,,167400,156435
-115.56,32.79,20,2372,835,2283,767,1.1707,,INLAND,1,,62500,61691
-122.49,37.7,36,1946,340,828,313,5.2811,,NEAR OCEAN,4,,287700,307361.01
-118.37,34.03,37,1236,,966,292,3.0694,,<1H OCEAN,3,,122200,238536.03
-118.39,34.15,36,2696,713,905,659,3.1146,,<1H OCEAN,3,,373500,382573.16
-119.78,36.73,52,1377,319,1280,259,1.2344,,INLAND,1,,43300,52206
-117.89,33.66,33,3595,785,1621,732,4.1372,,<1H OCEAN,3,,265200,267790
-121.37,38.56,19,6308,1167,3012,1112,2.9464,,INLAND,2,,113500,112844
-118.2,33.85,46,1854,462,1360,429,2.4844,,<1H OCEAN,2,,158200,165787
-120.46,37.31,26,3170,572,1524,565,3.48,,INLAND,3,,95300,109813
-120.94,37.65,13,5075,978,3033,838,3.0577,,INLAND,3,,119000,118821
-121.79,37.66,22,14701,2210,6693,2232,5.98,,INLAND,4,,245000,259800
-122.08,40.64,14,3099,519,1447,494,4.0132,,INLAND,3,,141200,130100
-118.41,34.02,34,1430,357,805,362,3.3462,,<1H OCEAN,3,,307000,336079.06
-118.3,33.97,46,1425,317,1140,304,3.375,,<1H OCEAN,3,,98500,133004
-118.42,34.16,46,54,9,20,6,0.536,,<1H OCEAN,1,,375000,345595.25
-121.88,37.44,17,1621,299,1028,293,5.2722,,<1H OCEAN,4,,186900,236416.01
-118.17,34.19,45,1790,316,1035,312,4.0985,,<1H OCEAN,3,,173100,212982
-116.86,32.87,17,5799,921,2630,843,5.0524,,<1H OCEAN,4,,285400,205826
-118.13,33.86,37,2259,425,1183,413,5.1805,,<1H OCEAN,4,,201600,259510.02
-119.24,35.77,28,1737,521,1764,514,1.7813,,INLAND,2,,67800,56180
-121.67,36.93,22,569,132,542,125,2.1875,,<1H OCEAN,2,,187500,155533
-121.94,37.31,5,2364,578,1102,502,5.2642,,<1H OCEAN,4,,246400,291219.02
-119.33,36.32,23,3137,628,1446,548,2.5,,INLAND,2,,85500,80023
-117.23,32.8,27,1297,355,776,337,2.4643,,NEAR OCEAN,2,,244400,217948
-121.27,37.96,41,461,101,382,79,1.275,,INLAND,1,,54000,66737
-118.19,34.13,50,1309,302,883,293,3.1287,,<1H OCEAN,3,,198000,193041
-122.52,37.88,52,176,50,88,46,3.8068,,NEAR BAY,3,,275000,396366.1
-118.11,33.9,35,1323,269,1084,240,5.0753,,<1H OCEAN,4,,178000,183447
-121.76,38.57,11,15018,3008,7984,2962,3.1371,,INLAND,3,,201800,145392
-116.97,33.78,24,2680,606,1728,527,2.535,,INLAND,2,,74800,110933
-117.17,32.75,28,1514,384,540,352,2.1532,,NEAR OCEAN,2,,240000,156449
-118.4,33.87,38,2398,431,911,392,5.2319,,<1H OCEAN,4,,500001,426833.35
-118.41,34.03,24,3711,1192,1764,1147,3.1642,,<1H OCEAN,3,,366700,356657.05
-122.63,38.24,45,1615,338,823,327,2.5179,,<1H OCEAN,2,,145500,206102
-120.59,37.59,36,291,48,124,47,5.6945,,INLAND,4,,154200,192516
-120.98,38.34,27,3471,653,1793,600,3.5508,,INLAND,3,,99100,136550
-118.37,33.93,10,199,41,61,56,2.8958,,<1H OCEAN,2,,245800,216791.02
-118.28,34.17,52,2332,433,1135,440,5.5658,,<1H OCEAN,4,,331200,354396.06
-118.21,34.04,47,1306,391,1499,346,2.2788,,<1H OCEAN,2,,139600,142164
-122.4,37.76,52,4265,912,1555,836,4.119,,NEAR BAY,3,,298300,336418.03
-118.4,34.14,45,417,89,187,88,5.1377,,<1H OCEAN,4,,360700,324832.12
-121.53,38.56,39,2438,483,1103,472,2.9375,,INLAND,2,,86600,104389
-121.89,37.25,23,2705,449,1180,442,6.0791,,<1H OCEAN,5,,316500,275968
-119.65,36.35,38,3148,568,1378,537,2.8788,,INLAND,2,,85500,77456
-117.95,35.13,4,2630,502,1150,422,4.25,,INLAND,3,,104400,102232
-121.96,38.02,35,2691,542,1409,505,3.016,,INLAND,3,,95300,107145
-122.04,38.24,22,2761,757,2612,641,1.6875,,INLAND,2,,87500,86549
-122.11,37.14,29,3201,640,1722,570,4.4597,,NEAR OCEAN,3,,204100,261173.05
-117.3,34.12,50,1629,437,1581,394,2.2019,,INLAND,2,,63500,74659
-122.58,38.46,15,2936,517,1182,501,3.3981,,<1H OCEAN,3,,246900,188882
-122.18,37.8,23,2317,336,955,328,6.7527,,NEAR BAY,5,,285800,335709.02
-118.15,34.67,5,12317,2953,6291,2654,3.5732,,INLAND,3,,146900,137994
-118.19,33.82,11,872,203,422,221,4.6364,,NEAR OCEAN,4,,156300,237930.04
-121.46,38.55,40,2077,435,1454,385,2.0074,,INLAND,2,,57000,72268
-117.99,33.66,29,1330,293,613,236,4.6591,,<1H OCEAN,4,,353100,332986.2
-118.27,33.76,46,22,11,32,7,3.125,,NEAR OCEAN,3,,112500,262191.02
-117.28,32.83,34,2392,653,933,619,3.7306,,NEAR OCEAN,3,,500000,384283.21
-118.34,33.93,33,4294,1224,4512,1189,2.8304,,<1H OCEAN,2,,143700,178903.01
-119.55,36.72,6,1186,234,1135,218,2.1515,,INLAND,2,,63900,96750
-116.48,33.94,10,3254,913,923,486,1.8,,INLAND,2,,81000,94735
-120.93,39.96,15,1666,351,816,316,2.9559,,INLAND,2,,118800,92899
-114.65,33.6,28,1678,322,666,256,2.9653,,INLAND,2,,94900,79699
-122.48,37.75,48,2555,548,1285,482,3.7734,,NEAR BAY,3,,314700,331849
-117.85,34.1,22,5179,944,2315,884,4.51,,<1H OCEAN,4,,189900,205323
-122.29,37.9,52,1604,263,594,286,5.338,,NEAR BAY,4,,270900,329466.08
-120.81,38.73,38,2005,385,882,353,2.5104,,INLAND,2,,120500,108144
-122.26,37.78,52,970,217,528,208,3.3438,,NEAR BAY,3,,201300,191729.01
-118.47,33.99,41,1146,310,833,270,2.5938,,<1H OCEAN,2,,285000,333293.03
-116.39,33.82,15,11115,2257,4122,1653,2.7219,,INLAND,2,,74400,116005
-117.85,33.79,46,1846,383,867,336,3.4234,,<1H OCEAN,3,,200000,207792
-122.27,37.89,52,1978,293,723,272,5.3989,,NEAR BAY,4,,335600,314849.03
-122.32,37.55,44,2151,411,849,370,4.4583,,NEAR OCEAN,3,,397100,374272.1
-118.58,34.17,29,3393,574,1471,587,6.2064,,<1H OCEAN,5,,334900,378403.12
-118.44,34.32,14,6235,1286,3568,1190,4.1724,,<1H OCEAN,3,,211600,208735
-116.15,34.14,18,3312,705,1251,512,3.0139,,INLAND,3,,82600,79753
-117.92,33.75,32,790,199,1196,201,3.0625,,<1H OCEAN,3,,142800,164389
-118.36,33.89,27,2837,684,2141,648,3.1325,,<1H OCEAN,3,,215000,233042
-117.91,33.78,26,4297,1037,3596,967,3.045,,<1H OCEAN,3,,184000,186396
-117.39,34.09,10,5736,945,3528,932,4.3958,,INLAND,3,,130700,136899
-118.08,33.86,17,2259,383,1378,386,5.8733,,<1H OCEAN,4,,287000,308492.05
-117.82,33.67,17,2895,439,1588,450,6.276,,<1H OCEAN,5,,290700,295075
-116.89,32.99,14,2816,501,1448,452,5.0278,,<1H OCEAN,4,,210900,201676
-117.98,34.07,15,3543,888,3131,823,3.0184,,INLAND,3,,139400,148654
-122.71,38.42,23,1569,414,1031,368,1.6267,,<1H OCEAN,2,,129200,145891
-122.13,37.44,38,2835,447,1148,446,5.9277,,NEAR BAY,4,,446600,374588.01
-121.47,39.01,37,1244,247,484,157,2.3661,,INLAND,2,,77500,91501
-118.08,33.94,21,3933,949,2219,820,2.4926,,<1H OCEAN,2,,171400,172081
-119.03,34.25,25,3344,502,1483,496,6.196,,<1H OCEAN,5,,340600,265201
-118.13,33.81,37,1228,237,572,242,4.325,,<1H OCEAN,3,,223900,228710
-117.88,33.74,31,1120,296,1718,268,2.8077,,<1H OCEAN,2,,140300,162662
-118.16,33.77,38,3235,769,1284,752,2.9384,,NEAR OCEAN,2,,304100,257129.01
-122.79,39.02,23,642,203,265,84,1.8833,,INLAND,2,,96900,88381
-120.03,38.19,26,7005,1358,416,189,2.125,,INLAND,2,,132500,107572
-117.09,32.57,17,444,83,357,87,5.1478,,NEAR OCEAN,4,,138900,172322.01
-119.57,37.94,17,346,130,51,20,3.4861,,INLAND,3,,137500,141493
-121.07,39.13,8,4839,832,1977,762,4.0848,,INLAND,3,,155900,171880
-115.57,32.78,25,2007,301,1135,332,5.128,,INLAND,4,,99600,136486
-117.09,33.15,13,3958,865,1981,840,3.4764,,<1H OCEAN,3,,137500,178231
-122.85,38.62,16,4418,704,1908,697,4.5913,,<1H OCEAN,4,,244600,242721
-118.47,34.23,22,8350,2717,9135,2452,2.5008,,<1H OCEAN,2,,160000,187906.01
-118.14,34.17,42,2757,713,2112,653,2.7148,,<1H OCEAN,2,,166800,181463.02
-122.45,37.71,49,2244,442,1948,423,4.7639,,NEAR OCEAN,4,,251500,262732.03
-122.04,38.25,38,1214,244,632,254,2.8438,,INLAND,2,,94200,100338
-118.8,34.21,16,1466,196,661,209,6.2893,,<1H OCEAN,5,,282700,272285.01
-118.08,34.16,42,3490,665,1713,620,4.5461,,INLAND,4,,242400,295554
-117.04,32.74,33,3880,770,2288,805,3.6848,,NEAR OCEAN,3,,140700,144775
-121.87,37.27,18,3561,560,1753,553,5.0292,,<1H OCEAN,4,,269400,249231
-120.48,41.82,20,1367,284,429,181,2.0227,,INLAND,2,,47500,66651
-122.76,38.35,30,2260,374,958,359,5.0323,,<1H OCEAN,4,,222400,253865
-122.34,40.51,16,2247,502,1206,463,1.9946,,INLAND,2,,119200,78475
-117,32.73,17,6050,1143,3424,1131,3.7647,,<1H OCEAN,3,,127600,155429
-117.31,34.5,14,2443,447,883,465,2.1111,,INLAND,2,,116700,94918
-119.33,36.32,19,2778,431,1092,451,5.2561,,INLAND,4,,121300,128095
-123.19,39.12,38,267,57,196,60,2.3125,,<1H OCEAN,2,,70000,122239
-118.43,34.18,33,2717,662,1546,597,3.9099,,<1H OCEAN,3,,267500,264916
-118.24,34.14,27,2909,1021,2614,935,2.1444,,<1H OCEAN,2,,229000,215512
-122.46,37.75,52,1207,152,465,162,10.7569,,NEAR BAY,5,,500001,500001
-117.05,32.75,35,2144,388,1003,383,3.0938,,NEAR OCEAN,3,,137300,154096
-118.96,34.3,16,3103,482,1567,467,6.907,,<1H OCEAN,5,,500001,360836.01
-122.14,37.46,27,5580,2009,4165,1763,2.4375,,NEAR BAY,2,,189000,199184
-118.44,34.24,35,2344,435,1531,399,3.725,,<1H OCEAN,3,,178200,183350
-121.42,38.55,35,182,39,115,43,2.6417,,INLAND,2,,98900,90684
-121.87,37.33,37,3137,685,2048,651,3.0156,,<1H OCEAN,3,,270300,189487
-122.22,37.46,37,2586,495,1208,502,4.3214,,NEAR OCEAN,3,,342700,343401.11
-118.35,34.16,49,1305,228,584,255,5.636,,<1H OCEAN,4,,267900,343244.06
-117.88,33.83,25,1785,248,750,251,6.8407,,<1H OCEAN,5,,266700,296455.01
-119.87,36.79,8,2875,548,1718,551,3.6522,,INLAND,3,,80200,86306
-122.27,37.85,52,4076,920,1800,815,2.7054,,NEAR BAY,2,,182300,192926
-118.16,33.87,32,1854,471,1363,478,2.6406,,<1H OCEAN,2,,156700,175788
-120.87,37.76,16,2022,413,1126,408,2.5655,,INLAND,2,,116400,122827
-122.44,37.77,52,2705,647,1355,628,2.0161,,NEAR BAY,2,,364300,291114.02
-117.37,34.01,15,1386,247,703,185,3.6415,,INLAND,3,,124200,128545
-118.47,34.03,29,3287,882,1523,823,3.7381,,<1H OCEAN,3,,290600,405833.13
-118.28,33.92,39,1274,282,975,277,1.5114,,<1H OCEAN,2,,90400,97343
-117.8,33.69,16,2745,447,1429,411,6.8219,,<1H OCEAN,5,,325500,286408
-122.17,38.08,7,18392,2782,8276,2742,6.4232,,NEAR BAY,5,,229200,307559.02
-118.07,34.07,31,1370,284,1062,277,3.5156,,<1H OCEAN,3,,199300,180938
-122.15,37.47,39,1295,239,566,242,5.6407,,NEAR BAY,4,,326400,346900.06
-117.82,33.81,19,2556,304,822,260,9.9055,,<1H OCEAN,5,,456900,473305.54
-121.86,37.39,17,1777,328,1235,329,5.4225,,<1H OCEAN,4,,258100,232730
-117.19,32.75,52,25,5,13,5,0.536,,NEAR OCEAN,1,,162500,152604.04
-121.29,38.03,7,2021,441,1615,406,2.5842,,INLAND,2,,111300,113746
-121.89,37.45,15,2428,513,1687,519,4.75,,<1H OCEAN,4,,254400,211545
-118.95,34.81,30,2817,604,1089,412,3.1364,,INLAND,3,,123500,106175
-118.43,34.01,31,2526,528,1046,504,4.7009,,<1H OCEAN,4,,500001,412560.18
-121.94,38.35,8,3157,559,1758,569,4.412,,INLAND,3,,140100,146442
-118.29,33.92,23,2503,532,1735,505,2.7368,,<1H OCEAN,2,,162800,161524
-118.08,33.87,23,2536,552,2012,556,4.1406,,<1H OCEAN,3,,200800,189907
-117.17,32.71,7,2493,693,951,641,4.2375,,NEAR OCEAN,3,,205000,300121.02
-118.46,34.03,52,523,,317,130,2.2794,,<1H OCEAN,2,,337500,294399.07
-120.59,37.35,15,3249,613,1569,595,3.5393,,INLAND,3,,88000,106427
-122.26,37.45,17,2742,441,986,421,5.9285,,NEAR OCEAN,4,,496000,407292.16
-117.31,34.53,26,2299,496,1259,441,2.6125,,INLAND,2,,79900,105640
-120.48,39.66,32,1516,289,304,131,1.8839,,INLAND,2,,71000,69314
-118.45,34.31,9,1739,358,820,323,4.0556,,<1H OCEAN,3,,182500,210994.01
-118.16,34.04,45,332,70,302,60,3.1895,,<1H OCEAN,3,,156300,160517
-118.23,33.93,37,239,49,308,52,1.4028,,<1H OCEAN,1,,105400,177417
-121.04,37.5,33,613,123,343,116,3.1875,,INLAND,3,,129200,139000
-121.13,36.21,34,2504,550,1810,547,3.4821,,<1H OCEAN,3,,113700,180075
-121.88,37.24,24,4420,996,2981,975,3.506,,<1H OCEAN,3,,226400,230146
-118.35,34.17,47,858,170,365,171,2.0385,,<1H OCEAN,2,,225000,208421
-121.94,37.34,29,3377,853,1674,792,3.4233,,<1H OCEAN,3,,229300,274414.02
-121.17,37.82,35,2506,406,1316,398,3.8472,,INLAND,3,,197600,137749
-118.4,34.07,22,2170,593,850,520,2.9107,,<1H OCEAN,2,,500001,372695.15
-122.41,37.77,52,361,76,168,55,3.2292,,NEAR BAY,3,,275000,275688.01
-122.1,37.4,23,514,210,367,206,3.1736,,NEAR BAY,3,,181300,215207
-121.29,38.67,20,1992,363,889,346,3.6516,,INLAND,3,,130500,133732
-119.69,36.82,15,3303,512,1687,505,4.81,,INLAND,4,,93600,119293
-118.28,34.18,47,2243,339,911,319,7.4046,,<1H OCEAN,5,,446800,436381.35
-118.02,34.04,27,5640,1001,3538,978,5.065,,<1H OCEAN,4,,215400,247461
-120.45,34.65,25,980,276,896,245,2,,NEAR OCEAN,2,,87500,151309
-122.18,37.8,34,1355,195,442,195,6.2838,,NEAR BAY,5,,318200,380698.05
-118.41,34.19,39,1169,242,612,247,4.1429,,<1H OCEAN,3,,200000,213205
-122.42,37.79,52,3511,1232,2452,1131,2.5013,,NEAR BAY,2,,275000,309308.07
-117.28,34.26,18,3895,,1086,375,3.3672,,INLAND,3,,133600,126191
-118.31,34.01,52,2547,475,1417,444,1.8214,,<1H OCEAN,2,,123200,121431
-118.28,33.97,31,2017,566,2063,521,1.9219,,<1H OCEAN,2,,107000,103143
-121.89,36.63,20,1834,554,971,514,3.0383,,<1H OCEAN,3,,217300,204610
-118.56,34.23,36,2406,432,1242,454,4.6944,,<1H OCEAN,4,,221800,219024
-121.62,39.13,41,1147,243,583,239,2.2431,,INLAND,2,,63400,79248
-121.86,37.37,15,8162,2124,8793,2086,3.3306,,<1H OCEAN,3,,210300,196874
-122.2,37.77,43,2430,502,1537,484,2.898,,NEAR BAY,2,,121400,135500
-117.71,34.1,41,555,130,1492,123,2.2813,,INLAND,2,,125000,122388
-118.41,34.21,35,2215,459,1594,446,4.0167,,<1H OCEAN,3,,193200,191831
-118.2,33.98,32,1403,399,1506,375,2,,<1H OCEAN,2,,172700,158323
-118.08,34.55,5,16181,2971,8152,2651,4.5237,,INLAND,4,,141800,155419
-121.76,37.69,29,3433,711,1919,709,3.3841,,INLAND,3,,184400,172902
-122.02,37.94,19,3192,612,1317,594,4.125,,NEAR BAY,3,,267100,209151
-118.27,34.09,52,2327,555,1048,491,3.7847,,<1H OCEAN,3,,252300,247313
-122.02,37.89,29,6349,858,2450,778,7.5,,NEAR BAY,5,,356200,389119.05
-121.88,37.46,5,1819,245,802,228,10.9722,,<1H OCEAN,5,,500001,494347.84
-118.1,33.84,36,1915,316,850,319,4.7222,,<1H OCEAN,4,,225800,225919
-117.85,34.07,32,761,101,295,95,11.1077,,<1H OCEAN,5,,500001,477806.4
-117.04,32.8,11,1802,440,630,428,2.0337,,<1H OCEAN,2,,146700,141218
-118.38,33.81,20,1975,306,703,292,8.5491,,NEAR OCEAN,5,,410300,483276.81
-122.29,37.87,44,2539,755,1382,713,2.537,,NEAR BAY,2,,175000,190045
-120.17,39.33,18,1046,204,486,179,4.119,,INLAND,3,,110900,151665
-122,38.41,11,2838,429,1331,426,4.945,,INLAND,4,,298400,177196
-118.12,33.85,37,2386,409,1101,399,4.6908,,<1H OCEAN,4,,218200,222729.01
-118.29,33.71,40,1933,475,902,412,4.25,,NEAR OCEAN,3,,332800,330413.04
-120.84,37.07,24,1520,335,882,306,2.2019,,INLAND,2,,100000,91384
-118.38,34.07,21,3653,956,1510,890,3.5573,,<1H OCEAN,3,,500001,449992.31
-121.97,37.97,24,1330,183,656,205,5.0092,,INLAND,4,,244100,194684
-118.77,34.28,6,4685,965,2180,909,4.5458,,<1H OCEAN,4,,208200,256146
-118.99,35.37,36,832,198,814,174,1.4773,,INLAND,1,,57400,54022
-117.18,32.79,30,5201,1104,2961,1064,3.2661,,NEAR OCEAN,3,,140400,215934.01
-118.05,33.93,31,894,203,883,190,3.6771,,<1H OCEAN,3,,141500,166395
-120.89,37.45,29,1940,337,1070,332,3.6597,,INLAND,3,,145600,142630
-118.2,34.14,52,3800,646,1842,620,5.5524,,<1H OCEAN,4,,293900,352647.12
-118.48,34.19,36,2058,423,1132,423,3.8833,,<1H OCEAN,3,,210400,218723
-117.99,33.82,19,1991,528,1202,460,3.1538,,<1H OCEAN,3,,252100,201709
-117.76,33.81,2,582,70,199,64,7.1193,,<1H OCEAN,5,,500001,368726.13
-118.93,34.4,17,3275,599,2422,637,3.7092,,<1H OCEAN,3,,190500,189547.02
-122.13,37.71,44,1613,339,776,346,3.1103,,NEAR BAY,3,,188900,178711
-122.07,37.89,38,2139,343,809,340,5.5636,,NEAR BAY,4,,268800,301030.01
-121.85,39.74,41,2901,689,1426,632,1.5633,,INLAND,2,,84500,65282
-117.04,32.77,16,7963,1881,3769,1804,2.9624,,<1H OCEAN,2,,144700,157647
-118.13,33.84,46,2439,429,944,374,4.2841,,<1H OCEAN,3,,312400,257571
-117.13,32.72,17,1285,423,1208,409,1.758,,NEAR OCEAN,2,,126600,123511
-117.72,33.61,26,2653,621,774,584,2.49,,<1H OCEAN,2,,81100,142309
-119.79,36.82,23,4358,819,1852,802,3.4167,,INLAND,3,,105200,99756
-118.31,34.16,37,2144,446,860,435,3.9464,,<1H OCEAN,3,,315000,284828.03
-118.62,34.2,23,3098,542,1486,492,5.7613,,<1H OCEAN,4,,235800,277641.01
-121.33,38.28,14,980,171,659,183,4.4306,,INLAND,3,,170100,145482
-118.26,33.95,44,1481,329,999,315,1.5147,,<1H OCEAN,2,,94600,94513
-120.41,34.86,15,978,187,407,182,4.375,,<1H OCEAN,3,,158000,241089.04
-119.08,36.2,30,1677,358,1159,365,2.4554,,INLAND,2,,61200,64357
-117.21,33.02,26,3194,454,1032,406,10.156,,NEAR OCEAN,5,,500001,492712.91
-122.47,37.66,18,4172,806,3226,790,5.7535,,NEAR OCEAN,4,,297900,324163.04
-121.92,36.62,52,728,161,313,142,3.4327,,NEAR OCEAN,3,,254500,275075.04
-119.13,36.13,28,1673,385,1434,371,2.0586,,INLAND,2,,40900,54428
-118.46,33.99,52,1158,253,528,253,3.5234,,<1H OCEAN,3,,334700,353505.08
-122.01,36.99,41,2548,508,1290,488,3.6902,,NEAR OCEAN,3,,233000,245419
-118.15,34.17,46,2553,558,1740,492,2.0278,,<1H OCEAN,2,,127500,169278.03
-117.25,34.11,30,2173,560,1509,486,1.4079,,INLAND,1,,67700,74809
-118.13,33.81,36,1749,322,855,319,4.6473,,<1H OCEAN,4,,227100,236379
-118.94,34.18,25,3502,508,1713,508,5.5181,,<1H OCEAN,4,,242100,275826.04
-122.28,37.81,35,948,184,467,169,1.8088,,NEAR BAY,2,,118800,119028
-117.08,32.7,37,2176,418,1301,375,2.875,,NEAR OCEAN,2,,98900,117023
-118.19,33.98,40,973,272,1257,258,2.8214,,<1H OCEAN,2,,158000,149437
-122.11,37.38,22,3638,719,1329,650,5.0804,,NEAR BAY,4,,500001,366489.19
-122.75,39.01,17,4162,967,889,414,3.4187,,INLAND,3,,200500,148996
-122.67,38.25,32,1333,235,660,206,4.0729,,<1H OCEAN,3,,288500,257996
-119.03,35.34,36,3474,645,1679,616,2.7256,,INLAND,2,,71900,70473
-118.32,33.73,25,1099,168,407,159,7.6886,,NEAR OCEAN,5,,500001,452306.71
-118.12,33.75,47,3330,569,1220,557,7.3672,,NEAR OCEAN,5,,500001,464902.51
-117.25,32.8,37,1096,260,490,267,3.2663,,NEAR OCEAN,3,,270600,295784.07
-118.19,34.03,42,2250,629,2588,609,1.9719,,<1H OCEAN,2,,134200,141875
-117.91,34.1,35,2746,478,1779,501,4.25,,<1H OCEAN,3,,166700,168529
-118.32,33.94,36,1153,224,639,226,4,,<1H OCEAN,3,,192000,171430
-118.3,33.9,19,2421,689,1726,660,3.287,,<1H OCEAN,3,,181400,201001
-117.47,33.94,34,2086,417,1501,395,3.2311,,INLAND,3,,105600,111967
-122.27,37.85,52,335,83,152,77,2.2841,,NEAR BAY,2,,106300,186715.11
-119.29,36.32,33,2107,451,1364,442,2.2024,,INLAND,2,,67200,63014
-118.22,34.12,37,1298,242,750,255,5.2049,,<1H OCEAN,4,,240800,301865.04
-122.35,37.98,34,3756,726,2237,686,3.7562,,NEAR BAY,3,,132900,137511
-122.48,37.67,14,3395,1059,2258,945,2.964,,NEAR OCEAN,2,,319700,246169.01
-118.41,33.97,44,2789,503,3732,474,4.6176,,<1H OCEAN,4,,352300,312452.01
-117.15,33.16,5,4750,962,2726,905,3.5839,,<1H OCEAN,3,,158500,201450.03
-118.41,34.19,45,1106,225,595,228,3.6625,,<1H OCEAN,3,,190700,203528
-120.95,37.59,43,1561,354,862,332,1.8466,,INLAND,2,,81500,79975
-122.01,39.21,50,1592,372,781,307,2.2679,,INLAND,2,,69100,86340
-116.98,32.79,32,3756,662,1611,598,3.8667,,<1H OCEAN,3,,189700,173915
-118.34,34.26,37,1776,301,702,265,5.2661,,<1H OCEAN,4,,314900,334690.08
-118.31,33.88,35,1939,412,1036,400,3.5556,,<1H OCEAN,3,,238000,237800
-117.13,32.73,52,1911,415,777,412,2.2429,,NEAR OCEAN,2,,221100,179538
-117.12,32.9,13,1743,363,854,353,4.6667,,<1H OCEAN,4,,138200,178969
-121.33,38.01,27,1612,234,630,255,5.318,,INLAND,4,,155100,166404
-117.09,32.64,30,3171,862,2126,800,2.507,,NEAR OCEAN,2,,142700,105422
-118.94,34.17,16,3746,508,1556,452,6.3303,,<1H OCEAN,5,,299400,292015.04
-117.46,34.85,7,9759,1816,2933,1168,3.4912,,INLAND,3,,157700,106668
-118.19,34.12,44,1219,324,1036,282,4.0417,,<1H OCEAN,3,,170600,194630
-117.11,32.75,11,1607,478,1384,450,2.05,,NEAR OCEAN,2,,100000,104086
-118.28,34.04,48,1521,513,1772,458,2.2232,,<1H OCEAN,2,,162500,146285
-122.44,37.72,49,1557,405,1173,385,3.4605,,NEAR BAY,3,,265000,241602
-121.96,37.34,34,1461,299,739,276,3.4375,,<1H OCEAN,3,,252600,260807
-121.45,36.51,29,1045,311,1245,273,1.775,,<1H OCEAN,2,,112500,124244
-118.22,33.96,42,1380,331,1290,288,2.8,,<1H OCEAN,2,,161800,146743
-118.08,34,35,1188,342,1373,332,2.9107,,<1H OCEAN,2,,150900,154901
-114.6,34.83,46,1497,309,787,271,2.1908,,INLAND,2,,48100,63865.96
-121.28,38.68,14,11442,2690,6068,2435,2.6016,,INLAND,2,,121200,130594
-117.86,33.63,17,3095,551,1175,534,5.3099,,<1H OCEAN,4,,500001,300954.14
-118.36,33.98,45,1559,305,891,341,4.4038,,<1H OCEAN,3,,259400,234424
-122.55,38.03,29,7174,1169,3063,1172,6.0902,,NEAR BAY,5,,293200,364352.04
-118.37,34.14,21,4670,1161,1914,1094,3.7986,,<1H OCEAN,3,,367700,345297.07
-122.06,37.95,36,2213,386,950,370,4.7386,,NEAR BAY,4,,186400,203220
-117.9,33.67,26,2507,393,1333,392,6.1601,,<1H OCEAN,5,,266100,285957.01
-122.07,40.95,14,2721,627,1356,468,3.0299,,INLAND,3,,73200,92287
-118.13,33.93,34,2122,517,1578,488,3.1496,,<1H OCEAN,3,,191900,205373
-118.3,34.03,40,1695,374,1138,357,2.7125,,<1H OCEAN,2,,150000,131845
-121.85,38,26,3364,570,1806,566,4.2647,,INLAND,3,,133400,144611
-118.45,34.18,22,2516,826,3350,713,2.0192,,<1H OCEAN,2,,158300,185350
-114.61,34.84,48,1291,248,580,211,2.1571,,INLAND,2,,48600,64450.94
-122.03,37.31,19,2885,859,1520,784,3.375,,<1H OCEAN,3,,275700,283341.05
-121.44,38.54,44,2570,509,1145,503,2.5694,,INLAND,2,,92400,83884
-121.35,38,22,3564,730,1539,699,3.675,,INLAND,3,,152400,140286
-120.6,35.6,13,4461,764,1795,640,4.475,,<1H OCEAN,3,,206900,241519
-118.27,34.07,42,1175,428,1593,407,2.3438,,<1H OCEAN,2,,213300,179988
-122.4,38.46,33,2542,466,1099,420,4.635,,INLAND,4,,248500,264069
-121.9,37.1,23,1708,287,670,238,6.4517,,<1H OCEAN,5,,356600,295203.01
-117.78,33.76,25,2260,261,719,254,11.4537,,<1H OCEAN,5,,500001,492556.49
-117.24,34.13,26,3774,716,1913,620,3.3534,,INLAND,3,,98900,108055
-118.11,33.87,15,3254,598,1772,618,5.0417,,<1H OCEAN,4,,240800,235397
-118.15,34.11,52,2375,369,930,351,7.4111,,<1H OCEAN,5,,469100,433066.43
-118.29,33.98,48,1124,231,783,223,3.4444,,<1H OCEAN,3,,93100,123876
-117.92,34.08,35,1860,323,1011,305,3.5536,,<1H OCEAN,3,,207000,194625
-117.93,34.15,14,9610,2005,4723,1907,4.0393,,INLAND,3,,156800,207158
-117.09,32.99,18,3215,588,1618,509,4.6028,,<1H OCEAN,4,,216800,194723
-118.36,33.84,35,1577,279,743,274,5.7654,,<1H OCEAN,4,,343000,322313.03
-121.94,36.98,21,3520,831,1486,753,3.0905,,NEAR OCEAN,3,,264300,256331
-117.92,33.84,45,2019,394,1549,377,4.6111,,<1H OCEAN,4,,223000,190237
-118.34,34.01,35,1359,359,655,341,2.5568,,<1H OCEAN,2,,312500,188073.03
-117.08,34.96,28,1777,307,721,259,3.6343,,INLAND,3,,79800,74715
-117.24,33.23,21,1718,308,1194,312,3.4359,,<1H OCEAN,3,,150900,176683.01
-118.19,34.19,34,2061,260,825,254,15.0001,,<1H OCEAN,5,,500001,499986.99
-124.16,40.79,52,1264,277,591,284,1.7778,,NEAR OCEAN,2,,76900,70362
-118.33,34.01,43,2227,564,956,472,2.0217,,<1H OCEAN,2,,187500,171655
-117.2,34.04,24,1587,222,676,234,6.0715,,INLAND,5,,173400,168103
-117.84,33.77,26,3350,581,1314,550,3.5195,,<1H OCEAN,3,,249100,221737
-117.66,35.6,14,1740,391,850,317,2.5812,,INLAND,2,,91700,82756
-118.22,34.08,34,1709,562,2105,503,1.9704,,<1H OCEAN,2,,152100,153541
-118.46,34.17,24,2814,675,1463,620,4.1875,,<1H OCEAN,3,,309300,271406
-122.27,37.85,52,1228,293,648,303,2.1202,,NEAR BAY,2,,155500,152212
-118.38,33.87,27,2287,491,1101,466,4.675,,<1H OCEAN,4,,316900,362696.02
-117.25,32.94,16,4755,807,1829,756,6.7694,,NEAR OCEAN,5,,425900,360557.03
-122.31,37.54,46,2444,397,952,402,4.75,,NEAR OCEAN,4,,388200,348813.08
-119.72,36.76,23,6403,,3573,1260,2.3006,,INLAND,2,,69000,75928
-118,33.94,37,903,158,444,158,3.75,,<1H OCEAN,3,,174400,180047
-121.15,38.89,20,2024,313,879,309,5.2903,,INLAND,4,,239400,196057
-122,37.36,19,2237,433,1158,426,6.7718,,<1H OCEAN,5,,368300,328180.02
-121.9,38.01,16,2604,454,1696,481,4.6628,,INLAND,4,,136000,158148
-122.78,38.52,23,2511,549,1052,527,2.4922,,<1H OCEAN,2,,192000,169339
-117.2,34.13,14,3998,711,1509,665,3.4138,,INLAND,3,,126700,117552
-118.13,34.44,10,2726,465,1773,459,4.8295,,INLAND,4,,319100,225504
-118.38,34.15,36,2933,619,1115,579,4.3036,,<1H OCEAN,3,,365900,404769.11
-118.9,34.26,5,25187,3521,11956,3478,6.9712,,<1H OCEAN,5,,321300,353850.05
-121.82,37.35,24,2298,575,2409,569,3.4509,,<1H OCEAN,3,,182400,177959
-119.57,36.7,30,2370,412,1248,410,3.1442,,INLAND,3,,72300,87760
-118.59,34.25,15,9716,2387,4992,2225,3.6231,,<1H OCEAN,3,,193300,238173
-117.5,34.66,20,1319,309,486,196,2.0184,,INLAND,2,,84900,97711.99
-122.04,37.3,25,3807,600,1678,600,6.6818,,<1H OCEAN,5,,411300,349150.04
-117.83,33.75,34,2660,601,1475,567,3.4152,,<1H OCEAN,3,,210200,179358
-117.05,33.52,5,3471,530,1541,502,4.8083,,<1H OCEAN,4,,347700,225299
-116.33,33.75,5,19107,3923,2880,1376,4.036,,INLAND,3,,158500,148722.04
-118.92,34.4,23,1290,283,1060,279,3.3152,,<1H OCEAN,3,,198000,202074
-118.43,34.3,28,271,61,246,62,1.7062,,<1H OCEAN,2,,164600,182511.02
-120.99,38.67,8,4913,744,2005,723,5.4413,,INLAND,4,,187900,213580
-119.77,36.77,38,3065,658,1441,625,2.0564,,INLAND,2,,64700,65243
-120.67,38.76,35,2104,403,1060,400,2.1682,,INLAND,2,,138100,94821
-122.11,37.89,32,2372,516,1067,492,4.3235,,NEAR BAY,3,,279500,282066.02
-121.28,38.9,31,1297,259,765,240,2.7656,,INLAND,2,,93600,100609
-117.25,33.2,10,2050,473,1302,471,2.7961,,<1H OCEAN,2,,131300,154134
-117.47,33.98,8,12106,1913,5810,1717,4.9886,,INLAND,4,,158100,157738
-118.08,33.9,42,1768,372,1155,368,3.558,,<1H OCEAN,3,,161100,175964
-118.32,33.79,21,6638,1634,3240,1568,3.6797,,<1H OCEAN,3,,271100,349929
-122.38,41.54,14,4453,797,1817,685,2.7468,,INLAND,2,,81100,90178
-118.31,34.02,41,1046,216,727,201,1.6667,,<1H OCEAN,2,,116900,139918
-117.84,34.13,26,3773,694,2103,688,4.6937,,INLAND,4,,198000,223302
-117.63,34.09,8,3557,890,2251,765,2.6818,,INLAND,2,,114100,120039
-117.64,33.63,10,4814,643,1808,588,8.798,,<1H OCEAN,5,,436600,390705.06
-122.28,37.52,27,2958,655,1285,577,4.0801,,NEAR OCEAN,3,,397800,329475.01
-122.78,38.37,21,795,163,414,162,3.7991,,<1H OCEAN,3,,175000,208076
-119.83,36.77,23,2168,503,1190,425,2.625,,INLAND,2,,71600,72998
-116.35,34.13,9,1969,406,805,349,1.5491,,INLAND,2,,62300,71213
-116.52,33.84,17,4465,859,853,445,3.6875,,INLAND,3,,130400,136774
-120.97,38.65,9,3707,602,1601,555,4.0714,,INLAND,3,,300600,168847
-122.43,37.8,52,3172,848,1259,806,4.1047,,NEAR BAY,3,,466700,488290.81
-118.12,33.96,38,2105,348,956,350,4.4125,,<1H OCEAN,3,,246000,237126
-119.52,36.61,33,1225,275,1065,248,1.8958,,INLAND,2,,55100,57093
-116.96,32.79,35,1081,266,691,259,2.6324,,<1H OCEAN,2,,133700,143572
-121.54,39.47,14,1724,315,939,302,2.4952,,INLAND,2,,53900,90619
-121.13,36.2,16,1868,443,1323,436,2.9559,,<1H OCEAN,2,,163200,160952
-121.41,38.58,18,6955,1882,2803,1740,3.089,,INLAND,3,,141400,126526
-118.16,33.85,36,1979,339,952,339,4.0815,,<1H OCEAN,3,,216200,215681
-121.43,38.57,46,2443,476,939,457,3.5893,,INLAND,3,,142000,140795
-118.31,34.06,24,1336,453,1268,426,2.8202,,<1H OCEAN,2,,500001,232957.03
-121.2,39.23,9,2802,447,955,418,5.2359,,INLAND,4,,213300,184167
-117.89,33.74,34,1759,353,2083,330,3.2292,,<1H OCEAN,3,,160600,167777
-121.77,36.71,18,6601,1395,3562,1299,3.512,,<1H OCEAN,3,,174800,216597
-118.02,33.96,36,2002,361,913,311,4.5446,,<1H OCEAN,4,,244700,215738
-121.27,38.65,33,1984,289,842,276,5.2949,,INLAND,4,,173300,198791
-122.28,37.85,49,1130,244,607,239,2.4597,,NEAR BAY,2,,93800,136700
-118.38,34.08,48,1226,288,370,264,3.9375,,<1H OCEAN,3,,450000,406419.15
-121.98,37.31,28,3840,629,1883,662,6.4095,,<1H OCEAN,5,,335900,343358.06
-116.72,33.56,13,3166,682,1250,475,2.355,,INLAND,2,,122900,132924
-118,33.92,26,2830,399,1204,404,6.1273,,<1H OCEAN,5,,289600,290310.01
-118.17,33.91,39,1157,273,877,305,3.1087,,<1H OCEAN,3,,171000,150505
-117.08,33.01,5,5659,931,2565,902,6.1949,,<1H OCEAN,5,,238700,274362
-122.13,36.97,27,991,194,543,155,4.7188,,NEAR OCEAN,4,,350000,286141.07
-117.51,34,36,3791,746,2258,672,3.2067,,INLAND,3,,124700,122702
-118.46,34.27,28,1865,463,1182,440,2.6193,,<1H OCEAN,2,,172300,176627
-120.26,38.13,17,301,94,122,47,4.0583,,INLAND,3,,87500,170421
-118.44,34.27,36,1111,275,1333,266,3.5347,,<1H OCEAN,3,,158100,151261
-117.21,32.85,15,2593,521,901,456,4.2065,,NEAR OCEAN,3,,277800,228939
-122.86,38.62,35,2597,522,1231,499,2.7432,,<1H OCEAN,2,,174000,186746
-122.19,37.83,29,1791,271,661,269,6.8538,,NEAR BAY,5,,368900,380765.13
-121.03,37.63,5,2881,584,1490,570,3.0398,,INLAND,3,,120000,130624
-118.33,33.88,36,1271,346,811,345,3.2417,,<1H OCEAN,3,,283300,240341
-119.68,36.8,7,2855,518,1748,498,4.2066,,INLAND,3,,88400,102954
-117.2,32.76,40,581,157,298,156,2.4,,NEAR OCEAN,2,,255000,263913.19
-118.46,34.01,43,513,98,266,103,5.6428,,<1H OCEAN,4,,343100,317041.05
-117.83,34.15,20,2421,306,1023,298,8.0683,,INLAND,5,,451500,366675
-117.33,34.07,32,2086,458,1355,412,2.5238,,INLAND,2,,89200,92727
-120.37,37.98,29,2508,591,1112,550,1.6021,,INLAND,2,,91400,102505
-117.09,32.81,7,6100,1185,2710,1040,5.5673,,NEAR OCEAN,4,,288200,235470
-122.12,37.75,28,794,111,329,109,7.6923,,NEAR BAY,5,,329800,355346.11
-117.91,33.61,38,1232,178,410,171,11.075,,<1H OCEAN,5,,500001,499830.96
-120,35.91,16,259,53,131,38,3.125,,INLAND,3,,62500,82512
-118.42,34.19,34,2622,572,1997,573,3.338,,<1H OCEAN,3,,222500,208045
-120.71,40.36,19,4462,828,2229,777,3.5536,,INLAND,3,,105700,110396
-120.48,37.32,13,3641,897,1737,788,2.1418,,INLAND,2,,130600,96315
-124.16,40.95,20,1075,214,529,196,3.1406,,NEAR OCEAN,3,,96000,117258
-118.4,34.22,36,2557,540,1556,491,3.6591,,<1H OCEAN,3,,183800,191527
-117.1,32.67,22,1690,541,1669,494,2.0213,,NEAR OCEAN,2,,110600,98283
-118.28,34.08,42,1618,522,1454,440,3.1607,,<1H OCEAN,3,,182000,226257
-118.21,33.79,33,32,18,96,36,4.5938,,NEAR OCEAN,4,,112500,237879.05
-117.29,34.12,40,2198,612,1517,531,1.0951,,INLAND,1,,65800,75120
-118.21,33.9,41,941,233,973,253,1.9583,,<1H OCEAN,2,,102300,122814
-118.01,34.08,35,1852,358,1414,347,4.275,,INLAND,3,,173600,218040
-122.48,37.59,29,5889,959,2784,923,5.3991,,NEAR OCEAN,4,,273000,306766.03
-118.32,34.09,34,1478,675,1976,653,2.0557,,<1H OCEAN,2,,225000,228032.01
-122.41,37.73,33,2789,567,1682,552,3.8643,,NEAR BAY,3,,276200,243516
-116.97,32.65,4,16450,2833,7985,2683,5.6631,,NEAR OCEAN,4,,233400,249368
-122.23,37.82,52,1611,203,556,179,8.7477,,NEAR BAY,5,,500001,444177.19
-118.6,34.07,16,319,59,149,64,4.625,,<1H OCEAN,4,,433300,368641.28
-117.82,33.67,15,1010,274,649,261,2.5197,,<1H OCEAN,2,,350000,152770
-122.51,37.76,43,2527,619,1332,558,3.0465,,NEAR OCEAN,3,,274200,332978
-121.95,37.32,33,726,168,351,147,3.1458,,<1H OCEAN,3,,270500,237457
-121.52,38.59,35,6418,1545,3814,1496,1.6647,,INLAND,2,,69100,93723
-118.25,33.99,39,1274,319,1362,324,2.1793,,<1H OCEAN,2,,107900,109023
-118.47,35.72,18,4754,1075,1366,690,2.0694,,INLAND,2,,81200,89246
-122.16,37.68,16,1687,348,568,352,2.3869,,NEAR BAY,2,,83300,188349
-117.87,34.11,34,1324,211,799,228,4.5234,,<1H OCEAN,4,,192200,184424
-119.48,37,16,2904,551,1467,509,3.1736,,INLAND,3,,111800,111617
-117.08,32.64,11,1651,533,947,515,1.6806,,NEAR OCEAN,2,,141700,106685
-117.41,33.96,32,2837,617,1393,595,2.3798,,INLAND,2,,118800,109428
-124.16,40.6,39,1322,283,642,292,2.4519,,NEAR OCEAN,2,,85100,78989
-118.29,33.81,19,7023,1538,3993,1412,5.0532,,<1H OCEAN,4,,218200,284713
-121.88,37.24,14,7174,950,2782,899,8.3065,,<1H OCEAN,5,,394200,428033.06
-122.21,38.09,37,4368,779,2083,741,3.8667,,NEAR BAY,3,,127000,145805
-121.67,39.26,29,3041,683,2106,687,1.6315,,INLAND,2,,58000,69114
-121.7,36.48,19,2150,479,1052,428,3.5039,,<1H OCEAN,3,,288400,212761.01
-124.09,40.88,50,921,187,420,187,2.2188,,NEAR OCEAN,2,,105800,85905
-122.44,37.52,16,7077,1179,3502,1148,5.9919,,NEAR OCEAN,4,,345100,381045.11
-117.68,33.49,18,4173,625,1649,634,6.3568,,<1H OCEAN,5,,294300,299163
-118.09,34.06,38,3230,840,3485,827,2.629,,<1H OCEAN,2,,171600,173369
-120.48,37.31,42,2361,512,1684,511,2.355,,INLAND,2,,75600,81728
-122.56,41.53,29,1729,355,848,328,2.2024,,INLAND,2,,60900,62391
-117.66,33.51,18,2626,,1302,522,4.0167,,<1H OCEAN,3,,189600,212743
-121.15,38.68,6,9798,1551,4583,1494,5.0159,,INLAND,4,,189600,182919
-118.13,33.82,44,1785,307,779,291,4.3056,,<1H OCEAN,3,,228600,249957
-118.28,33.93,45,529,112,448,120,3.5833,,<1H OCEAN,3,,90600,137191
-117.19,32.77,16,3273,670,1305,671,4.1368,,NEAR OCEAN,3,,151000,258868
-121.29,38.01,2,6403,1116,3327,957,4.4871,,INLAND,3,,137900,164484
-117.86,33.75,5,187,49,207,51,1.8,,<1H OCEAN,2,,154200,311145.31
-122.98,38.44,29,4450,939,1328,590,3.1,,<1H OCEAN,3,,162100,176435
-120.54,38.75,9,3006,540,1102,418,3.9812,,INLAND,3,,136600,134105
-118.08,33.81,21,1189,281,577,264,3.3155,,<1H OCEAN,3,,237500,236936
-122.28,37.8,38,684,176,344,155,2.0114,,NEAR BAY,2,,131300,128814.01
-118.22,33.81,38,1486,359,1345,326,3.3988,,NEAR OCEAN,3,,147800,170684
-121.32,36.43,22,2927,637,2546,618,2.7153,,<1H OCEAN,2,,114300,142190
-117.98,34.02,32,2945,651,2044,652,3.1979,,<1H OCEAN,3,,183900,182070
-121.45,38.57,52,2006,412,825,384,3.2963,,INLAND,3,,236100,142085
-118.95,35.37,34,1672,359,1059,349,2.1588,,INLAND,2,,61300,60338
-117.55,33.9,21,1839,324,871,307,3.4459,,INLAND,3,,198800,140720
-121.91,36.59,17,5039,833,1678,710,6.2323,,NEAR OCEAN,5,,339100,375951.09
-118.2,33.8,42,4577,1146,2749,1094,2.5012,,NEAR OCEAN,2,,197500,185260
-122.47,37.89,23,10774,1736,3895,1683,7.2905,,NEAR BAY,5,,500001,398381.11
-122.19,37.76,38,1493,370,1144,351,0.7683,,NEAR BAY,1,,81800,89812
-118.36,34.04,49,995,184,462,194,2.7917,,<1H OCEAN,2,,242000,213507.01
-122.29,37.89,52,2269,380,1004,371,5.1696,,NEAR BAY,4,,261400,303039.02
-117.12,32.96,15,2869,405,1526,402,6.0175,,<1H OCEAN,5,,238300,251671
-121.68,36.9,13,833,130,405,127,5.2729,,<1H OCEAN,4,,322900,278044.01
-118.36,34.21,41,337,65,198,50,1.8929,,<1H OCEAN,2,,152900,205958.03
-122.32,37.95,35,1612,354,887,331,2.5769,,NEAR BAY,2,,146100,120291
-117.86,33.77,39,4159,655,1669,651,4.6111,,<1H OCEAN,4,,240300,228580
-117.11,33.14,10,3208,636,1395,582,3.4455,,<1H OCEAN,3,,190500,163487
-117.89,33.99,22,3272,618,1784,591,4.0324,,<1H OCEAN,3,,211300,206688
-118.14,33.91,37,932,171,578,175,4.375,,<1H OCEAN,3,,177600,190416
-117.65,35,36,1184,316,672,241,1.9107,,INLAND,2,,39800,66589
-118.14,34.09,38,1745,457,1547,460,2.85,,<1H OCEAN,2,,219000,196567
-118.26,34.13,37,196,74,194,68,1.2188,,<1H OCEAN,1,,218800,244540.1
-117.85,33.89,24,3326,503,1616,494,5.7457,,<1H OCEAN,4,,240600,276155
-117.93,33.76,17,3341,803,3381,825,3.371,,<1H OCEAN,3,,161800,180220
-122.33,37.58,43,1772,422,1573,401,2.7474,,NEAR OCEAN,2,,233100,264261
-118.35,33.91,28,2108,534,1485,536,4.0775,,<1H OCEAN,3,,241400,255213
-120.87,37.07,26,2036,401,1343,414,3.6331,,INLAND,3,,88600,184451
-117.95,34.07,37,1375,260,951,272,3.2083,,<1H OCEAN,3,,195200,175943
-121.85,37.72,43,228,40,83,42,10.3203,,INLAND,5,,400000,459484.56
-118.06,33.99,46,1203,219,637,211,3.3611,,<1H OCEAN,3,,174400,183559
-121.46,38.63,26,3185,658,2444,626,1.56,,INLAND,2,,67600,72052
-118.67,34.16,17,16544,2206,6214,2118,9.1228,,<1H OCEAN,5,,500001,472187.6
-120.04,36.96,23,2126,506,2091,491,1.3713,,INLAND,1,,51800,53973
-121.95,37.96,18,2739,393,1072,374,6.1436,,INLAND,5,,259500,218672
-122.18,37.78,43,1985,440,1085,407,3.4205,,NEAR BAY,3,,136700,172939
-117.31,33.1,15,2392,446,747,421,3.5341,,NEAR OCEAN,3,,500001,191705.01
-118.02,33.75,26,2989,479,1596,475,5.7157,,<1H OCEAN,4,,231200,254275.01
-118.71,34.27,26,990,223,719,232,3.163,,<1H OCEAN,3,,179400,230108.03
-118.29,33.99,46,2608,636,1766,596,1.5846,,<1H OCEAN,2,,114800,111090
-118.45,34.27,35,1579,300,1012,265,5.1296,,<1H OCEAN,4,,195900,209849
-117.66,33.61,21,1932,266,860,286,7.1497,,<1H OCEAN,5,,274000,294106
-117.38,34.08,11,5684,1139,3095,1036,3.6875,,INLAND,3,,112600,119567
-120.81,38.67,14,8396,1578,3952,1474,3.0565,,INLAND,3,,118800,133866
-122.22,37.78,50,1776,473,1807,440,1.7276,,NEAR BAY,2,,102300,123463
-118.29,33.72,25,2469,584,1253,535,3.1932,,NEAR OCEAN,3,,257500,264700
-119.1,35.33,4,6640,898,3121,902,6.759,,INLAND,5,,170300,233089
-117.08,32.91,9,1547,218,683,231,7.5604,,<1H OCEAN,5,,327900,335412.04
-117.89,33.74,33,619,139,1217,146,4.6875,,<1H OCEAN,4,,154400,175412
-119.31,34.44,5,403,48,208,54,12.632,,NEAR OCEAN,5,,500001,481402.59
-122,37.31,28,3811,585,1795,581,7.8383,,<1H OCEAN,5,,372700,447306.36
-120.46,34.64,16,686,217,614,200,0.8106,,NEAR OCEAN,1,,83300,218487.1
-121.12,39.2,9,1431,254,681,221,3.045,,INLAND,3,,170400,143245
-118.2,33.79,48,2105,592,1807,539,2.7183,,NEAR OCEAN,2,,190400,172946
-118.77,34.27,7,3074,794,1816,654,2.7137,,<1H OCEAN,2,,196400,217427.02
-122.25,37.83,35,1613,428,675,422,3.4722,,NEAR BAY,3,,243100,242390.01
-122.46,37.78,47,1682,379,837,375,5.2806,,NEAR BAY,4,,400000,381212.2
-122.04,36.95,27,1987,374,961,343,3.9667,,NEAR OCEAN,3,,265800,253853
-117.99,34.15,44,2492,611,1951,596,3.1304,,INLAND,3,,185600,189933
-118.46,35.13,19,3109,640,1457,620,2.6417,,INLAND,2,,94900,82541
-118.36,34.1,36,2963,838,1129,745,2.5588,,<1H OCEAN,2,,500001,298084.05
-118.42,34.15,27,2795,602,1073,535,5.1496,,<1H OCEAN,4,,365000,457199.49
-117.81,34.08,13,18448,2474,7775,2397,7.7876,,INLAND,5,,348900,319111
-117.66,33.64,17,3173,501,1555,520,6.7079,,<1H OCEAN,5,,250800,278548.01
-118.11,33.83,36,1820,313,899,295,4.918,,<1H OCEAN,4,,225200,228976
-121.88,37.43,31,2573,474,1898,475,5.6651,,<1H OCEAN,4,,204100,252662
-118.1,34.1,34,2578,645,1628,617,2.34,,<1H OCEAN,2,,210900,191325
-119.23,35.77,36,3225,635,2034,593,2.4044,,INLAND,2,,72500,66637
-122.15,37.43,47,2600,490,1149,465,5.0203,,NEAR BAY,4,,476300,367730.21
-122.42,37.62,36,1017,165,407,159,4.8,,NEAR OCEAN,4,,306800,305244
-118.45,34.01,36,2424,418,1123,417,6.4755,,<1H OCEAN,5,,405800,436403.26
-118.27,34.08,43,962,253,658,244,3.2386,,<1H OCEAN,3,,185000,193144
-118.38,34.27,8,3248,847,2608,731,2.8214,,<1H OCEAN,2,,158300,174055
-122.02,37.6,31,2155,522,1858,437,2.652,,NEAR BAY,2,,159800,164719
-117.8,34.1,13,2996,495,1187,464,6.2456,,INLAND,5,,161700,238476
-118.38,34.04,39,2614,569,1665,553,3.4063,,<1H OCEAN,3,,271600,327779.12
-117.83,33.93,14,1956,282,671,269,6.5841,,<1H OCEAN,5,,306400,300781.01
-117.86,33.62,23,3166,411,1092,345,7.9367,,<1H OCEAN,5,,500001,348501.04
-117.19,34.05,33,3007,498,1252,488,3.8816,,INLAND,3,,134600,118896
-117.84,33.74,25,1818,577,1426,532,3.2104,,<1H OCEAN,3,,112500,165216
-117.24,32.79,25,2135,691,566,320,2.6902,,NEAR OCEAN,2,,212500,231150
-121.8,37.23,18,2581,358,1284,377,6.7385,,<1H OCEAN,5,,272400,317460.01
-117.04,34.04,30,3474,735,1674,691,2.5863,,INLAND,2,,98300,98739
-119.8,36.29,7,479,84,327,103,5.1728,,INLAND,4,,107500,170984
-117.9,34.11,23,4776,1316,4797,1187,2.1667,,<1H OCEAN,2,,142600,172576
-117.95,33.77,38,1476,308,1114,309,4.1917,,<1H OCEAN,3,,181800,187925
-122.09,37.67,39,2069,500,1408,478,3.1115,,NEAR BAY,3,,153500,188291
-118.42,34.03,45,1262,223,637,221,5.0866,,<1H OCEAN,4,,427300,350674.06
-118.05,33.85,25,2856,388,1212,362,6.1737,,<1H OCEAN,5,,313100,313862
-121.79,37.32,6,2850,561,2160,581,5.5336,,<1H OCEAN,4,,241900,247694.01
-118.16,33.97,39,1444,447,1890,416,2.1181,,<1H OCEAN,2,,176600,156671
-115.59,32.79,8,2183,307,1000,287,6.3814,,INLAND,5,,159900,197719
-117.93,33.93,37,1128,273,931,234,2.8,,<1H OCEAN,2,,137500,164391
-117.3,34.46,8,6246,1273,3883,1264,2.7917,,INLAND,2,,98200,108471
-117.9,33.73,30,746,172,1048,163,4.1,,<1H OCEAN,3,,166400,168746
-122.55,38,18,3119,803,1395,722,3.9265,,NEAR BAY,3,,301100,244675.01
-118.18,33.78,17,1419,436,1300,360,2.0769,,NEAR OCEAN,2,,100000,145488
-119.29,36.12,24,1248,226,641,200,2.4722,,INLAND,2,,129200,67838
-118.45,35.62,18,2304,527,782,390,1.4141,,INLAND,1,,75800,76050
-121.79,37.31,22,2199,361,1270,386,5.1149,,<1H OCEAN,4,,235700,228884
-119.83,36.37,25,1549,269,819,272,2.7159,,INLAND,2,,101400,80077
-122.42,37.74,52,1674,346,734,335,3.8864,,NEAR BAY,3,,281300,285030
-123.18,39.23,18,243,55,115,54,2.125,,<1H OCEAN,2,,175000,155991
-121.29,38.68,20,1881,378,921,360,1.8589,,INLAND,2,,144000,90657
-117.25,32.81,39,1846,350,765,329,3.9187,,NEAR OCEAN,3,,311900,360505.06
-118.05,33.73,25,2472,450,1301,467,5.0699,,<1H OCEAN,4,,266100,248728.02
-122.27,37.56,17,3211,847,1553,812,4.9434,,NEAR BAY,4,,292100,337652.18
-118.33,34.05,44,1574,390,1323,404,2.5284,,<1H OCEAN,2,,226300,221705
-121.39,38.64,33,1503,282,652,229,3.6937,,INLAND,3,,99300,138234
-118.25,34.07,16,719,225,801,218,2.3942,,<1H OCEAN,2,,133300,191107.02
-122.12,37.42,35,2445,533,1187,519,5.2803,,NEAR BAY,4,,362100,363525.1
-117.17,34.05,29,4007,700,1576,696,3.1801,,INLAND,3,,149300,111589
-117.33,33.87,14,2300,335,1001,311,5.1045,,INLAND,4,,161300,181168
-117.32,34.06,52,802,160,564,131,2.1591,,INLAND,2,,63500,88670
-121.34,38.03,20,4213,751,2071,714,4.4063,,INLAND,3,,130800,140888
-122.47,37.51,15,4974,764,2222,774,6.7606,,NEAR OCEAN,5,,364300,400046.11
-121.94,37.54,27,3715,526,1631,538,6.2179,,<1H OCEAN,5,,305300,305700.01
-118.18,33.89,25,5896,1464,4149,1362,2.6742,,<1H OCEAN,2,,131900,157855
-117.05,32.77,33,3535,683,1568,672,2.8097,,NEAR OCEAN,2,,158300,163333
-118.01,34.05,37,682,172,813,173,3.8125,,<1H OCEAN,3,,138000,168624
-123.16,39.13,33,1320,303,1048,303,1.7813,,<1H OCEAN,2,,94700,102385
-121.27,38.02,32,342,58,138,52,2.9821,,INLAND,2,,155000,119251
-119.86,34.41,24,1576,580,1630,531,1.24,,NEAR OCEAN,1,,325000,226086
-118.18,33.87,44,2137,461,1126,439,3.4408,,<1H OCEAN,3,,172900,163554
-122.24,37.82,52,3665,517,1470,520,6.155,,NEAR BAY,5,,398600,385629.15
-117.9,33.65,27,3310,598,1402,563,6.632,,<1H OCEAN,5,,441100,370545.2
-122.26,37.88,52,2604,837,1798,769,1.725,,NEAR BAY,2,,287500,223281
-122.44,37.78,52,2695,657,1243,573,2.8569,,NEAR BAY,2,,372200,349844.03
-121.81,37.25,5,1975,520,861,440,4.4565,,<1H OCEAN,3,,159000,262361.08
-118.14,33.86,36,1774,348,934,333,4.8571,,<1H OCEAN,4,,203300,215479
-118.2,34.07,34,1765,551,2203,500,2.2708,,<1H OCEAN,2,,159600,152957
-119.83,36.83,14,2351,341,1128,363,6.9903,,INLAND,5,,141200,232225
-115.91,33.36,15,459,95,160,73,0.922,,INLAND,1,,67500,55337
-116.86,32.8,19,1747,291,848,290,4.875,,<1H OCEAN,4,,187200,189046
-117.97,33.93,31,1975,373,918,347,4.4107,,<1H OCEAN,3,,202000,222010
-118.39,34.19,23,1875,710,2555,657,2.0968,,<1H OCEAN,2,,162500,191588
-122.32,37.54,34,3661,692,1608,656,5.0774,,NEAR OCEAN,4,,407200,365906.09
-122.25,37.83,28,5022,1750,2558,1661,2.4234,,NEAR BAY,2,,218500,242750.03
-117.98,34.02,33,3512,632,1971,598,4.4653,,<1H OCEAN,3,,193200,195863
-117.94,33.79,24,4179,784,1902,733,4.7986,,<1H OCEAN,4,,236500,210479
-117.99,33.8,25,3179,639,2526,623,3.3281,,<1H OCEAN,3,,180800,185679
-117.92,34.1,35,2994,603,1933,561,4.0052,,<1H OCEAN,3,,160700,168031
-118,33.85,33,2053,418,1154,405,4.0455,,<1H OCEAN,3,,197200,200600
-117.93,33.69,26,2822,473,1258,469,6.4441,,<1H OCEAN,5,,261000,305466
-118.2,34.05,40,1146,323,1354,321,1.9205,,<1H OCEAN,2,,121900,136129
-122.27,37.81,40,880,451,582,380,0.977,,NEAR BAY,1,,118800,141001
-121.3,38.03,11,2866,654,1404,525,2.505,,INLAND,2,,95000,116310
-117.87,33.74,31,2338,652,3289,631,2.6734,,<1H OCEAN,2,,158500,155308
-117.24,33.05,15,3029,555,1559,546,5.3129,,NEAR OCEAN,4,,169200,269989
-117.9,33.85,31,3413,764,2326,728,4.325,,<1H OCEAN,3,,187100,199657
-121.27,37.87,34,1010,206,678,234,2.9531,,INLAND,2,,104000,106708
-118.31,33.96,47,2005,392,1134,415,3.7143,,<1H OCEAN,3,,140300,145708
-118.28,34.1,49,2843,880,2004,796,2.7875,,<1H OCEAN,2,,217300,206867
-122.32,37.97,33,1156,190,643,209,4.5,,NEAR BAY,3,,156600,199980
-121.31,38.66,26,1604,245,751,267,4.7381,,INLAND,4,,140500,151261
-121.43,37.75,41,1717,325,855,303,2.75,,INLAND,2,,127300,118585
-118.29,34.11,24,3696,1125,1685,1031,2.3789,,<1H OCEAN,2,,266700,239889
-122.02,38.38,16,808,137,371,145,6.0767,,INLAND,5,,216400,220212
-122.01,37.92,18,2808,337,1038,337,8.3956,,NEAR BAY,5,,353600,391121.09
-117.3,34.13,42,2115,557,1532,494,1.4531,,INLAND,1,,71500,74110
-118.37,34.21,33,2034,470,1990,423,3.7455,,<1H OCEAN,3,,159600,176198
-121.83,36.98,19,4431,705,1764,679,4.3321,,<1H OCEAN,3,,298600,236509
-121.96,39.3,39,701,130,271,89,2.1845,,INLAND,2,,112500,71927
-118.3,34.03,37,2781,766,2586,729,1.8564,,<1H OCEAN,2,,187500,154614
-118.3,34.05,44,1612,650,2028,593,1.9152,,<1H OCEAN,2,,115600,190522
-118.01,34.09,29,3402,747,2331,690,3.6094,,INLAND,3,,179200,203123
-117.06,33.01,24,2618,485,726,443,3.5192,,<1H OCEAN,3,,159100,175036
-122.53,37.88,36,2688,485,1064,449,4.4583,,NEAR BAY,3,,308600,406490.12
-121.24,38.68,20,1402,236,676,236,3.7426,,INLAND,3,,135500,145328
-117.95,34,34,2376,468,1858,449,4.1328,,<1H OCEAN,3,,176300,172621
-118.23,34.07,40,506,119,397,114,3.1944,,<1H OCEAN,3,,143800,144242
-117.89,33.87,32,1569,422,835,386,3.0465,,<1H OCEAN,3,,148900,197288
-122.09,37.69,20,4296,817,1732,800,4.8036,,NEAR BAY,4,,188300,246182.01
-121.63,36.65,44,309,121,315,80,1.6071,,<1H OCEAN,2,,112500,175364
-122.05,37.68,23,7518,1279,3827,1294,5.1701,,NEAR BAY,4,,216800,254195
-117.04,32.71,28,5274,991,3727,961,3.57,,NEAR OCEAN,3,,109800,134936
-117.04,32.7,7,9311,1703,7302,1694,4.419,,NEAR OCEAN,3,,156900,183296
-118.26,34.07,52,1802,613,2382,587,1.8438,,<1H OCEAN,2,,185900,193500
-118.13,34.17,49,1962,435,1329,457,3.2898,,<1H OCEAN,3,,200000,188032
-116.97,32.79,19,4108,1101,2971,1006,1.9893,,<1H OCEAN,2,,112500,125039
-119.55,36.51,46,55,11,26,5,4.125,,INLAND,3,,67500,132732.01
-120.92,37.65,23,505,124,163,129,1.3696,,INLAND,1,,275000,102952
-120.8,38.51,23,1001,195,369,157,3.125,,INLAND,3,,96400,121813
-121.83,38,15,6365,1646,3838,1458,2.5495,,INLAND,2,,103600,136954
-122.42,37.93,47,3453,779,1353,728,4.016,,NEAR BAY,3,,274500,326484.18
-122.27,37.47,44,3022,473,1235,477,6.7058,,NEAR OCEAN,5,,495900,443813.35
-122.36,37.94,45,907,188,479,161,3.0862,,NEAR BAY,3,,79000,144508
-118.32,33.33,52,2127,512,733,288,3.3906,,ISLAND,3,,300000,307615.04
-117.06,32.73,33,3444,619,1884,582,3.7891,,NEAR OCEAN,3,,126700,134240
-118.97,37.64,13,1907,544,575,234,3.0685,,INLAND,3,,162500,124080
-117.27,34.12,52,954,246,943,256,0.8658,,INLAND,1,,87500,74540
-120.55,37.32,21,1410,229,590,205,3.3194,,INLAND,3,,141400,112509
-117.99,33.9,33,2161,383,1235,383,5.6454,,<1H OCEAN,4,,202800,243200
-118,33.91,19,5166,770,2374,753,5.979,,<1H OCEAN,4,,285200,289386
-118.37,33.81,36,2031,339,817,337,5.1271,,NEAR OCEAN,4,,458300,381493.09
-117.97,33.66,14,6090,1338,1974,1248,2.8061,,<1H OCEAN,2,,180300,195275
-117.17,33.28,16,1921,312,862,280,5.1786,,<1H OCEAN,4,,376800,236761.02
-119.88,36.81,30,2288,474,1435,425,1.3221,,INLAND,1,,61200,56886
-117.74,34.05,29,2452,700,3029,665,2.1354,,INLAND,2,,110700,116366
-117.13,32.79,35,1458,262,723,257,4.2098,,NEAR OCEAN,3,,174100,172186
-122.06,37.65,33,1227,286,848,291,3.8036,,NEAR BAY,3,,158200,171273
-118.3,33.99,47,2212,533,1903,554,1.9853,,<1H OCEAN,2,,101100,105231
-118.06,35.68,15,1962,403,730,321,2.25,,INLAND,2,,67500,86377
-118.38,33.89,35,1778,330,732,312,6.5745,,<1H OCEAN,5,,379300,430372.21
-122.45,37.73,52,2510,438,1153,407,5.1238,,NEAR BAY,4,,335100,322455.06
-121.97,37.24,35,2553,533,1117,498,4.4063,,<1H OCEAN,3,,436100,275769
-118.14,33.95,44,1812,338,822,314,6.7744,,<1H OCEAN,5,,294100,400710.24
-121.97,37.53,35,2277,420,1353,413,4.75,,<1H OCEAN,4,,197000,218939
-118.15,34.86,10,4597,1009,2227,821,2.6149,,INLAND,2,,83500,105026
-117.2,32.86,4,4308,1095,1923,932,3.9356,,NEAR OCEAN,3,,267000,225193
-118.3,34.01,52,1444,343,1154,334,2.0625,,<1H OCEAN,2,,134400,115045
-117.98,33.79,35,2356,478,1659,480,4.1115,,<1H OCEAN,3,,179700,189041
-122.42,37.62,43,2367,409,1141,400,4.8295,,NEAR OCEAN,4,,319000,291242
-118.2,33.94,42,618,163,680,179,3.3472,,<1H OCEAN,3,,154200,131074
-117.01,32.81,21,4203,618,1620,600,5.3441,,<1H OCEAN,4,,193500,221397
-116.98,32.74,17,3943,843,1995,766,2.6944,,<1H OCEAN,2,,158300,149097
-122.01,37.53,19,4572,712,2346,709,6.0667,,NEAR BAY,5,,245700,312103.02
-117.92,34.03,32,1819,375,1728,375,3.975,,<1H OCEAN,3,,162400,159019
-123.17,39.15,30,1904,331,816,325,4.425,,<1H OCEAN,3,,161900,185653
-123.76,41.03,24,2386,565,1058,414,2.0644,,<1H OCEAN,2,,79800,76355
-122.44,37.73,46,3581,758,1670,703,4.1932,,NEAR BAY,3,,269200,278182.02
-120.43,34.93,10,2980,585,1593,562,3.285,,<1H OCEAN,3,,218300,167625
-122.42,37.64,41,98,20,68,19,2.225,,NEAR OCEAN,2,,212500,266354.01
-117.98,34.14,27,6341,1289,2899,1192,3.6336,,INLAND,3,,235200,175717
-122.3,37.91,40,2866,617,1305,589,3.6321,,NEAR BAY,3,,209100,215022
-118.32,33.8,29,4317,1037,2102,959,3.1275,,<1H OCEAN,3,,286400,280101
-118.41,34.04,49,601,95,228,106,8.0239,,<1H OCEAN,5,,500001,454665.63
-121.94,37.34,36,3142,632,1372,560,5.0175,,<1H OCEAN,4,,246100,298038.03
-117.21,32.84,34,2158,366,1046,335,4.5402,,NEAR OCEAN,4,,182100,205078
-118.12,34.16,30,1762,416,940,398,2.8631,,<1H OCEAN,2,,188600,192856.01
-119.87,36.54,34,1370,287,818,269,2.4044,,INLAND,2,,72500,72645
-117.92,33.94,30,2506,394,1255,421,4.7813,,<1H OCEAN,4,,198200,215907
-118.09,33.75,32,6239,974,2615,950,6.6188,,NEAR OCEAN,5,,380000,447203.36
-118.28,34,46,1650,463,1992,458,2.3403,,<1H OCEAN,2,,114100,123974
-119.29,36.54,18,2581,628,2732,592,1.8429,,INLAND,2,,58300,60836
-121.92,36.55,37,2190,419,490,300,3.7852,,NEAR OCEAN,3,,465800,354364.07
-118.44,34.16,35,3080,642,1362,623,4.1218,,<1H OCEAN,3,,328500,343680.02
-122.26,37.84,52,696,191,345,174,2.6736,,NEAR BAY,2,,191300,153520
-119.76,36.79,26,3654,837,1976,830,2.1544,,INLAND,2,,72800,73365
-119.73,36.73,9,1621,428,678,394,2.2437,,INLAND,2,,54200,79216
-118.99,35.3,33,2248,434,1461,405,2.9402,,INLAND,2,,56200,71895
-118.2,34.02,49,1098,317,1411,301,2.75,,<1H OCEAN,2,,146000,137968.01
-118.47,34.05,25,2689,719,1229,663,3.5909,,<1H OCEAN,3,,500001,415702.22
-118.18,33.88,47,882,185,536,174,4.625,,<1H OCEAN,4,,163000,174469
-117.93,33.83,30,1561,381,1104,391,3.375,,<1H OCEAN,3,,201900,187439
-122.47,37.78,52,2635,587,1302,577,3.7292,,NEAR BAY,3,,416700,404799.06
-121.73,38,3,9217,1522,3578,1272,5.0016,,INLAND,4,,189100,173285
-121.97,37.25,32,2892,496,1193,492,6.131,,<1H OCEAN,5,,367800,338996.01
-122.71,38.44,27,966,251,462,230,1.7,,<1H OCEAN,2,,350000,155112
-117.72,33.62,19,5777,1261,1711,1225,2.7634,,<1H OCEAN,2,,86900,153721
-122.46,37.72,52,2951,406,1115,397,6.7228,,NEAR OCEAN,5,,405200,419513.23
-121.23,37.84,28,1347,241,713,225,4.0208,,INLAND,3,,155700,141452
-117.53,33.88,22,2855,667,2453,624,3.1312,,INLAND,3,,91000,128419
-117.25,32.82,23,6139,826,2036,807,9.5245,,NEAR OCEAN,5,,500001,483024.76
-118.15,34.04,33,818,195,664,198,2.1944,,<1H OCEAN,2,,203300,173298.01
-119.79,36.79,19,1524,448,960,386,1.5122,,INLAND,2,,47500,62362
-122.05,37.63,5,3785,936,2240,792,3.2829,,NEAR BAY,3,,162500,212875
-121.32,38.62,29,2430,448,1087,394,3.0864,,INLAND,3,,177900,131822
-121.82,38.01,47,1265,254,587,247,2.6364,,INLAND,2,,93500,109701
-122.26,38.03,25,2239,361,928,353,4.4474,,NEAR BAY,3,,203700,188216
-118,33.75,26,1382,387,1977,368,2.7589,,<1H OCEAN,2,,137500,191370
-118.07,33.85,16,3771,606,2196,564,7.0113,,<1H OCEAN,5,,319700,353263.03
-121.92,37.73,24,1407,327,501,295,2.4821,,<1H OCEAN,2,,157200,165693
-122.56,37.95,34,2677,411,933,410,6.1444,,NEAR OCEAN,5,,500001,416617.2
-117.29,34.13,44,2337,563,1238,467,1.5156,,INLAND,2,,75800,73925
-118.08,33.99,38,1683,328,1369,339,3.6196,,<1H OCEAN,3,,170700,166348
-121.68,39.82,15,3996,748,1786,728,3.5189,,INLAND,3,,141300,116083
-121.89,37.26,25,3319,531,1560,502,5.8479,,<1H OCEAN,4,,263300,268207
-117.05,34.04,23,3967,766,1518,698,2.29,,INLAND,2,,111800,106250
-117.84,33.9,24,1723,223,707,219,7.0352,,<1H OCEAN,5,,299600,301866.03
-117.93,33.94,28,3664,719,1820,657,4.225,,<1H OCEAN,3,,224700,207424
-117.94,33.78,34,2627,468,1409,450,4.7731,,<1H OCEAN,4,,199200,202954
-117.29,35.54,35,7922,1636,3431,1329,3.4145,,INLAND,3,,40400,80468
-116.88,33.93,37,1495,429,865,342,1.2188,,INLAND,1,,55000,87041
-117.88,33.84,34,1410,214,837,240,6.1168,,<1H OCEAN,5,,213900,266086.01
-117.49,33.99,21,2050,392,1153,336,4.84,,INLAND,4,,116400,150553
-117.98,34.03,21,797,162,484,166,2.625,,<1H OCEAN,2,,191100,179607.02
-119.23,34.19,16,5297,810,1489,667,6.4522,,NEAR OCEAN,5,,500001,394638.26
-117.86,33.75,13,1632,598,3356,659,1.5054,,<1H OCEAN,2,,137500,166684
-118.43,34.01,27,3133,1021,2242,1002,2.697,,<1H OCEAN,2,,412500,303197.01
-122.31,38.01,18,4123,874,1895,772,3.2759,,NEAR BAY,3,,195000,158579
-122.43,37.79,52,3486,847,1248,813,7.2623,,NEAR BAY,5,,500001,425727.46
-118.19,33.95,42,1651,463,1559,436,2.3882,,<1H OCEAN,2,,148100,152260
-117.11,32.91,15,1840,235,855,241,7.5992,,<1H OCEAN,5,,310600,317463.02
-118.47,34.04,32,2909,748,1310,706,4.516,,<1H OCEAN,4,,350000,425712.38
-122.42,37.75,52,2163,607,1447,546,3.3555,,NEAR BAY,3,,275000,310277
-117.34,34.08,35,1380,248,730,264,3.2305,,INLAND,3,,93700,96518
-122.06,37.99,17,1319,316,384,269,1.8229,,NEAR BAY,2,,137500,144453
-122.06,37.54,20,6483,1068,3526,1060,5.0838,,NEAR BAY,4,,248200,253443
-117.14,32.74,16,6075,1816,2592,1634,2.5553,,NEAR OCEAN,2,,178100,156766
-122.07,38,37,978,202,462,184,3.625,,NEAR BAY,3,,156300,160463
-122.35,40.57,18,2226,490,859,451,1.6821,,INLAND,2,,69400,75855
-121.37,38.69,35,1093,192,590,190,2.7009,,INLAND,2,,80200,99140
-120.19,36.6,25,875,214,931,214,1.5536,,INLAND,2,,58300,51935
-121.28,38.03,11,826,150,684,166,3.9265,,INLAND,3,,107400,139562
-117.51,33.95,12,9016,1486,4285,1457,4.9984,,INLAND,4,,169100,169908
-118.36,33.88,31,2518,543,1107,508,4.7404,,<1H OCEAN,4,,295800,288748
-122.3,37.97,35,1811,377,911,340,3.375,,NEAR BAY,3,,149700,146878
-120.87,37.76,16,1174,249,601,242,1.7143,,INLAND,2,,113300,107919
-115.73,33.09,27,452,103,258,61,2.9,,INLAND,2,,87500,88335
-121.22,37.79,38,2152,451,1320,457,2.5025,,INLAND,2,,101900,100474
-121.98,37.95,14,6290,854,2724,820,6.7371,,INLAND,5,,267400,280548.01
-121.79,37.67,26,2163,339,947,346,6.0797,,INLAND,5,,211000,233521
-117.9,33.9,18,3821,576,1430,568,6.9399,,<1H OCEAN,5,,349600,316112.02
-122.04,37.85,27,6039,780,2181,761,9.5862,,NEAR BAY,5,,469400,471850.68
-119.73,34.42,25,2024,312,907,335,5.4127,,NEAR OCEAN,4,,392800,339564
-116.44,33.77,18,4872,1110,955,656,2.2439,,INLAND,2,,97500,154645
-117.31,34.17,25,2795,596,1650,569,3.0078,,INLAND,3,,87100,100450
-117.14,32.8,35,1267,212,710,204,2.5368,,NEAR OCEAN,2,,169600,146573
-122.13,37.7,43,3046,557,1333,544,3.4583,,NEAR BAY,3,,183700,195818
-122.48,38.31,29,2375,560,1124,502,2.3276,,<1H OCEAN,2,,166200,180837.01
-118.37,33.88,44,1325,245,669,253,4.4211,,<1H OCEAN,3,,324000,330979.01
-121.45,38.64,23,1481,343,1079,315,1.867,,INLAND,2,,60600,70178
-122.57,38.02,33,9531,1487,3798,1409,5.6512,,NEAR BAY,4,,314000,349813.03
-118.02,33.79,23,6368,1030,3281,1001,6.1142,,<1H OCEAN,5,,240400,299415.01
-124.07,40.87,47,1765,326,796,333,2.2138,,NEAR OCEAN,2,,99200,82818
-116.91,34.24,23,6379,1636,1350,568,1.6336,,INLAND,2,,124500,87749
-117.65,33.62,15,2708,410,1140,389,6.2899,,<1H OCEAN,5,,275000,306090
-116.94,32.81,8,2517,632,1686,613,2.136,,<1H OCEAN,2,,143500,139129.01
-119.78,36.76,50,1343,322,1063,342,1.75,,INLAND,2,,49800,54009
-122.05,38,16,1085,217,356,232,2.3462,,NEAR BAY,2,,75000,140110
-122.24,37.49,30,2956,590,1191,594,3.7463,,NEAR OCEAN,3,,427600,297135
-121.46,38.54,39,1453,324,843,281,1.7692,,INLAND,2,,63900,69187
-117.93,33.95,31,3600,468,1382,435,7.4597,,<1H OCEAN,5,,500001,386017.09
-117.96,33.69,20,3123,441,1319,432,6.091,,<1H OCEAN,5,,290400,294243
-122.04,37.96,27,2587,729,1500,623,1.837,,NEAR BAY,2,,175000,147696
-121.3,37.97,52,2259,417,766,385,2.2981,,INLAND,2,,105400,104697
-121.74,37.35,34,440,90,217,93,5.2327,,<1H OCEAN,4,,500001,284867.04
-121.58,39.14,52,662,160,520,149,0.8928,,INLAND,1,,55000,94447
-119.75,36.71,38,1481,,1543,372,1.4577,,INLAND,1,,49800,49272
-118.36,33.98,29,2861,816,1715,775,2.7712,,<1H OCEAN,2,,160900,168431
-122.18,37.73,42,909,215,646,198,2.9063,,NEAR BAY,2,,80000,150016
-122.64,38.87,16,1177,240,519,199,1.5739,,INLAND,2,,73500,87359
-120.72,38.42,17,5654,1085,2237,953,3.0465,,INLAND,3,,144100,129037
-118.2,33.77,24,2404,819,1566,753,1.5076,,NEAR OCEAN,2,,145800,163342
-118.43,34.2,28,3386,,2240,737,3.0221,,<1H OCEAN,3,,290100,208980
-122.74,38.44,23,2819,612,1644,546,2.6576,,<1H OCEAN,2,,147900,157480
-118.12,33.91,35,620,122,381,124,3.7917,,<1H OCEAN,3,,183900,188788
-118.03,33.95,37,1772,321,934,326,4.1471,,<1H OCEAN,3,,177800,195489
-122.76,38.46,14,4794,767,2252,768,4.2061,,<1H OCEAN,3,,213100,206690
-121.83,37.28,33,1115,250,1168,261,3.9009,,<1H OCEAN,3,,178600,168025
-118.48,34.25,35,1865,335,1074,337,5.1068,,<1H OCEAN,4,,223300,216626
-121.35,38.28,17,2756,557,1986,530,3.2234,,INLAND,3,,82000,114181
-118.18,33.82,43,2210,469,1042,418,3.5,,NEAR OCEAN,3,,216700,247940
-122.02,37.01,20,1005,138,345,129,10.0968,,NEAR OCEAN,5,,500001,494801.89
-117.67,33.49,10,366,61,128,61,8.163,,<1H OCEAN,5,,250000,383070.07
-117.59,34.13,10,20263,3915,9716,3744,3.8505,,INLAND,3,,169600,154858
-117.89,34.09,35,1205,330,583,319,2.3971,,<1H OCEAN,2,,188900,179801.01
-122.68,38.43,29,488,63,161,62,6.0774,,<1H OCEAN,5,,334400,340729.1
-118.32,33.87,28,3763,762,1967,724,5.3244,,<1H OCEAN,4,,271900,293527.02
-118.58,34.06,25,4440,693,1560,636,8.8666,,<1H OCEAN,5,,500001,480317.74
-118.03,33.96,37,1180,256,614,242,3.117,,<1H OCEAN,3,,164600,185996
-117.81,33.82,20,2819,319,1019,319,12.2092,,<1H OCEAN,5,,500001,490842.8
-122.15,37.41,29,473,103,359,87,7.0309,,NEAR BAY,5,,475000,417073.37
-116.87,33.57,12,1153,265,446,195,3.038,,INLAND,3,,128100,168896
-121.72,37.7,17,1671,352,729,252,6.1023,,INLAND,5,,450000,229679
-122.26,38,6,678,104,318,91,5.2375,,NEAR BAY,4,,246400,228432.01
-118.25,34.14,13,3487,1131,3749,1072,2.1602,,<1H OCEAN,2,,221900,209376
-118.4,33.86,41,2237,597,938,523,4.7105,,<1H OCEAN,4,,500001,413591.15
-117.18,33.15,7,6225,1683,5410,1580,2.32,,<1H OCEAN,2,,117500,144701
-117.33,34.12,33,933,219,838,211,1.3417,,INLAND,1,,69000,65420
-117.98,33.68,14,3396,477,1542,472,7.3982,,<1H OCEAN,5,,369100,363921.05
-122.46,37.78,52,2051,552,1400,510,3.2396,,NEAR BAY,3,,375000,406730.03
-122.33,37.97,45,1982,376,1179,398,3.5463,,NEAR BAY,3,,130800,134838
-122.31,37.56,45,1792,301,829,318,4.9013,,NEAR OCEAN,4,,330100,327315.02
-118.13,33.86,45,1866,343,919,344,3.5833,,<1H OCEAN,3,,200200,228555
-118.42,34.18,30,1323,353,856,333,3.3594,,<1H OCEAN,3,,202200,227503
-121.52,38.9,32,1650,313,802,284,2.9048,,INLAND,2,,98200,107139
-121.99,37.26,29,2718,365,982,339,7.9234,,<1H OCEAN,5,,500001,463644.37
-120.98,37.64,39,2617,659,2052,642,1.6952,,INLAND,2,,65000,73260
-117.87,33.92,14,4039,669,1905,670,6.3303,,<1H OCEAN,5,,303000,285100.01
-117.79,33.77,23,3596,451,1292,458,8.5403,,<1H OCEAN,5,,451300,367140.03
-117.96,33.73,22,3479,455,1454,488,6.6324,,<1H OCEAN,5,,347600,311942
-121.63,37.12,17,1830,398,1110,388,2.4821,,<1H OCEAN,2,,248200,152432
-117.89,33.77,29,2577,445,1849,470,4.4732,,<1H OCEAN,3,,194800,194520
-118.24,34.15,7,2063,670,1892,643,1.7301,,<1H OCEAN,2,,202300,190473
-122.06,37.96,37,1784,313,788,304,4.2917,,NEAR BAY,3,,189600,182623
-119.85,36.76,10,2067,450,845,354,1.8214,,INLAND,2,,80100,64713
-118.09,34.01,36,1465,363,1538,342,3.5469,,<1H OCEAN,3,,150600,157001
-123.73,39.17,20,4620,1042,1745,794,2.375,,NEAR OCEAN,2,,158800,136381.01
-121.4,36.84,40,2352,536,1430,535,3.0912,,INLAND,3,,155300,171976
-118.21,33.8,41,1251,279,1053,278,3.2778,,NEAR OCEAN,3,,150800,170225
-119.62,36.56,30,1722,372,1467,403,1.8878,,INLAND,2,,51600,58263
-118.81,34.25,4,9147,1827,3950,1661,5.716,,<1H OCEAN,4,,320800,293440.05
-117.1,33,5,15502,2613,7417,2358,5.9094,,<1H OCEAN,4,,261100,280496.03
-118.38,33.86,15,1778,311,908,330,7.674,,<1H OCEAN,5,,329300,425284.48
-118.31,34.04,29,2038,578,2070,570,2.0658,,<1H OCEAN,2,,214600,179001
-121.5,38.52,37,2008,466,1261,427,2.2574,,INLAND,2,,59100,90235
-118,34.13,35,1005,224,742,221,3.5481,,INLAND,3,,158100,167472
-118.35,33.91,19,1949,559,1282,498,2.7813,,<1H OCEAN,2,,231300,227898
-118.98,35.37,36,1562,398,1223,329,0.9675,,INLAND,1,,47100,52240
-117.9,33.88,28,2696,346,947,356,9.0055,,<1H OCEAN,5,,375400,449649.47
-121.65,39.16,16,5022,1103,2087,956,2.3963,,INLAND,2,,114800,92110
-119.81,36.6,24,2246,462,1291,394,2.4006,,INLAND,2,,76400,65809
-118.02,34.15,44,2419,437,1045,432,3.875,,INLAND,3,,280800,291968
-118.09,34.7,6,4558,804,1543,563,2.8548,,INLAND,2,,138500,114737
-118.42,34.27,37,1024,246,1371,239,3.225,,<1H OCEAN,3,,147500,147730
-118.32,34.07,52,2156,306,861,311,8.8062,,<1H OCEAN,5,,500001,464642.5
-122.46,37.73,52,3547,506,1276,491,8.0069,,NEAR BAY,5,,426800,490770.92
-116.53,33.78,18,2547,463,411,214,2.5489,,INLAND,2,,220500,159080
-120.99,39.22,16,1497,275,737,243,2.8942,,INLAND,2,,182500,128965
-116.47,34.07,22,5473,1234,2581,1098,1.9375,,INLAND,2,,65300,84699
-122.28,37.82,52,1170,235,701,233,1.6098,,NEAR BAY,2,,87500,98371
-118.47,35.64,17,2248,535,927,427,1.3023,,INLAND,1,,68500,73917
-118.26,33.97,46,1086,249,880,250,1.5962,,<1H OCEAN,2,,95700,100301
-117.2,32.78,38,2662,498,1132,496,4.0057,,NEAR OCEAN,3,,241600,299473.04
-118.55,34.28,16,8879,,3468,1200,8.1125,,<1H OCEAN,5,,428600,406901.09
-117.86,33.84,19,1725,392,920,400,3.0087,,<1H OCEAN,3,,159400,200961
-117.78,33.78,6,9792,1283,3744,1179,10.1714,,<1H OCEAN,5,,481500,465154.25
-121.86,37.41,16,2938,589,1718,568,5.5073,,<1H OCEAN,4,,178900,252121.01
-117.58,34.11,14,11635,2055,6443,2009,4.7547,,INLAND,4,,157600,168582
-118.02,34.12,38,1778,288,870,281,6.5784,,INLAND,5,,408500,412048.24
-117.08,32.93,5,14944,2490,6600,2407,6.0857,,<1H OCEAN,5,,308300,278725.01
-117.62,34.02,16,2040,325,1207,324,5.0431,,INLAND,4,,164100,163033
-117.25,32.86,27,2530,469,594,326,7.2821,,NEAR OCEAN,5,,500001,432487.3
-121.32,37.96,47,1700,344,922,357,3.1845,,INLAND,3,,87200,117426
-118.45,33.96,36,2723,547,1090,519,6.3267,,<1H OCEAN,5,,500001,444718.42
-119.79,36.77,30,1610,410,1000,397,2.0357,,INLAND,2,,60200,66654
-118.2,33.92,42,1411,314,1432,322,3.0871,,<1H OCEAN,3,,138800,147001
-118.33,34.16,23,1359,428,770,380,3.4016,,<1H OCEAN,3,,234600,266015.03
-118.24,33.89,34,1479,332,1166,322,2.6165,,<1H OCEAN,2,,100900,104728
-115.38,32.81,35,1263,262,950,241,1.8958,,INLAND,2,,67500,65756
-117.82,33.85,18,1810,305,1189,326,5.2227,,<1H OCEAN,4,,213500,233009
-121.97,37.3,25,5463,1351,2758,1310,3.0079,,<1H OCEAN,3,,277300,211867
-121.24,38.75,5,9137,1368,3667,1294,5.4896,,INLAND,4,,229600,225698
-118.91,36.79,19,1616,324,187,80,3.7857,,INLAND,3,,78600,101195
-121.27,37.95,43,557,165,573,144,1.7212,,INLAND,2,,59000,71764
-122.49,37.75,52,2226,385,1177,416,4.8516,,NEAR OCEAN,4,,323800,328998.02
-123.2,39.15,27,990,238,592,225,2.0074,,<1H OCEAN,2,,96200,114659
-122.26,37.54,5,1649,388,779,376,6.9635,,NEAR BAY,5,,417300,368373.12
-117.29,33.05,28,1146,338,672,292,3.1667,,NEAR OCEAN,3,,300000,297536.12
-118.39,33.88,31,1448,244,607,259,8.1513,,<1H OCEAN,5,,500001,483472.62
-118.24,33.99,28,312,89,498,87,2.4107,,<1H OCEAN,2,,96400,110550
-117.92,33.77,28,3614,960,3282,889,3.522,,<1H OCEAN,3,,190300,179821
-118.16,33.86,26,6607,1663,4066,1558,2.5068,,<1H OCEAN,2,,156300,163910
-122.16,37.71,36,666,132,366,134,3.4643,,NEAR BAY,3,,175000,171752
-119.67,36.82,2,2579,376,1133,342,4.5577,,INLAND,4,,123300,126260
-122.24,37.47,40,1504,270,689,287,6.1244,,NEAR OCEAN,5,,308800,370571.07
-122.6,38.11,23,8642,1294,3594,1253,5.3962,,<1H OCEAN,4,,301500,279764
-117.61,33.63,2,4678,817,1970,712,6.1078,,<1H OCEAN,5,,219000,302388.04
-118.28,33.96,23,1983,611,2048,600,1.5313,,<1H OCEAN,2,,91400,121305.02
-117.89,33.85,18,2036,414,1292,380,3.875,,<1H OCEAN,3,,273000,198026
-121.77,36.93,24,1943,447,1844,461,3.0192,,<1H OCEAN,3,,184300,171365
-121.37,38.68,36,1775,296,937,305,3.1786,,INLAND,3,,83400,97671
-118.26,33.85,25,2324,326,1087,328,5.293,,<1H OCEAN,4,,207000,247046
-122.17,37.73,43,1473,371,1231,341,2.1587,,NEAR BAY,2,,86500,105849
-122.54,37.96,44,1552,204,596,208,10.129,,NEAR BAY,5,,500001,495935.95
-124.16,40.8,52,2416,618,1150,571,1.7308,,NEAR OCEAN,2,,80500,91066
-120.45,34.66,7,3329,504,1462,452,4.7875,,NEAR OCEAN,4,,198300,217903.01
-120.45,34.95,10,2207,644,2232,543,2.375,,<1H OCEAN,2,,98500,134501
-117.17,33.34,15,3313,679,1022,564,2.7986,,<1H OCEAN,2,,189900,152344
-118.42,34,33,1139,299,734,257,3.2708,,<1H OCEAN,3,,325000,351853.1
-119.35,36.52,39,3027,608,2199,592,2.6445,,INLAND,2,,62000,73342
-121.84,37.29,4,2937,648,1780,665,4.3851,,<1H OCEAN,3,,160400,209538
-120.24,37.96,34,1747,395,935,362,1.625,,INLAND,2,,79400,87429
-122.42,37.77,52,4226,1315,2619,1242,2.5755,,NEAR BAY,2,,325000,314079.03
-117.91,33.9,27,829,114,383,133,9.3125,,<1H OCEAN,5,,293500,469707.44
-121.53,38.58,33,4988,1169,2414,1075,1.9728,,INLAND,2,,76400,92438
-121.23,37.8,11,2451,665,1155,533,2.2254,,INLAND,2,,130800,123156
-117.65,33.58,2,2411,354,703,217,7.8061,,<1H OCEAN,5,,331400,327338.02
-121,37.6,22,4412,925,3116,817,2.6899,,INLAND,2,,82100,114034
-118.07,34.17,36,2415,394,1215,413,5.5418,,INLAND,4,,326100,357415.02
-117.69,33.64,16,2592,372,1279,383,6.9741,,<1H OCEAN,5,,262000,313403.02
-121.78,37.23,18,1747,317,1055,285,5.898,,<1H OCEAN,4,,229100,268754.02
-121.85,37.4,23,1793,319,1145,310,5.5968,,<1H OCEAN,4,,243200,238657
-121.32,37.98,20,1591,589,1916,536,1.3531,,INLAND,1,,94600,95993
-118.16,33.84,36,2831,573,1462,569,3.8646,,<1H OCEAN,3,,214600,217550
-118.04,34.12,44,2007,288,921,307,6.5989,,INLAND,5,,500001,395628.17
-122.21,37.8,50,2833,605,1260,552,2.8929,,NEAR BAY,2,,216700,165038
-117.8,34.05,5,4536,1178,2485,909,4.1118,,<1H OCEAN,3,,125900,219300.01
-121.43,38.61,33,2289,576,1100,503,2.1694,,INLAND,2,,95700,97510
-121.8,36.72,14,2493,407,1296,418,5.4508,,<1H OCEAN,4,,190000,276776
-122.02,37.58,15,3052,760,2097,728,3.3617,,NEAR BAY,3,,178100,217160
-119.32,36.19,11,1281,291,861,313,1.0962,,INLAND,1,,72300,56224
-118.2,33.81,46,1388,254,742,241,4.6458,,NEAR OCEAN,4,,212100,214269
-117.91,33.75,8,2346,679,3842,674,3.0635,,<1H OCEAN,3,,160000,168400
-118.13,34.02,38,1243,310,788,286,2.5852,,<1H OCEAN,2,,185100,174486
-118.12,34.7,7,4915,885,2833,874,4.3229,,INLAND,3,,130000,143211
-122.41,37.75,52,2164,606,2034,513,2.0325,,NEAR BAY,2,,178100,244371
-118.26,34.09,51,1532,366,669,333,3.6434,,<1H OCEAN,3,,278800,251264
-122.29,37.92,36,1450,235,568,234,6,,NEAR BAY,4,,311400,331203.02
-117.43,34.1,34,1345,265,834,290,3.7011,,INLAND,3,,99500,104517
-117.9,33.71,16,4208,630,2592,662,6.1966,,<1H OCEAN,5,,260500,285216
-118.43,33.9,27,1536,377,553,326,5.4088,,<1H OCEAN,4,,500001,422847.36
-121.43,36.5,14,1835,468,1867,461,2.3879,,<1H OCEAN,2,,129800,121335
-120.45,37.32,21,1318,202,618,197,4.8214,,INLAND,4,,117800,136004
-118.25,33.93,40,975,270,1068,270,0.9889,,<1H OCEAN,1,,87500,91356
-122.5,37.74,45,1771,349,1098,342,3.7552,,NEAR OCEAN,3,,296600,274254
-122.04,37.95,29,866,138,341,133,4.7188,,NEAR BAY,4,,197100,219620
-117.34,34.02,28,2683,708,2047,636,2.275,,INLAND,2,,85400,91973
-118.26,33.9,38,1566,318,981,318,4.0234,,<1H OCEAN,3,,111900,142417
-120.45,34.94,24,1702,447,1240,417,2.4091,,<1H OCEAN,2,,115500,120526
-117.24,33.18,19,3337,565,1646,554,5.0195,,<1H OCEAN,4,,200200,245866.01
-118.15,34.18,46,2230,488,1985,456,2.2328,,<1H OCEAN,2,,142100,164011.01
-122.16,37.46,45,2068,348,844,366,6.227,,NEAR BAY,5,,417800,426308.26
-117.95,33.78,9,3553,1035,2017,986,2.9726,,<1H OCEAN,2,,133800,187204
-119.05,34.13,12,57,22,69,15,5.0066,,NEAR OCEAN,4,,275000,294704.11
-118.3,33.98,44,1597,388,902,321,1.9556,,<1H OCEAN,2,,93300,105147
-120.98,37.69,18,3176,468,1296,471,5.5684,,INLAND,4,,185100,189301
-118.27,34.05,52,1292,864,2081,724,0.9563,,<1H OCEAN,1,,275000,240572
-122.41,37.8,52,1866,748,2957,710,1.8295,,NEAR BAY,2,,243800,243170.04
-117.98,33.99,26,3343,455,1429,457,7.0778,,<1H OCEAN,5,,334300,375021.04
-121.93,37.31,26,2182,704,1638,704,2.8981,,<1H OCEAN,2,,229800,212637
-121.44,38.61,33,1591,466,1000,418,1.0467,,INLAND,1,,70100,71998
-118.28,34.76,19,3430,601,1817,571,4.7875,,INLAND,4,,163600,151937
-117.02,32.79,36,2211,384,868,329,4.0491,,<1H OCEAN,3,,147900,164770
-117.21,34.08,5,5749,1385,2382,1088,3.0587,,INLAND,3,,143100,116588
-118.21,34.05,45,2146,607,2868,625,2.121,,<1H OCEAN,2,,144000,145761
-121.22,37.8,37,1038,222,521,211,2.125,,INLAND,2,,91900,104409
-122.45,37.77,52,2645,626,1275,553,3.35,,NEAR BAY,3,,492900,394943.16
-121.87,37.46,43,91,12,58,16,15.0001,,<1H OCEAN,5,,500001,213691.05
-118.26,34.02,38,980,285,1308,310,1.5652,,<1H OCEAN,2,,123100,122042
-117.23,32.73,35,2914,683,1562,638,2.5259,,NEAR OCEAN,2,,240200,235549
-118.25,34.23,41,1979,496,1157,459,4.4083,,<1H OCEAN,3,,217700,261396.01
-118.15,33.78,17,1584,435,904,406,2.0875,,NEAR OCEAN,2,,181300,151345
-117.48,33.91,22,3611,666,1869,649,4.2207,,INLAND,3,,141100,147686
-122.06,38.26,36,1248,221,672,222,3.3839,,INLAND,3,,105900,119471
-117.12,32.7,36,1011,253,763,226,1.8187,,NEAR OCEAN,2,,84100,83202
-121.87,37.35,27,3500,1036,3019,955,2.9222,,<1H OCEAN,2,,153700,192605
-118.15,33.88,24,4232,1092,2688,1035,2.52,,<1H OCEAN,2,,146000,174354
-122.55,38.07,5,1495,235,555,201,6.7232,,NEAR BAY,5,,345000,321873.02
-118.05,34.13,23,3264,729,1475,668,3.735,,INLAND,3,,218300,281883
-119.02,35.43,39,2033,370,956,379,3.1736,,INLAND,3,,70700,79880
-122.42,37.73,52,3230,654,1765,611,3.3333,,NEAR BAY,3,,292300,245610
-122.53,37.97,52,1560,451,700,419,2.5125,,NEAR BAY,2,,270800,227901.01
-122.21,37.78,44,1729,414,1240,393,2.3125,,NEAR BAY,2,,102800,121259
-117.29,34.15,42,1811,345,856,352,2.9667,,INLAND,2,,97000,90774
-117.98,33.68,24,4177,,1704,606,6.2473,,<1H OCEAN,5,,281900,284838
-122.18,38.17,7,4093,651,2228,646,5.2523,,NEAR BAY,4,,161300,192930
-117.98,33.71,24,3430,548,1601,512,5.6825,,<1H OCEAN,4,,264600,262310
-118.34,35.27,10,2939,605,1167,446,2.3917,,INLAND,2,,79000,86210
-121.38,38.55,23,2790,430,1407,460,4.3288,,INLAND,3,,133700,133616
-118.32,34.09,32,563,191,626,185,2.0341,,<1H OCEAN,2,,250000,201645
-121.5,38.58,5,761,306,2031,295,0.7526,,INLAND,1,,162500,165012
-118.3,34.19,52,1704,277,746,262,4.7986,,<1H OCEAN,4,,326100,322816.01
-116.42,33.76,14,16921,2837,2524,1262,7.6281,,INLAND,5,,341700,307702
-118.27,34.15,14,1744,536,1494,531,3.2171,,<1H OCEAN,3,,230800,224423
-117.98,34.1,22,5661,1209,5389,1178,3.7727,,INLAND,3,,159700,162020
-115.64,32.8,23,1228,235,569,235,3.1667,,INLAND,3,,125000,82172
-119.73,36.68,32,755,205,681,207,1.7986,,INLAND,2,,49300,59631
-118.6,34.13,20,14291,1934,5452,1875,9.1232,,<1H OCEAN,5,,472000,475720.69
-118.3,34.04,50,1757,522,2080,488,1.7225,,<1H OCEAN,2,,180000,141194
-120.68,35.25,16,4208,897,1634,806,2.2868,,NEAR OCEAN,2,,233700,223538
-122.3,37.56,36,1379,228,750,227,5.5381,,NEAR OCEAN,4,,282000,332924
-119.25,35.77,35,1618,378,1449,398,1.6786,,INLAND,2,,56500,51249
-122.23,37.78,52,472,146,415,126,2.6429,,NEAR BAY,2,,71300,132989
-122.23,37.46,33,2643,464,1015,427,4.2232,,NEAR OCEAN,3,,363700,348321.12
-121.57,39.76,20,1384,257,557,232,2.0882,,INLAND,2,,104900,81144
-118.98,35.36,15,1482,338,1059,279,1.2617,,INLAND,1,,42700,52586
-118.32,34.08,46,2038,534,1250,525,2.4196,,<1H OCEAN,2,,358100,235581
-119.71,34.41,31,1034,319,997,308,2.6538,,NEAR OCEAN,2,,231800,235498
-118.43,37.4,19,2460,405,1225,425,4.1576,,INLAND,3,,141500,130316
-117.29,34.12,47,1648,432,1308,385,1.2069,,INLAND,1,,68200,69702
-118.59,34.22,17,6015,1464,3056,1347,4.0077,,<1H OCEAN,3,,229000,251931
-117.38,34.12,17,5959,1208,4115,1088,2.4053,,INLAND,2,,105200,117691
-117.94,33.86,36,2824,493,1394,507,4.6477,,<1H OCEAN,4,,194700,203909
-118.98,36.06,33,2043,443,1497,417,2.343,,INLAND,2,,47400,61014
-118.49,34.27,33,3047,527,1578,507,4.58,,<1H OCEAN,4,,236200,235283
-121.63,39.82,11,3974,727,1610,634,2.6147,,INLAND,2,,107700,97446
-117.03,32.73,38,3174,606,1557,619,3.5861,,NEAR OCEAN,3,,123600,138995
-118.32,33.79,32,2381,467,1264,488,4.1477,,<1H OCEAN,3,,315100,336017
-122.43,37.73,52,1142,224,494,206,5.0602,,NEAR BAY,4,,298900,309700.04
-121.91,36.59,31,2034,335,966,322,4.6964,,NEAR OCEAN,4,,291300,283286
-118.21,33.94,34,892,318,1443,341,2.1903,,<1H OCEAN,2,,162500,148626
-117.59,33.67,29,1223,215,633,204,6.5143,,<1H OCEAN,5,,279800,336216.14
-118.33,33.91,39,1224,312,1106,333,3.3491,,<1H OCEAN,3,,181800,188067
-121.64,36.8,18,5915,1000,2975,975,4.5812,,<1H OCEAN,4,,255200,255836.03
-122.48,37.75,49,2203,407,1052,405,4.4375,,NEAR BAY,3,,329200,330713.02
-122.42,37.8,52,1777,486,932,427,3.3643,,NEAR BAY,3,,420000,471739.63
-118.39,34.17,26,3345,818,1599,773,3.3516,,<1H OCEAN,3,,241500,268407
-121.37,38.42,18,2643,502,1755,541,3.3281,,INLAND,3,,91200,116366
-124.14,40.78,35,2426,423,982,432,3.4219,,NEAR OCEAN,3,,92800,94286
-118.32,33.89,34,2675,560,1270,492,4.5053,,<1H OCEAN,4,,242000,220101
-122.41,37.75,52,3065,622,1405,606,3.7813,,NEAR BAY,3,,275900,287617
-117.39,33.93,26,3014,494,1832,485,4.8333,,INLAND,4,,127900,150170
-120.23,37.86,16,324,61,135,61,2.4615,,INLAND,2,,137500,156179
-121.91,37.29,36,945,149,371,158,5.6266,,<1H OCEAN,4,,320500,320157.01
-114.65,32.79,21,44,33,64,27,0.8571,,INLAND,1,,25000,69713.01
-117.78,33.97,2,556,63,179,54,8.4411,,<1H OCEAN,5,,500001,377591.04
-118.45,37.37,26,3135,524,1385,523,4.337,,INLAND,3,,139700,140345
-117.85,33.61,14,4340,741,1505,670,7.5674,,<1H OCEAN,5,,500001,321457.02
-122.01,36.98,47,2403,517,1144,455,2.5954,,NEAR OCEAN,2,,229400,239242
-118.2,33.93,40,1929,417,1780,419,3.4402,,<1H OCEAN,3,,149400,148024
-121.91,36.62,40,1292,271,504,230,2.475,,<1H OCEAN,2,,258300,222238.01
-118.18,33.87,38,2664,626,1627,604,3.7527,,<1H OCEAN,3,,161900,171596
-122.05,37.38,24,2424,501,1367,507,4.072,,<1H OCEAN,3,,364200,280029.01
-118.26,34,37,2615,697,2484,630,1.9208,,<1H OCEAN,2,,103400,108084
-118.19,34.02,40,474,124,546,121,2.3438,,<1H OCEAN,2,,137500,141107.01
-121.21,38.75,11,4552,639,2006,623,4.3962,,INLAND,3,,264400,179167
-117.63,33.62,9,4257,785,1293,745,3.7139,,<1H OCEAN,3,,196700,194099.01
-121.71,38.72,32,710,155,550,154,2.8882,,INLAND,2,,151400,109883
-121.88,37.67,25,2244,301,937,324,6.4524,,INLAND,5,,296900,274234
-118.37,34.21,36,1392,326,1181,303,3.1563,,<1H OCEAN,3,,176400,168320
-118.25,34.01,43,1575,475,1980,469,1.7425,,<1H OCEAN,2,,100500,107958
-117.79,35.21,4,2,2,6,2,2.375,,INLAND,2,,137500,198703.18
-118.24,34.03,52,142,47,137,45,1.8333,,<1H OCEAN,2,,312500,167377
-120.99,37.66,46,1750,347,754,356,2.9137,,INLAND,2,,106000,116475
-122.56,37.97,52,1833,324,735,306,4.6944,,NEAR BAY,4,,398900,333419.03
-122.43,37.77,52,2416,620,1188,591,2.3887,,NEAR BAY,2,,337500,315640.04
-121.91,37.93,13,1610,198,703,217,8.7059,,INLAND,5,,329400,311035.02
-118.43,33.99,43,2483,548,1212,493,4.0189,,<1H OCEAN,3,,302900,348422.08
-122.19,39.91,39,2467,529,1433,502,1.8571,,INLAND,2,,53500,63824
-118.28,34,48,1514,376,1353,344,2.1607,,<1H OCEAN,2,,96100,115542
-118.15,34.11,52,1000,192,363,158,4.2981,,<1H OCEAN,3,,352800,250710
-121.99,36.98,40,1104,224,669,215,4.3409,,NEAR OCEAN,3,,256300,244906
-118.87,34.2,26,1924,245,775,244,7.001,,<1H OCEAN,5,,286800,367851.07
-122.5,37.74,44,2527,518,1434,444,3.875,,NEAR OCEAN,3,,275700,285687
-122.26,37.5,24,2307,510,842,507,3.6111,,NEAR OCEAN,3,,341500,304929
-118.95,34.17,23,2630,404,1184,385,5.2955,,<1H OCEAN,4,,247600,304476.04
-122.72,38.45,41,1743,373,780,357,3.1467,,<1H OCEAN,3,,175500,177060
-122.86,38.42,38,1166,223,584,225,3.6667,,<1H OCEAN,3,,244400,188889
-121.79,38.67,30,2602,401,981,405,4.7222,,INLAND,4,,167200,179161
-119.19,34.22,26,3175,736,2460,775,3.125,,NEAR OCEAN,3,,219900,203826
-121.7,38.65,22,1360,282,808,229,2.4167,,INLAND,2,,225000,110654
-119.68,36.81,16,2668,454,1536,457,3.9792,,INLAND,3,,88900,87762
-121.91,36.6,35,2605,410,1110,406,5.5519,,NEAR OCEAN,4,,329500,344565.02
-117.68,33.48,15,1786,299,727,293,5.0527,,<1H OCEAN,4,,231400,257996.03
-121.28,38.14,38,2803,500,1223,509,4.119,,INLAND,3,,128800,168097
-117.24,33.36,11,2786,480,1250,450,4.5,,<1H OCEAN,3,,222600,230134
-117.13,32.96,15,2267,292,1180,289,6.712,,<1H OCEAN,5,,240200,283885.01
-122.38,41.43,45,2245,448,1155,421,1.6509,,INLAND,2,,46200,61757
-122.04,37.99,36,2765,495,1478,441,4.125,,NEAR BAY,3,,136200,158691
-121.81,38.84,37,352,65,238,67,2.8542,,INLAND,2,,275000,132531
-122.31,37.56,45,1685,321,815,314,4.2955,,NEAR OCEAN,3,,309700,315628
-118.28,33.82,30,3615,760,2813,752,5.3849,,<1H OCEAN,4,,217700,243116.03
-122.64,38.25,31,2554,515,1507,533,3.8,,<1H OCEAN,3,,162600,208729
-118.27,34.16,15,5036,1299,3164,1175,2.9148,,<1H OCEAN,2,,238700,238604.01
-117.06,32.71,11,2397,523,1566,514,3.8687,,NEAR OCEAN,3,,145200,131318
-122.06,37.38,21,1798,399,837,410,5.6999,,NEAR BAY,4,,470000,328067.05
-118.11,34.01,41,815,252,775,231,2.2847,,<1H OCEAN,2,,190000,167392
-118.23,34.09,41,438,201,690,161,2.0476,,<1H OCEAN,2,,181300,172819.01
-118.2,33.94,44,1413,298,1200,307,3.5125,,<1H OCEAN,3,,169300,159267
-118.41,33.93,22,2514,605,1225,568,4.1818,,<1H OCEAN,3,,339700,352036.01
-118.2,33.94,45,1818,408,1705,373,4.0441,,<1H OCEAN,3,,157500,165045
-122.87,38.61,23,2676,521,1456,500,3.7361,,<1H OCEAN,3,,173700,196796
-118.04,34.04,32,1619,323,1492,342,3.5,,<1H OCEAN,3,,165100,160446
-118.38,33.81,36,1018,148,329,169,10.5045,,NEAR OCEAN,5,,500001,500001
-118.2,34.12,41,1908,503,1557,453,2.9194,,<1H OCEAN,2,,162000,174975
-122.36,37.92,52,215,41,126,43,1.3929,,NEAR BAY,1,,104200,132678
-118.44,34.18,36,2077,496,1206,528,2.2326,,<1H OCEAN,2,,221000,205598
-117.81,33.63,17,4477,610,1798,612,8.1093,,<1H OCEAN,5,,410400,359803.02
-122.22,38.08,37,4590,857,2920,832,3.436,,NEAR BAY,3,,94800,142355
-117.08,32.63,33,2891,793,1607,754,2.1281,,NEAR OCEAN,2,,139800,139845
-122.29,40.44,30,1270,365,840,324,1.3904,,INLAND,1,,48100,65103
-124.16,40.78,50,2285,403,837,353,2.5417,,NEAR OCEAN,2,,85400,92510
-118.35,34.13,39,1610,278,511,278,4.3333,,<1H OCEAN,3,,385900,440934.25
-122.26,37.57,23,7995,1254,3484,1198,6.5948,,NEAR BAY,5,,404000,358235.08
-117.23,33.83,2,1424,251,681,192,4.0833,,INLAND,3,,100000,157614.02
-122.59,38.43,20,2791,546,785,512,3.4561,,<1H OCEAN,3,,216700,196818.01
-118.38,34.04,31,2846,727,2120,672,2.7226,,<1H OCEAN,2,,254200,266380.02
-117.96,33.87,35,1972,367,1152,356,3.7222,,<1H OCEAN,3,,187500,191044
-118.19,34.02,44,2702,770,3260,721,2.3575,,<1H OCEAN,2,,144800,146827
-122,38.36,34,2735,539,1390,491,2.7262,,INLAND,2,,118800,103019
-116.99,32.71,21,3049,582,2355,585,3.8904,,NEAR OCEAN,3,,113800,148258
-121.78,37.68,17,3112,872,1392,680,3.0222,,INLAND,3,,172500,159093
-121.26,38.68,4,3080,827,1195,683,2.7477,,INLAND,2,,133000,141531
-117.72,33.61,26,2033,463,618,450,2.5685,,<1H OCEAN,2,,80400,119807
-121.38,38.69,35,2943,554,1460,510,2.6713,,INLAND,2,,84400,105942
-120.95,39.93,26,2023,385,922,365,2.8125,,INLAND,2,,83500,78702
-122.47,37.5,18,2297,416,1086,381,4.875,,NEAR OCEAN,4,,334600,417031.12
-118.02,33.76,27,2905,587,1781,561,4.25,,<1H OCEAN,3,,214800,202009
-122.49,37.74,52,2189,433,1147,420,3.4583,,NEAR OCEAN,3,,321300,323517
-118.19,33.97,30,1790,556,1827,520,1.7562,,<1H OCEAN,2,,181300,161391
-118.02,33.84,35,3473,563,2091,580,4.4821,,<1H OCEAN,3,,214100,203452
-117.31,34.04,5,2785,577,1310,536,3.39,,INLAND,3,,149500,126133
-118.04,34.08,35,1148,258,975,253,4.037,,<1H OCEAN,3,,173300,177676
-119.2,34.26,25,2203,367,1194,377,5.4087,,NEAR OCEAN,4,,223200,279497.02
-117.99,33.84,31,2982,547,1895,570,4.9115,,<1H OCEAN,4,,255500,205208
-118.2,34.13,52,2035,459,2589,438,3.5349,,<1H OCEAN,3,,193600,183723
-121.85,36.6,41,3138,717,1890,642,2.4864,,<1H OCEAN,2,,140400,174272.01
-118.11,34.08,42,3172,644,1829,642,3.3966,,<1H OCEAN,3,,243200,214918
-117.97,33.83,16,2035,564,1118,503,3.2546,,<1H OCEAN,3,,187500,202641
-117.15,32.76,37,1921,502,811,472,2.75,,NEAR OCEAN,2,,175000,184139
-117.81,33.66,20,2851,490,1192,463,5.8752,,<1H OCEAN,4,,274200,301809.02
-116.97,32.79,32,1255,338,782,302,2.6635,,<1H OCEAN,2,,113600,148745
-122.23,37.8,51,1590,414,949,392,1.9028,,NEAR BAY,2,,127900,133697
-119.78,36.8,34,3426,623,1938,647,2.8994,,INLAND,2,,66000,75627
-122.01,37.53,27,1890,303,889,314,5.7057,,NEAR BAY,4,,287600,258604
-118.89,34.22,20,3878,665,1651,591,5.5402,,<1H OCEAN,4,,264600,281202.01
-124.17,40.77,30,1895,366,990,359,2.2227,,NEAR OCEAN,2,,81300,74888
-120.96,37.67,17,2434,511,1558,546,2.9219,,INLAND,2,,114300,117248
-122.14,37.73,52,2024,320,823,334,5,,NEAR BAY,4,,264700,276865.05
-121.62,39.15,36,2321,455,1168,489,3.0962,,INLAND,3,,74000,107788
-116.54,33.87,16,3648,1035,1687,581,1.9167,,INLAND,2,,70400,90840
-118.41,34,35,684,161,381,159,2.8393,,<1H OCEAN,2,,272000,292995
-118.14,33.79,23,2573,688,1478,604,3.4833,,NEAR OCEAN,3,,209400,231836
-117.96,33.85,35,1175,191,568,186,4.125,,<1H OCEAN,3,,189200,206874
-118.05,33.83,24,4316,678,2286,665,5.7018,,<1H OCEAN,4,,286700,253471
-122.14,37.9,32,5738,746,2099,732,10.3224,,NEAR BAY,5,,500001,494985.95
-117.95,34.09,18,1179,324,1296,331,2.851,,<1H OCEAN,2,,140600,171909
-117.66,35.61,5,5735,932,2623,862,4.8494,,INLAND,4,,87200,137314
-118.22,34.14,52,2298,406,1203,387,5.5291,,<1H OCEAN,4,,274600,339048.03
-118.38,34.04,45,767,130,254,118,6.2895,,<1H OCEAN,5,,340400,431056.49
-118.09,33.89,42,991,,717,219,4.0926,,<1H OCEAN,3,,164400,180696
-121.37,38.57,16,3895,896,1762,855,2.6635,,INLAND,2,,135800,125906
-118.39,34.17,26,6429,1611,2806,1491,3.1929,,<1H OCEAN,3,,265200,261622.01
-121.38,36.85,13,4115,782,2903,747,3.7316,,INLAND,3,,192400,210135
-122.1,37.66,36,1305,225,768,234,4.275,,NEAR BAY,3,,185300,192605
-122.43,37.43,17,11999,2249,5467,1989,4.8405,,NEAR OCEAN,4,,354300,427666.23
-117.3,33.07,16,3147,765,2165,690,3.5585,,NEAR OCEAN,3,,284800,238568
-122.49,37.59,35,2683,475,1498,484,5.1282,,NEAR OCEAN,4,,262500,310726.01
-118.31,34.05,40,1667,365,1161,384,3.1406,,<1H OCEAN,3,,417600,196326.01
-118.42,34,45,1807,355,883,371,5.0357,,<1H OCEAN,4,,329800,365273.06
-122.02,37.59,18,1165,333,855,319,3.6923,,NEAR BAY,3,,213200,204552
-116.39,33.72,19,7646,1618,2496,1075,3.5569,,INLAND,3,,128000,147428.03
-124.15,40.78,41,2127,358,911,349,3.1711,,NEAR OCEAN,3,,104200,119030
-119.29,34.44,34,4314,878,2361,831,3.2279,,NEAR OCEAN,3,,243100,260814.03
-122.17,37.73,46,2163,470,925,435,3.25,,NEAR BAY,3,,177500,199244
-117.44,33.93,33,1371,236,715,227,4.375,,INLAND,3,,129900,129978
-117.99,34.06,32,2491,616,2660,595,2.564,,INLAND,2,,145800,146184
-122.29,37.81,46,12,4,18,7,0.4999,,NEAR BAY,1,,67500,241440.09
-118.42,34,14,3771,1180,2355,978,3.1603,,<1H OCEAN,3,,287500,342899.06
-121.82,37.73,47,127,23,51,21,4.3472,,INLAND,3,,375000,160745
-122.03,37.54,16,4458,856,3038,870,5.0739,,NEAR BAY,4,,208000,238897
-122.7,38.45,39,2015,335,640,315,4.1734,,<1H OCEAN,3,,240500,254050
-117.31,34.14,44,1487,273,972,281,3.2292,,INLAND,3,,86100,100703
-117.98,34.08,17,3640,830,3537,807,3.4784,,INLAND,3,,152200,156493
-121.99,38.27,16,4138,758,1762,723,3.1979,,INLAND,3,,137500,150088
-118.22,33.92,32,1263,333,1789,346,1.9957,,<1H OCEAN,2,,89300,116381
-117.92,34.06,35,2894,467,1420,479,5.184,,<1H OCEAN,4,,224900,217799
-119.85,36.97,13,2872,477,1607,481,4.475,,INLAND,3,,102400,108289
-118.27,34.14,10,1060,332,1025,288,3.0074,,<1H OCEAN,3,,175000,219988
-122.66,38.27,16,1523,308,477,315,2.1696,,<1H OCEAN,2,,75000,164969
-118.48,34.04,49,3780,741,1435,690,4.3158,,<1H OCEAN,3,,500001,436684.39
-117.99,33.84,34,2079,343,1379,352,5.103,,<1H OCEAN,4,,207000,213974
-121.25,39.17,9,999,189,411,176,2.125,,INLAND,2,,151800,99346
-117.05,32.67,32,4227,785,2842,795,3.9646,,NEAR OCEAN,3,,137800,140856
-121.29,37.97,52,2995,555,1392,503,1.7794,,INLAND,2,,98800,85570
-117.08,33.82,6,1771,293,935,279,4.065,,INLAND,3,,148200,136190.01
-118.29,33.99,43,1902,398,1153,363,1.9375,,<1H OCEAN,2,,112900,104432
-121.06,39.22,52,1749,422,837,391,2.325,,INLAND,2,,109700,114530
-118.38,33.96,44,2395,458,1287,450,4.6923,,<1H OCEAN,4,,299000,323518
-117.18,32.78,21,4185,1018,3122,993,3.0481,,NEAR OCEAN,3,,210000,205121
-118.14,34.01,46,1746,447,1296,392,2.3929,,<1H OCEAN,2,,156800,171143
-122.34,37.59,44,1395,269,736,288,5.6206,,NEAR OCEAN,4,,386400,365159.11
-121.8,37.69,17,3956,639,2222,662,5.4324,,INLAND,4,,215500,205092
-122.58,38.08,27,10839,1637,4406,1623,5.615,,NEAR BAY,4,,285600,310122
-122.22,38.1,38,931,181,566,207,3.0221,,NEAR BAY,3,,93300,133431
-118.04,34.1,39,2302,412,1590,406,4.8017,,INLAND,4,,273800,261647
-118.21,33.83,38,793,193,601,187,2.8837,,NEAR OCEAN,2,,176100,187223
-118.27,34.24,30,2180,369,1050,390,6.3688,,<1H OCEAN,5,,277600,346368.03
-119.12,36.05,27,1575,321,1063,317,2.1477,,INLAND,2,,53900,62538
-118.11,33.75,24,1608,314,592,314,5.0926,,NEAR OCEAN,4,,390500,397819.32
-117.94,33.67,26,2552,314,925,323,8.1839,,<1H OCEAN,5,,367000,372235.12
-118.54,34.28,18,5481,780,2477,764,6.7248,,<1H OCEAN,5,,377200,322477.07
-122.04,37.35,28,3250,485,1328,473,7.4729,,<1H OCEAN,5,,431600,422205.17
-121.99,37.36,32,1754,324,917,330,4.6761,,<1H OCEAN,4,,298300,253287
-117.39,34.04,27,2919,549,1841,564,2.8682,,INLAND,2,,96400,107840
-122.23,37.79,43,5963,1344,4367,1231,2.1917,,NEAR BAY,2,,112800,198418.05
-121.54,38.58,30,4648,1252,2524,1089,1.3177,,INLAND,1,,74300,89835
-118.29,34.02,21,1641,491,1526,453,2.087,,<1H OCEAN,2,,141300,130621
-117.87,33.83,27,2287,,1140,351,5.6163,,<1H OCEAN,4,,231000,268863
-118.17,34.03,31,1014,252,1064,247,2.4167,,<1H OCEAN,2,,125500,143612
-121.24,38.78,11,1851,352,1049,369,3.5288,,INLAND,3,,141100,137115
-118.13,34.13,39,2099,397,1500,380,4.8304,,<1H OCEAN,4,,493200,275340.04
-117.09,32.76,29,1650,496,882,445,2.2287,,NEAR OCEAN,2,,140000,137160
-120.84,35.32,17,4197,802,1656,732,3.526,,NEAR OCEAN,3,,183900,275940
-121.85,37.26,16,2312,303,1158,295,7.4323,,<1H OCEAN,5,,311800,376939.19
-117.18,32.95,4,19001,2688,8980,2441,6.3237,,<1H OCEAN,5,,260900,281823.01
-116.45,33.8,9,5534,1206,2283,1008,3.6161,,INLAND,3,,99100,128529.01
-117.25,33,14,2518,458,931,414,5.8393,,NEAR OCEAN,4,,485300,364105.18
-122.13,37.68,43,1676,340,924,328,3.6,,NEAR BAY,3,,179400,178629
-121.94,37.34,42,2174,420,1304,464,3.1429,,<1H OCEAN,3,,286500,226121
-121.86,37.66,22,3634,664,1699,640,4.1597,,INLAND,3,,293200,202027
-117.76,34.06,30,1700,504,1719,459,2.227,,INLAND,2,,91900,114638
-117.02,32.7,22,2756,516,1849,486,4.1837,,NEAR OCEAN,3,,125400,145413
-124.01,40.97,21,1513,319,943,301,3.538,,<1H OCEAN,3,,102700,115338
-122.94,38.49,37,3169,719,777,344,2.7072,,<1H OCEAN,2,,117100,144466
-117.26,33.19,4,2342,595,1518,545,2.9469,,NEAR OCEAN,2,,216100,196834.01
-117.59,34.02,14,1463,261,881,245,4.7857,,INLAND,4,,152500,152193
-122.19,37.82,32,1835,264,635,263,8.317,,NEAR BAY,5,,365900,430480.17
-122.44,37.75,52,3114,637,1144,591,4,,NEAR BAY,3,,375000,351311
-118.28,34.01,46,441,167,621,144,1.8824,,<1H OCEAN,2,,162500,113355
-117.15,32.72,51,1321,,781,499,1.3071,,NEAR OCEAN,1,,250000,162277
-122.43,37.72,50,2912,562,1989,537,3.6667,,NEAR BAY,3,,252600,245639
-117.86,34.24,52,803,267,628,225,4.1932,,INLAND,3,,14999,220540
-121.45,37.72,2,2239,321,766,219,5.75,,INLAND,4,,240200,202638
-118.67,34.27,15,3221,659,1390,607,3.5313,,<1H OCEAN,3,,191800,206370
-118.32,34.09,44,2666,,2297,726,1.676,,<1H OCEAN,2,,208800,209748.01
-122.2,37.88,36,1065,160,398,155,7.7736,,NEAR BAY,5,,378100,403624.07
-117.07,32.69,29,1429,293,1091,317,3.4609,,NEAR OCEAN,3,,118000,121792
-120.9,39.95,20,1349,238,601,203,3.5417,,INLAND,3,,96600,103649
-118.48,34.26,36,1770,296,938,304,5.749,,<1H OCEAN,4,,238000,245656
-118.54,34.22,34,2193,513,1299,497,3.6187,,<1H OCEAN,3,,211600,217832
-121.84,37.66,13,13182,2074,4847,1950,5.6417,,INLAND,4,,352900,240564
-119.69,36.38,25,1688,302,879,277,3.3214,,INLAND,3,,103100,92626
-118.11,33.92,32,1016,190,729,177,4.3,,<1H OCEAN,3,,151300,184597
-120.69,36.84,18,902,195,771,174,2.2083,,INLAND,2,,55000,77633
-118.23,33.76,21,49,14,29,16,5,,NEAR OCEAN,4,,87500,310842.13
-122.27,37.78,45,1169,263,723,286,3.9444,,NEAR BAY,3,,212900,218101
-117.72,33.53,14,1672,295,704,293,5.1129,,<1H OCEAN,4,,251300,301489.08
-117.18,32.69,37,3112,716,1304,674,3.2121,,NEAR OCEAN,3,,320800,325512.12
-119.78,36.31,14,1287,291,737,269,3.1667,,INLAND,3,,126400,85574
-122.22,37.77,40,494,114,547,135,2.8015,,NEAR BAY,2,,114800,126180
-119.56,36.1,25,1093,262,893,252,2.13,,INLAND,2,,50800,59792
-118.27,34,43,1258,381,1276,358,1.8917,,<1H OCEAN,2,,106900,107460
-121.79,38.01,17,4032,814,1749,618,3.1728,,INLAND,3,,146800,150528
-118.49,34.01,28,651,252,333,174,1.9722,,<1H OCEAN,2,,500001,304117
-121.77,37.68,44,495,112,277,109,2.6667,,INLAND,2,,179200,156586
-118.39,34.28,24,4694,820,3566,777,4.4818,,<1H OCEAN,3,,166200,198434.01
-118.02,33.83,26,3616,892,2257,821,3.1497,,<1H OCEAN,3,,217600,195464
-118.21,33.79,44,121,29,153,30,2.1964,,NEAR OCEAN,2,,150000,163946.03
-121.44,38.58,42,2334,435,892,446,3.0208,,INLAND,3,,148800,98318
-117.86,33.87,19,1591,279,891,237,5.6573,,<1H OCEAN,4,,216000,256829
-118.35,34.08,52,2877,721,1186,704,3.2645,,<1H OCEAN,3,,175000,339819.05
-122.38,40.54,36,1216,240,647,228,2.6944,,INLAND,2,,75300,97519
-119.79,34.44,25,1479,314,977,309,4.1797,,NEAR OCEAN,3,,271800,284251.02
-121.27,37.96,52,583,114,310,93,2.5625,,INLAND,2,,54200,95497
-120.02,39.24,32,1347,444,825,303,1.8269,,INLAND,2,,225000,95942
-120.15,39.2,14,1382,242,141,66,4.1016,,INLAND,3,,283300,185106.02
-118.31,33.88,32,2421,671,1491,587,3.5644,,<1H OCEAN,3,,242300,240319
-117.99,34,26,2988,397,1371,415,6.6988,,<1H OCEAN,5,,382500,335253.06
-122,38.23,1,2062,343,872,268,5.2636,,INLAND,4,,191300,171470
-122.07,37.91,28,1731,295,810,295,5.0391,,NEAR BAY,4,,259800,253389
-117.42,34.1,18,3977,809,2231,742,4.1399,,INLAND,3,,115400,137315
-118.14,34.01,42,1973,510,1841,502,2.5326,,<1H OCEAN,2,,156500,171584
-118.46,34.42,25,2988,525,1884,513,4.7007,,<1H OCEAN,4,,169500,203912
-117.31,34.44,10,1731,299,1056,312,3.6007,,INLAND,3,,104000,125538
-121.89,37.67,19,2034,288,852,295,6.5285,,INLAND,5,,300400,287578
-117.21,33.95,5,8403,1240,3962,1150,5.2174,,INLAND,4,,155500,182764
-121.65,39.32,40,812,154,374,142,2.7891,,INLAND,2,,73500,99978
-118.18,33.82,52,2618,472,943,440,3.7895,,NEAR OCEAN,3,,254000,258631.02
-117.83,33.77,26,4931,853,2249,818,4.275,,<1H OCEAN,3,,285400,245997
-117.2,32.85,26,2298,549,980,555,2.4207,,NEAR OCEAN,2,,213500,212312.01
-122.32,37.92,28,4649,977,2606,953,3.2674,,NEAR BAY,3,,129100,224966.04
-118.36,34.17,44,2295,560,1543,528,2.3851,,<1H OCEAN,2,,194100,218901
-118.38,33.84,25,5775,1149,2637,1117,5.4968,,<1H OCEAN,4,,379800,360772.02
-122.08,37.37,29,1229,,707,194,7.1108,,NEAR BAY,5,,465000,434159.48
-117.7,33.57,9,1204,355,469,293,3.6196,,<1H OCEAN,3,,119900,269081.18
-121.88,37.4,9,6751,,4240,1438,5.34,,<1H OCEAN,4,,257400,247208.01
-121.43,39.18,36,1124,184,504,171,2.1667,,INLAND,2,,93800,84352
-117.32,33.22,15,4784,1039,1810,986,2.4375,,NEAR OCEAN,2,,108900,161452
-117.32,34.19,6,1068,182,999,188,4.7222,,INLAND,4,,109000,136997
-118.01,33.88,19,1434,391,1088,341,3.369,,<1H OCEAN,3,,269600,179028
-118.16,33.78,52,3248,853,1819,815,3.1739,,NEAR OCEAN,3,,222900,279133.01
-118.29,34.18,10,4292,1075,2719,987,3.6974,,<1H OCEAN,3,,286600,243609
-119.14,34.17,16,1593,353,836,357,2.726,,NEAR OCEAN,2,,67500,261953.04
-118.25,33.89,41,1476,286,1086,278,2.4632,,<1H OCEAN,2,,111700,96832
-121.07,39.05,10,1813,311,827,287,3.6087,,INLAND,3,,182100,161444
-120.71,37.39,40,680,160,785,175,2.6058,,INLAND,2,,72700,99105
-117.16,32.73,52,1682,617,873,534,2.0972,,NEAR OCEAN,2,,112500,174950
-121.34,38.57,14,5737,1008,2731,983,4.4602,,INLAND,3,,134500,160353
-117.24,32.8,18,2205,661,874,580,3.8018,,NEAR OCEAN,3,,112500,241723
-116.57,35.43,8,9975,1743,6835,1439,2.7138,,INLAND,2,,22500,92878
-117.96,33.75,22,2300,539,1625,542,2.78,,<1H OCEAN,2,,196300,190692
-121.83,37.34,26,1848,339,1952,327,4.087,,<1H OCEAN,3,,182500,159767
-118.29,34.09,52,1272,322,984,353,1.9063,,<1H OCEAN,2,,261600,223917.01
-120.94,40.14,31,3127,664,1345,580,1.5774,,INLAND,2,,58000,66458
-117.97,33.82,26,2335,504,1121,502,2.9891,,<1H OCEAN,2,,205200,213939
-122.43,37.8,52,2994,821,1240,779,3.3715,,NEAR BAY,3,,500000,478337.75
-117.85,34,26,2712,402,1389,377,5.6513,,<1H OCEAN,4,,227900,251305
-117.85,33.81,26,4186,767,2447,777,4.9917,,<1H OCEAN,4,,248100,241461.01
-122.49,38.32,30,1631,284,788,284,3.3098,,<1H OCEAN,3,,195500,188445
-118.51,34.16,23,11154,1995,4076,1809,5.4609,,<1H OCEAN,4,,500001,396390.35
-119.99,38.88,17,2807,529,675,251,2.7457,,INLAND,2,,107800,119933
-118.32,34.2,36,759,136,372,135,4.9886,,<1H OCEAN,4,,328900,246093.02
-118.09,33.82,36,2219,393,1042,396,5.2299,,<1H OCEAN,4,,239800,234421
-122.08,37.63,37,1793,364,1534,346,3.6458,,NEAR BAY,3,,156600,166063
-121.25,37.92,19,2109,427,1742,426,2.4097,,INLAND,2,,66000,98309
-117.69,33.53,17,5041,778,2396,801,6.0868,,<1H OCEAN,5,,282900,280936
-117.99,33.72,26,1787,275,801,270,5.5514,,<1H OCEAN,4,,255700,240417
-118.15,34,32,3218,739,2368,730,3.1406,,<1H OCEAN,3,,175300,216077
-121,35.94,16,3077,628,1479,536,3.3724,,<1H OCEAN,3,,114600,181622
-117.14,33.23,11,4068,829,918,500,3.1272,,<1H OCEAN,3,,281300,203706
-118.31,34.1,40,4984,2158,4828,2028,1.6903,,<1H OCEAN,2,,350000,241661.05
-117.71,33.62,22,2520,387,1338,391,5.8898,,<1H OCEAN,4,,242800,286618.03
-117.84,34.11,17,3499,621,1911,621,4.8894,,INLAND,4,,191700,207184
-122.08,37.08,35,1541,297,791,277,4.425,,NEAR OCEAN,3,,204800,230289.01
-118.43,34.17,37,1982,331,794,340,5.9275,,<1H OCEAN,4,,336900,396902.11
-117.64,33.68,4,5687,970,2677,938,6.5069,,<1H OCEAN,5,,243400,296932.01
-118.27,33.86,29,2587,489,2115,475,3.7466,,<1H OCEAN,3,,168600,180374
-117.05,33.01,17,3430,425,1468,433,10.6186,,<1H OCEAN,5,,429300,464362.63
-118.17,33.94,17,1145,209,499,202,4.6389,,<1H OCEAN,4,,165500,186009
-122.28,37.8,52,96,31,191,34,0.75,,NEAR BAY,1,,162500,208874.11
-122.28,37.53,15,5417,1199,2593,1098,4.8047,,NEAR OCEAN,4,,438000,346651.14
-118.47,34.05,22,5215,1193,2048,1121,4.7009,,<1H OCEAN,4,,500001,463434.6
-122.28,37.54,24,5114,1357,3169,1268,3.9699,,NEAR OCEAN,3,,293200,305098.02
-122.03,37.35,25,3095,514,1251,507,5.5388,,<1H OCEAN,4,,352100,331629.01
-117.24,32.81,33,1588,289,683,301,5.4103,,NEAR OCEAN,4,,332400,316629.18
-122.29,37.89,52,3171,698,1498,696,3.1795,,NEAR BAY,3,,218200,237925.01
-118.87,34.23,14,4242,746,1858,689,6.0145,,<1H OCEAN,5,,287100,334814.02
-119.45,35.07,45,973,183,500,177,2.6389,,INLAND,2,,30000,83988
-121.64,37.85,22,1999,415,967,320,4.4583,,INLAND,3,,253900,193964
-120.01,34.54,30,2992,609,1288,465,3.9375,,NEAR OCEAN,3,,292900,274215.01
-117.26,33.05,14,2323,373,1057,372,6.2513,,NEAR OCEAN,5,,240900,316684.05
-122.31,38.32,35,3997,762,2074,703,3.285,,NEAR BAY,3,,138100,156502
-119.35,36.33,14,1195,220,568,229,3.1486,,INLAND,3,,105600,93985
-117.8,33.78,17,4138,805,2442,780,4.7804,,<1H OCEAN,4,,242000,209137
-116.51,33.94,12,3369,780,1315,584,1.7388,,INLAND,2,,66000,83617
-121.32,37.95,40,964,230,742,209,1.2625,,INLAND,1,,43000,68953
-119.08,35.39,10,6435,1040,3242,1030,5.575,,INLAND,4,,132200,164315
-116.96,32.79,17,5236,1325,3308,1233,2.3221,,<1H OCEAN,2,,138800,136660
-118.21,34.11,32,2759,499,1661,533,4.3812,,<1H OCEAN,3,,228200,241561.03
-117.8,33.68,8,2032,349,862,340,6.9133,,<1H OCEAN,5,,274100,310480.01
-121.6,39.75,19,2888,591,984,499,1.9766,,INLAND,2,,92600,82961
-117.3,34.1,44,589,130,504,137,1.775,,INLAND,2,,63400,68765
-118.34,33.95,33,1923,459,1412,361,5.4359,,<1H OCEAN,4,,194100,265651.01
-122.45,37.74,46,6429,1093,2535,1109,5.0887,,NEAR BAY,4,,335100,374585.14
-121.76,36.91,23,1276,437,1359,376,1.9609,,<1H OCEAN,2,,155000,134400
-118.33,34.04,52,2545,401,1004,372,3.6373,,<1H OCEAN,3,,420000,201415.02
-122.54,37.7,36,3988,732,1793,708,4.2472,,NEAR OCEAN,3,,292500,309763
-117.57,34.13,5,6135,879,2795,781,5.9369,,INLAND,4,,225200,217112
-118.19,34.08,38,1241,298,1055,263,2.3409,,<1H OCEAN,2,,115500,152802
-118.24,34.12,34,80,26,125,35,0.8907,,<1H OCEAN,1,,154200,259363.09
-121.29,37.89,26,161,27,1542,30,5.7485,,INLAND,4,,162500,235295
-122.43,37.66,43,1769,387,1102,377,4.5493,,NEAR OCEAN,4,,281500,257405
-122.72,38.88,29,2781,,890,310,1.9906,,INLAND,2,,96600,94204
-117.31,33.75,19,3173,678,2204,606,2.1484,,<1H OCEAN,2,,129200,130549
-121.68,37.98,19,3388,599,1707,575,3.6411,,INLAND,3,,162800,158046
-117.11,32.9,16,2043,388,705,352,4.4766,,<1H OCEAN,3,,161500,175976
-117.64,34.08,37,2576,468,1284,428,3.3958,,INLAND,3,,130400,128161
-122.1,37.61,35,2361,458,1727,467,4.5281,,NEAR BAY,4,,173600,198263
-117.89,34.11,27,2434,535,1623,498,3.6875,,<1H OCEAN,3,,140200,164117
-117.89,34.13,34,2159,386,1443,385,4.1995,,<1H OCEAN,3,,147400,169034.01
-121.21,37.5,34,294,49,147,47,3,,INLAND,2,,162500,151518
-120.85,37.78,15,3553,659,1684,611,3.3169,,INLAND,3,,131200,139421
-117.93,34.08,36,1597,285,901,272,4.3947,,<1H OCEAN,3,,197000,188689
-120.22,38.05,14,3803,689,1129,477,2.7188,,INLAND,2,,137000,124570
-117.21,32.75,15,1716,702,914,672,1.0612,,NEAR OCEAN,1,,300000,170671.01
-118.16,33.92,44,1368,277,899,271,3.5938,,<1H OCEAN,3,,161300,177449
-119.2,34.18,22,6465,1397,2694,1370,2.9832,,NEAR OCEAN,2,,165600,209974
-119.89,36.64,34,1422,237,716,222,2.975,,INLAND,2,,90000,80524
-122.16,37.79,22,12842,2048,4985,1967,5.9849,,NEAR BAY,4,,371000,293635
-118.4,34.03,36,1831,296,871,269,8.1484,,<1H OCEAN,5,,500001,497520.93
-119.63,36.33,14,2928,600,1633,559,1.8385,,INLAND,2,,67500,61646
-118.29,33.88,32,2307,493,1754,528,4.317,,<1H OCEAN,3,,232800,215618
-122.48,37.57,34,4648,806,2282,814,4.5556,,NEAR OCEAN,4,,249000,357246.06
-122.11,39.82,27,1065,214,508,198,2.625,,INLAND,2,,91700,83287
-117.29,33.72,19,2248,427,1207,368,2.817,,<1H OCEAN,2,,110000,151758
-118.24,33.99,33,885,294,1270,282,2.1615,,<1H OCEAN,2,,118800,110368
-119.72,34.44,43,1781,342,663,358,4.7,,<1H OCEAN,4,,293800,355052.18
-117.91,33.63,30,2071,412,1081,412,4.9125,,<1H OCEAN,4,,335700,316474.08
-118.56,34.19,36,2600,441,1246,426,4.1111,,<1H OCEAN,3,,215600,223000
